ISO-10303-21;
HEADER;
FILE_DESCRIPTION(('KiCad electronic assembly'),'2;1');
FILE_NAME('ATTiny412 LED ctrl.step','2026-09-27T10:27:17',('Pcbnew'),(
    'Kicad'),'Open CASCADE STEP processor 7.9','KiCad to STEP converter'
  ,'Unknown');
FILE_SCHEMA(('AUTOMOTIVE_DESIGN { 1 0 10303 214 1 1 1 1 }'));
ENDSEC;
DATA;
#1 = APPLICATION_PROTOCOL_DEFINITION('international standard',
  'automotive_design',2000,#2);
#2 = APPLICATION_CONTEXT(
  'core data for automotive mechanical design processes');
#3 = SHAPE_DEFINITION_REPRESENTATION(#4,#10);
#4 = PRODUCT_DEFINITION_SHAPE('','',#5);
#5 = PRODUCT_DEFINITION('design','',#6,#9);
#6 = PRODUCT_DEFINITION_FORMATION('','',#7);
#7 = PRODUCT('ATTiny412 LED ctrl 1','ATTiny412 LED ctrl 1','',(#8));
#8 = PRODUCT_CONTEXT('',#2,'mechanical');
#9 = PRODUCT_DEFINITION_CONTEXT('part definition',#2,'design');
#10 = SHAPE_REPRESENTATION('',(#11,#15,#19,#23,#27,#31,#35),#39);
#11 = AXIS2_PLACEMENT_3D('',#12,#13,#14);
#12 = CARTESIAN_POINT('',(0.,0.,0.));
#13 = DIRECTION('',(0.,0.,1.));
#14 = DIRECTION('',(1.,0.,-0.));
#15 = AXIS2_PLACEMENT_3D('',#16,#17,#18);
#16 = CARTESIAN_POINT('',(158.75,-116.755,1.595));
#17 = DIRECTION('',(0.,0.,1.));
#18 = DIRECTION('',(1.,0.,0.));
#19 = AXIS2_PLACEMENT_3D('',#20,#21,#22);
#20 = CARTESIAN_POINT('',(157.455,-123.,1.595));
#21 = DIRECTION('',(0.,0.,1.));
#22 = DIRECTION('',(1.,0.,0.));
#23 = AXIS2_PLACEMENT_3D('',#24,#25,#26);
#24 = CARTESIAN_POINT('',(153.475,-121.965,1.595));
#25 = DIRECTION('',(0.,-0.,1.));
#26 = DIRECTION('',(1.110223024625E-16,1.,0.));
#27 = AXIS2_PLACEMENT_3D('',#28,#29,#30);
#28 = CARTESIAN_POINT('',(164.1,-114.63,1.595));
#29 = DIRECTION('',(-0.,0.,1.));
#30 = DIRECTION('',(1.110223024625E-16,-1.,0.));
#31 = AXIS2_PLACEMENT_3D('',#32,#33,#34);
#32 = CARTESIAN_POINT('',(158.75,-110.155,1.595));
#33 = DIRECTION('',(0.,0.,1.));
#34 = DIRECTION('',(1.,0.,0.));
#35 = AXIS2_PLACEMENT_3D('',#36,#37,#38);
#36 = CARTESIAN_POINT('',(0.,0.,0.));
#37 = DIRECTION('',(0.,0.,1.));
#38 = DIRECTION('',(1.,0.,-0.));
#39 = ( GEOMETRIC_REPRESENTATION_CONTEXT(3) 
GLOBAL_UNCERTAINTY_ASSIGNED_CONTEXT((#43)) GLOBAL_UNIT_ASSIGNED_CONTEXT(
(#40,#41,#42)) REPRESENTATION_CONTEXT('Context #1',
  '3D Context with UNIT and UNCERTAINTY') );
#40 = ( LENGTH_UNIT() NAMED_UNIT(*) SI_UNIT(.MILLI.,.METRE.) );
#41 = ( NAMED_UNIT(*) PLANE_ANGLE_UNIT() SI_UNIT($,.RADIAN.) );
#42 = ( NAMED_UNIT(*) SI_UNIT($,.STERADIAN.) SOLID_ANGLE_UNIT() );
#43 = UNCERTAINTY_MEASURE_WITH_UNIT(LENGTH_MEASURE(1.E-07),#40,
  'distance_accuracy_value','confusion accuracy');
#44 = PRODUCT_RELATED_PRODUCT_CATEGORY('part',$,(#7));
#45 = SHAPE_DEFINITION_REPRESENTATION(#46,#52);
#46 = PRODUCT_DEFINITION_SHAPE('','',#47);
#47 = PRODUCT_DEFINITION('design','',#48,#51);
#48 = PRODUCT_DEFINITION_FORMATION('','',#49);
#49 = PRODUCT('SW_SPST_PTS647Sx38','SW_SPST_PTS647Sx38','',(#50));
#50 = PRODUCT_CONTEXT('',#2,'mechanical');
#51 = PRODUCT_DEFINITION_CONTEXT('part definition',#2,'design');
#52 = SHAPE_REPRESENTATION('',(#11,#53),#57);
#53 = AXIS2_PLACEMENT_3D('',#54,#55,#56);
#54 = CARTESIAN_POINT('',(0.,0.,0.));
#55 = DIRECTION('',(0.,0.,1.));
#56 = DIRECTION('',(1.,0.,-0.));
#57 = ( GEOMETRIC_REPRESENTATION_CONTEXT(3) 
GLOBAL_UNCERTAINTY_ASSIGNED_CONTEXT((#61)) GLOBAL_UNIT_ASSIGNED_CONTEXT(
(#58,#59,#60)) REPRESENTATION_CONTEXT('Context #1',
  '3D Context with UNIT and UNCERTAINTY') );
#58 = ( LENGTH_UNIT() NAMED_UNIT(*) SI_UNIT(.MILLI.,.METRE.) );
#59 = ( NAMED_UNIT(*) PLANE_ANGLE_UNIT() SI_UNIT($,.RADIAN.) );
#60 = ( NAMED_UNIT(*) SI_UNIT($,.STERADIAN.) SOLID_ANGLE_UNIT() );
#61 = UNCERTAINTY_MEASURE_WITH_UNIT(LENGTH_MEASURE(1.E-07),#58,
  'distance_accuracy_value','confusion accuracy');
#62 = CONTEXT_DEPENDENT_SHAPE_REPRESENTATION(#63,#65);
#63 = ( REPRESENTATION_RELATIONSHIP('','',#52,#10) 
REPRESENTATION_RELATIONSHIP_WITH_TRANSFORMATION(#64) 
SHAPE_REPRESENTATION_RELATIONSHIP() );
#64 = ITEM_DEFINED_TRANSFORMATION('','',#11,#15);
#65 = PRODUCT_DEFINITION_SHAPE('Placement','Placement of an item',#66);
#66 = NEXT_ASSEMBLY_USAGE_OCCURRENCE('2','SW1','',#5,#47,$);
#67 = PRODUCT_RELATED_PRODUCT_CATEGORY('part',$,(#49));
#68 = SHAPE_DEFINITION_REPRESENTATION(#69,#75);
#69 = PRODUCT_DEFINITION_SHAPE('','',#70);
#70 = PRODUCT_DEFINITION('design','',#71,#74);
#71 = PRODUCT_DEFINITION_FORMATION('','',#72);
#72 = PRODUCT('SW_SPST_PTS647Sx38','SW_SPST_PTS647Sx38','',(#73));
#73 = PRODUCT_CONTEXT('',#2,'mechanical');
#74 = PRODUCT_DEFINITION_CONTEXT('part definition',#2,'design');
#75 = SHAPE_REPRESENTATION('',(#11,#76,#465,#854,#1243,#1632,#1718,#2404
    ,#3261,#3340,#3426,#3512),#3598);
#76 = MANIFOLD_SOLID_BREP('',#77);
#77 = CLOSED_SHELL('',(#78,#120,#151,#184,#215,#246,#277,#308,#341,#372,
    #405,#427,#446));
#78 = ADVANCED_FACE('',(#79),#115,.T.);
#79 = FACE_BOUND('',#80,.T.);
#80 = EDGE_LOOP('',(#81,#92,#100,#109));
#81 = ORIENTED_EDGE('',*,*,#82,.T.);
#82 = EDGE_CURVE('',#83,#85,#87,.T.);
#83 = VERTEX_POINT('',#84);
#84 = CARTESIAN_POINT('',(-2.25,-1.25,1.1));
#85 = VERTEX_POINT('',#86);
#86 = CARTESIAN_POINT('',(-2.58714781981,-1.25,0.823200665191));
#87 = CIRCLE('',#88,0.343726483817);
#88 = AXIS2_PLACEMENT_3D('',#89,#90,#91);
#89 = CARTESIAN_POINT('',(-2.25,-1.25,0.756273516183));
#90 = DIRECTION('',(0.,-1.,-2.2E-16));
#91 = DIRECTION('',(1.,0.,0.));
#92 = ORIENTED_EDGE('',*,*,#93,.T.);
#93 = EDGE_CURVE('',#85,#94,#96,.T.);
#94 = VERTEX_POINT('',#95);
#95 = CARTESIAN_POINT('',(-2.58714781981,-1.95,0.823200665191));
#96 = LINE('',#97,#98);
#97 = CARTESIAN_POINT('',(-2.58714781981,-1.25,0.823200665191));
#98 = VECTOR('',#99,1.);
#99 = DIRECTION('',(0.,-1.,2.2E-16));
#100 = ORIENTED_EDGE('',*,*,#101,.F.);
#101 = EDGE_CURVE('',#102,#94,#104,.T.);
#102 = VERTEX_POINT('',#103);
#103 = CARTESIAN_POINT('',(-2.25,-1.95,1.1));
#104 = CIRCLE('',#105,0.343726483817);
#105 = AXIS2_PLACEMENT_3D('',#106,#107,#108);
#106 = CARTESIAN_POINT('',(-2.25,-1.95,0.756273516183));
#107 = DIRECTION('',(0.,-1.,-2.2E-16));
#108 = DIRECTION('',(1.,0.,0.));
#109 = ORIENTED_EDGE('',*,*,#110,.F.);
#110 = EDGE_CURVE('',#83,#102,#111,.T.);
#111 = LINE('',#112,#113);
#112 = CARTESIAN_POINT('',(-2.25,-1.25,1.1));
#113 = VECTOR('',#114,1.);
#114 = DIRECTION('',(0.,-1.,2.2E-16));
#115 = CYLINDRICAL_SURFACE('',#116,0.343726483817);
#116 = AXIS2_PLACEMENT_3D('',#117,#118,#119);
#117 = CARTESIAN_POINT('',(-2.25,-1.25,0.756273516183));
#118 = DIRECTION('',(0.,1.,-2.2E-16));
#119 = DIRECTION('',(1.,0.,0.));
#120 = ADVANCED_FACE('',(#121),#146,.F.);
#121 = FACE_BOUND('',#122,.F.);
#122 = EDGE_LOOP('',(#123,#124,#132,#140));
#123 = ORIENTED_EDGE('',*,*,#93,.T.);
#124 = ORIENTED_EDGE('',*,*,#125,.T.);
#125 = EDGE_CURVE('',#94,#126,#128,.T.);
#126 = VERTEX_POINT('',#127);
#127 = CARTESIAN_POINT('',(-2.645889,-1.95,0.368878));
#128 = LINE('',#129,#130);
#129 = CARTESIAN_POINT('',(-2.58714781981,-1.95,0.823200665191));
#130 = VECTOR('',#131,1.);
#131 = DIRECTION('',(-0.128226632445,2.199999999999E-16,-0.991744891962)
  );
#132 = ORIENTED_EDGE('',*,*,#133,.F.);
#133 = EDGE_CURVE('',#134,#126,#136,.T.);
#134 = VERTEX_POINT('',#135);
#135 = CARTESIAN_POINT('',(-2.645889,-1.25,0.368878));
#136 = LINE('',#137,#138);
#137 = CARTESIAN_POINT('',(-2.645889,-1.25,0.368878));
#138 = VECTOR('',#139,1.);
#139 = DIRECTION('',(0.,-1.,2.2E-16));
#140 = ORIENTED_EDGE('',*,*,#141,.F.);
#141 = EDGE_CURVE('',#85,#134,#142,.T.);
#142 = LINE('',#143,#144);
#143 = CARTESIAN_POINT('',(-2.58714781981,-1.25,0.823200665191));
#144 = VECTOR('',#145,1.);
#145 = DIRECTION('',(-0.128226632445,2.199999999999E-16,-0.991744891962)
  );
#146 = PLANE('',#147);
#147 = AXIS2_PLACEMENT_3D('',#148,#149,#150);
#148 = CARTESIAN_POINT('',(-2.58714781981,-1.25,0.823200665191));
#149 = DIRECTION('',(0.991744891962,-2.999999999999E-17,-0.128226632445)
  );
#150 = DIRECTION('',(-0.128226632445,-2.199999999999E-16,-0.991744891962
    ));
#151 = ADVANCED_FACE('',(#152),#179,.F.);
#152 = FACE_BOUND('',#153,.F.);
#153 = EDGE_LOOP('',(#154,#163,#164,#173));
#154 = ORIENTED_EDGE('',*,*,#155,.T.);
#155 = EDGE_CURVE('',#156,#134,#158,.T.);
#156 = VERTEX_POINT('',#157);
#157 = CARTESIAN_POINT('',(-2.733565316038,-1.25,0.3));
#158 = CIRCLE('',#159,7.956495531162E-02);
#159 = AXIS2_PLACEMENT_3D('',#160,#161,#162);
#160 = CARTESIAN_POINT('',(-2.724797138009,-1.25,0.37908034628));
#161 = DIRECTION('',(0.,-1.,-2.2E-16));
#162 = DIRECTION('',(1.,0.,0.));
#163 = ORIENTED_EDGE('',*,*,#133,.T.);
#164 = ORIENTED_EDGE('',*,*,#165,.F.);
#165 = EDGE_CURVE('',#166,#126,#168,.T.);
#166 = VERTEX_POINT('',#167);
#167 = CARTESIAN_POINT('',(-2.733565316038,-1.95,0.3));
#168 = CIRCLE('',#169,7.956495531162E-02);
#169 = AXIS2_PLACEMENT_3D('',#170,#171,#172);
#170 = CARTESIAN_POINT('',(-2.724797138009,-1.95,0.37908034628));
#171 = DIRECTION('',(0.,-1.,-2.2E-16));
#172 = DIRECTION('',(1.,0.,0.));
#173 = ORIENTED_EDGE('',*,*,#174,.F.);
#174 = EDGE_CURVE('',#156,#166,#175,.T.);
#175 = LINE('',#176,#177);
#176 = CARTESIAN_POINT('',(-2.733565316038,-1.25,0.3));
#177 = VECTOR('',#178,1.);
#178 = DIRECTION('',(0.,-1.,2.2E-16));
#179 = CYLINDRICAL_SURFACE('',#180,7.956495531162E-02);
#180 = AXIS2_PLACEMENT_3D('',#181,#182,#183);
#181 = CARTESIAN_POINT('',(-2.724797138009,-1.25,0.37908034628));
#182 = DIRECTION('',(0.,1.,-2.2E-16));
#183 = DIRECTION('',(1.,0.,0.));
#184 = ADVANCED_FACE('',(#185),#210,.F.);
#185 = FACE_BOUND('',#186,.F.);
#186 = EDGE_LOOP('',(#187,#188,#196,#204));
#187 = ORIENTED_EDGE('',*,*,#174,.T.);
#188 = ORIENTED_EDGE('',*,*,#189,.T.);
#189 = EDGE_CURVE('',#166,#190,#192,.T.);
#190 = VERTEX_POINT('',#191);
#191 = CARTESIAN_POINT('',(-3.25,-1.95,0.3));
#192 = LINE('',#193,#194);
#193 = CARTESIAN_POINT('',(-2.733565316038,-1.95,0.3));
#194 = VECTOR('',#195,1.);
#195 = DIRECTION('',(-1.,0.,0.));
#196 = ORIENTED_EDGE('',*,*,#197,.F.);
#197 = EDGE_CURVE('',#198,#190,#200,.T.);
#198 = VERTEX_POINT('',#199);
#199 = CARTESIAN_POINT('',(-3.25,-1.25,0.3));
#200 = LINE('',#201,#202);
#201 = CARTESIAN_POINT('',(-3.25,-1.25,0.3));
#202 = VECTOR('',#203,1.);
#203 = DIRECTION('',(0.,-1.,2.2E-16));
#204 = ORIENTED_EDGE('',*,*,#205,.F.);
#205 = EDGE_CURVE('',#156,#198,#206,.T.);
#206 = LINE('',#207,#208);
#207 = CARTESIAN_POINT('',(-2.733565316038,-1.25,0.3));
#208 = VECTOR('',#209,1.);
#209 = DIRECTION('',(-1.,0.,0.));
#210 = PLANE('',#211);
#211 = AXIS2_PLACEMENT_3D('',#212,#213,#214);
#212 = CARTESIAN_POINT('',(-2.733565316038,-1.25,0.3));
#213 = DIRECTION('',(0.,-2.2E-16,-1.));
#214 = DIRECTION('',(-1.,-0.,0.));
#215 = ADVANCED_FACE('',(#216),#241,.T.);
#216 = FACE_BOUND('',#217,.T.);
#217 = EDGE_LOOP('',(#218,#228,#234,#235));
#218 = ORIENTED_EDGE('',*,*,#219,.T.);
#219 = EDGE_CURVE('',#220,#222,#224,.T.);
#220 = VERTEX_POINT('',#221);
#221 = CARTESIAN_POINT('',(-3.25,-1.25,0.));
#222 = VERTEX_POINT('',#223);
#223 = CARTESIAN_POINT('',(-3.25,-1.95,0.));
#224 = LINE('',#225,#226);
#225 = CARTESIAN_POINT('',(-3.25,-1.25,0.));
#226 = VECTOR('',#227,1.);
#227 = DIRECTION('',(0.,-1.,2.2E-16));
#228 = ORIENTED_EDGE('',*,*,#229,.T.);
#229 = EDGE_CURVE('',#222,#190,#230,.T.);
#230 = LINE('',#231,#232);
#231 = CARTESIAN_POINT('',(-3.25,-1.95,-1.110223024625E-16));
#232 = VECTOR('',#233,1.);
#233 = DIRECTION('',(0.,-2.2E-16,1.));
#234 = ORIENTED_EDGE('',*,*,#197,.F.);
#235 = ORIENTED_EDGE('',*,*,#236,.F.);
#236 = EDGE_CURVE('',#220,#198,#237,.T.);
#237 = LINE('',#238,#239);
#238 = CARTESIAN_POINT('',(-3.25,-1.25,0.));
#239 = VECTOR('',#240,1.);
#240 = DIRECTION('',(0.,-2.2E-16,1.));
#241 = PLANE('',#242);
#242 = AXIS2_PLACEMENT_3D('',#243,#244,#245);
#243 = CARTESIAN_POINT('',(-3.25,-1.25,0.));
#244 = DIRECTION('',(-1.,0.,0.));
#245 = DIRECTION('',(0.,2.2E-16,1.));
#246 = ADVANCED_FACE('',(#247),#272,.T.);
#247 = FACE_BOUND('',#248,.T.);
#248 = EDGE_LOOP('',(#249,#259,#265,#266));
#249 = ORIENTED_EDGE('',*,*,#250,.T.);
#250 = EDGE_CURVE('',#251,#253,#255,.T.);
#251 = VERTEX_POINT('',#252);
#252 = CARTESIAN_POINT('',(-2.772049,-1.25,0.));
#253 = VERTEX_POINT('',#254);
#254 = CARTESIAN_POINT('',(-2.772049,-1.95,0.));
#255 = LINE('',#256,#257);
#256 = CARTESIAN_POINT('',(-2.772049,-1.25,0.));
#257 = VECTOR('',#258,1.);
#258 = DIRECTION('',(0.,-1.,2.2E-16));
#259 = ORIENTED_EDGE('',*,*,#260,.T.);
#260 = EDGE_CURVE('',#253,#222,#261,.T.);
#261 = LINE('',#262,#263);
#262 = CARTESIAN_POINT('',(-2.772049,-1.95,-1.110223024625E-16));
#263 = VECTOR('',#264,1.);
#264 = DIRECTION('',(-1.,0.,0.));
#265 = ORIENTED_EDGE('',*,*,#219,.F.);
#266 = ORIENTED_EDGE('',*,*,#267,.F.);
#267 = EDGE_CURVE('',#251,#220,#268,.T.);
#268 = LINE('',#269,#270);
#269 = CARTESIAN_POINT('',(-2.772049,-1.25,0.));
#270 = VECTOR('',#271,1.);
#271 = DIRECTION('',(-1.,0.,0.));
#272 = PLANE('',#273);
#273 = AXIS2_PLACEMENT_3D('',#274,#275,#276);
#274 = CARTESIAN_POINT('',(-2.772049,-1.25,0.));
#275 = DIRECTION('',(0.,-2.2E-16,-1.));
#276 = DIRECTION('',(-1.,-0.,0.));
#277 = ADVANCED_FACE('',(#278),#303,.T.);
#278 = FACE_BOUND('',#279,.T.);
#279 = EDGE_LOOP('',(#280,#290,#296,#297));
#280 = ORIENTED_EDGE('',*,*,#281,.T.);
#281 = EDGE_CURVE('',#282,#284,#286,.T.);
#282 = VERTEX_POINT('',#283);
#283 = CARTESIAN_POINT('',(-2.749780246866,-1.25,0.));
#284 = VERTEX_POINT('',#285);
#285 = CARTESIAN_POINT('',(-2.749780246866,-1.95,0.));
#286 = LINE('',#287,#288);
#287 = CARTESIAN_POINT('',(-2.749780246866,-1.25,0.));
#288 = VECTOR('',#289,1.);
#289 = DIRECTION('',(0.,-1.,2.2E-16));
#290 = ORIENTED_EDGE('',*,*,#291,.T.);
#291 = EDGE_CURVE('',#284,#253,#292,.T.);
#292 = LINE('',#293,#294);
#293 = CARTESIAN_POINT('',(-2.749780246866,-1.95,-1.110223024625E-16));
#294 = VECTOR('',#295,1.);
#295 = DIRECTION('',(-1.,0.,0.));
#296 = ORIENTED_EDGE('',*,*,#250,.F.);
#297 = ORIENTED_EDGE('',*,*,#298,.F.);
#298 = EDGE_CURVE('',#282,#251,#299,.T.);
#299 = LINE('',#300,#301);
#300 = CARTESIAN_POINT('',(-2.749780246866,-1.25,0.));
#301 = VECTOR('',#302,1.);
#302 = DIRECTION('',(-1.,0.,0.));
#303 = PLANE('',#304);
#304 = AXIS2_PLACEMENT_3D('',#305,#306,#307);
#305 = CARTESIAN_POINT('',(-2.749780246866,-1.25,0.));
#306 = DIRECTION('',(-0.,-2.2E-16,-1.));
#307 = DIRECTION('',(-1.,0.,0.));
#308 = ADVANCED_FACE('',(#309),#336,.T.);
#309 = FACE_BOUND('',#310,.T.);
#310 = EDGE_LOOP('',(#311,#320,#328,#335));
#311 = ORIENTED_EDGE('',*,*,#312,.T.);
#312 = EDGE_CURVE('',#282,#313,#315,.T.);
#313 = VERTEX_POINT('',#314);
#314 = CARTESIAN_POINT('',(-2.346261117096,-1.25,0.353940403596));
#315 = CIRCLE('',#316,0.406991536515);
#316 = AXIS2_PLACEMENT_3D('',#317,#318,#319);
#317 = CARTESIAN_POINT('',(-2.749780246866,-1.25,0.406991536515));
#318 = DIRECTION('',(0.,-1.,-2.2E-16));
#319 = DIRECTION('',(1.,0.,0.));
#320 = ORIENTED_EDGE('',*,*,#321,.T.);
#321 = EDGE_CURVE('',#313,#322,#324,.T.);
#322 = VERTEX_POINT('',#323);
#323 = CARTESIAN_POINT('',(-2.346261117096,-1.95,0.353940403596));
#324 = LINE('',#325,#326);
#325 = CARTESIAN_POINT('',(-2.346261117096,-1.25,0.353940403596));
#326 = VECTOR('',#327,1.);
#327 = DIRECTION('',(0.,-1.,2.2E-16));
#328 = ORIENTED_EDGE('',*,*,#329,.F.);
#329 = EDGE_CURVE('',#284,#322,#330,.T.);
#330 = CIRCLE('',#331,0.406991536515);
#331 = AXIS2_PLACEMENT_3D('',#332,#333,#334);
#332 = CARTESIAN_POINT('',(-2.749780246866,-1.95,0.406991536515));
#333 = DIRECTION('',(0.,-1.,-2.2E-16));
#334 = DIRECTION('',(1.,0.,0.));
#335 = ORIENTED_EDGE('',*,*,#281,.F.);
#336 = CYLINDRICAL_SURFACE('',#337,0.406991536515);
#337 = AXIS2_PLACEMENT_3D('',#338,#339,#340);
#338 = CARTESIAN_POINT('',(-2.749780246866,-1.25,0.406991536515));
#339 = DIRECTION('',(0.,1.,-2.2E-16));
#340 = DIRECTION('',(1.,0.,0.));
#341 = ADVANCED_FACE('',(#342),#367,.T.);
#342 = FACE_BOUND('',#343,.T.);
#343 = EDGE_LOOP('',(#344,#354,#360,#361));
#344 = ORIENTED_EDGE('',*,*,#345,.T.);
#345 = EDGE_CURVE('',#346,#348,#350,.T.);
#346 = VERTEX_POINT('',#347);
#347 = CARTESIAN_POINT('',(-2.289624352222,-1.25,0.784732675458));
#348 = VERTEX_POINT('',#349);
#349 = CARTESIAN_POINT('',(-2.289624352222,-1.95,0.784732675458));
#350 = LINE('',#351,#352);
#351 = CARTESIAN_POINT('',(-2.289624352222,-1.25,0.784732675458));
#352 = VECTOR('',#353,1.);
#353 = DIRECTION('',(0.,-1.,2.2E-16));
#354 = ORIENTED_EDGE('',*,*,#355,.T.);
#355 = EDGE_CURVE('',#348,#322,#356,.T.);
#356 = LINE('',#357,#358);
#357 = CARTESIAN_POINT('',(-2.289624352222,-1.95,0.784732675458));
#358 = VECTOR('',#359,1.);
#359 = DIRECTION('',(-0.13034947452,2.199999999999E-16,-0.991468110678)
  );
#360 = ORIENTED_EDGE('',*,*,#321,.F.);
#361 = ORIENTED_EDGE('',*,*,#362,.F.);
#362 = EDGE_CURVE('',#346,#313,#363,.T.);
#363 = LINE('',#364,#365);
#364 = CARTESIAN_POINT('',(-2.289624352222,-1.25,0.784732675458));
#365 = VECTOR('',#366,1.);
#366 = DIRECTION('',(-0.13034947452,2.199999999999E-16,-0.991468110678)
  );
#367 = PLANE('',#368);
#368 = AXIS2_PLACEMENT_3D('',#369,#370,#371);
#369 = CARTESIAN_POINT('',(-2.289624352222,-1.25,0.784732675458));
#370 = DIRECTION('',(0.991468110678,-2.999999999998E-17,-0.13034947452)
  );
#371 = DIRECTION('',(-0.13034947452,-2.199999999999E-16,-0.991468110678)
  );
#372 = ADVANCED_FACE('',(#373),#400,.F.);
#373 = FACE_BOUND('',#374,.F.);
#374 = EDGE_LOOP('',(#375,#384,#385,#394));
#375 = ORIENTED_EDGE('',*,*,#376,.T.);
#376 = EDGE_CURVE('',#377,#346,#379,.T.);
#377 = VERTEX_POINT('',#378);
#378 = CARTESIAN_POINT('',(-2.25,-1.25,0.8));
#379 = CIRCLE('',#380,5.905358475505E-02);
#380 = AXIS2_PLACEMENT_3D('',#381,#382,#383);
#381 = CARTESIAN_POINT('',(-2.25,-1.25,0.740946415245));
#382 = DIRECTION('',(0.,-1.,-2.2E-16));
#383 = DIRECTION('',(1.,0.,0.));
#384 = ORIENTED_EDGE('',*,*,#345,.T.);
#385 = ORIENTED_EDGE('',*,*,#386,.F.);
#386 = EDGE_CURVE('',#387,#348,#389,.T.);
#387 = VERTEX_POINT('',#388);
#388 = CARTESIAN_POINT('',(-2.25,-1.95,0.8));
#389 = CIRCLE('',#390,5.905358475505E-02);
#390 = AXIS2_PLACEMENT_3D('',#391,#392,#393);
#391 = CARTESIAN_POINT('',(-2.25,-1.95,0.740946415245));
#392 = DIRECTION('',(0.,-1.,-2.2E-16));
#393 = DIRECTION('',(1.,0.,0.));
#394 = ORIENTED_EDGE('',*,*,#395,.F.);
#395 = EDGE_CURVE('',#377,#387,#396,.T.);
#396 = LINE('',#397,#398);
#397 = CARTESIAN_POINT('',(-2.25,-1.25,0.8));
#398 = VECTOR('',#399,1.);
#399 = DIRECTION('',(0.,-1.,2.2E-16));
#400 = CYLINDRICAL_SURFACE('',#401,5.905358475505E-02);
#401 = AXIS2_PLACEMENT_3D('',#402,#403,#404);
#402 = CARTESIAN_POINT('',(-2.25,-1.25,0.740946415245));
#403 = DIRECTION('',(0.,1.,-2.2E-16));
#404 = DIRECTION('',(1.,0.,0.));
#405 = ADVANCED_FACE('',(#406),#422,.T.);
#406 = FACE_BOUND('',#407,.T.);
#407 = EDGE_LOOP('',(#408,#409,#415,#416));
#408 = ORIENTED_EDGE('',*,*,#110,.T.);
#409 = ORIENTED_EDGE('',*,*,#410,.T.);
#410 = EDGE_CURVE('',#102,#387,#411,.T.);
#411 = LINE('',#412,#413);
#412 = CARTESIAN_POINT('',(-2.25,-1.95,1.1));
#413 = VECTOR('',#414,1.);
#414 = DIRECTION('',(0.,2.2E-16,-1.));
#415 = ORIENTED_EDGE('',*,*,#395,.F.);
#416 = ORIENTED_EDGE('',*,*,#417,.F.);
#417 = EDGE_CURVE('',#83,#377,#418,.T.);
#418 = LINE('',#419,#420);
#419 = CARTESIAN_POINT('',(-2.25,-1.25,1.1));
#420 = VECTOR('',#421,1.);
#421 = DIRECTION('',(0.,2.2E-16,-1.));
#422 = PLANE('',#423);
#423 = AXIS2_PLACEMENT_3D('',#424,#425,#426);
#424 = CARTESIAN_POINT('',(-2.25,-1.25,1.1));
#425 = DIRECTION('',(1.,0.,0.));
#426 = DIRECTION('',(0.,-2.2E-16,-1.));
#427 = ADVANCED_FACE('',(#428),#441,.T.);
#428 = FACE_BOUND('',#429,.F.);
#429 = EDGE_LOOP('',(#430,#431,#432,#433,#434,#435,#436,#437,#438,#439,
    #440));
#430 = ORIENTED_EDGE('',*,*,#82,.T.);
#431 = ORIENTED_EDGE('',*,*,#141,.T.);
#432 = ORIENTED_EDGE('',*,*,#155,.F.);
#433 = ORIENTED_EDGE('',*,*,#205,.T.);
#434 = ORIENTED_EDGE('',*,*,#236,.F.);
#435 = ORIENTED_EDGE('',*,*,#267,.F.);
#436 = ORIENTED_EDGE('',*,*,#298,.F.);
#437 = ORIENTED_EDGE('',*,*,#312,.T.);
#438 = ORIENTED_EDGE('',*,*,#362,.F.);
#439 = ORIENTED_EDGE('',*,*,#376,.F.);
#440 = ORIENTED_EDGE('',*,*,#417,.F.);
#441 = PLANE('',#442);
#442 = AXIS2_PLACEMENT_3D('',#443,#444,#445);
#443 = CARTESIAN_POINT('',(-2.666810270767,-1.25,0.435914973428));
#444 = DIRECTION('',(0.,1.,0.));
#445 = DIRECTION('',(0.,-0.,1.));
#446 = ADVANCED_FACE('',(#447),#460,.F.);
#447 = FACE_BOUND('',#448,.T.);
#448 = EDGE_LOOP('',(#449,#450,#451,#452,#453,#454,#455,#456,#457,#458,
    #459));
#449 = ORIENTED_EDGE('',*,*,#101,.T.);
#450 = ORIENTED_EDGE('',*,*,#125,.T.);
#451 = ORIENTED_EDGE('',*,*,#165,.F.);
#452 = ORIENTED_EDGE('',*,*,#189,.T.);
#453 = ORIENTED_EDGE('',*,*,#229,.F.);
#454 = ORIENTED_EDGE('',*,*,#260,.F.);
#455 = ORIENTED_EDGE('',*,*,#291,.F.);
#456 = ORIENTED_EDGE('',*,*,#329,.T.);
#457 = ORIENTED_EDGE('',*,*,#355,.F.);
#458 = ORIENTED_EDGE('',*,*,#386,.F.);
#459 = ORIENTED_EDGE('',*,*,#410,.F.);
#460 = PLANE('',#461);
#461 = AXIS2_PLACEMENT_3D('',#462,#463,#464);
#462 = CARTESIAN_POINT('',(-2.666810270767,-1.95,0.435914973428));
#463 = DIRECTION('',(0.,1.,0.));
#464 = DIRECTION('',(0.,-0.,1.));
#465 = MANIFOLD_SOLID_BREP('',#466);
#466 = CLOSED_SHELL('',(#467,#509,#540,#573,#604,#635,#666,#697,#730,
    #761,#794,#816,#835));
#467 = ADVANCED_FACE('',(#468),#504,.T.);
#468 = FACE_BOUND('',#469,.T.);
#469 = EDGE_LOOP('',(#470,#481,#489,#498));
#470 = ORIENTED_EDGE('',*,*,#471,.T.);
#471 = EDGE_CURVE('',#472,#474,#476,.T.);
#472 = VERTEX_POINT('',#473);
#473 = CARTESIAN_POINT('',(-2.25,1.95,1.1));
#474 = VERTEX_POINT('',#475);
#475 = CARTESIAN_POINT('',(-2.58714781981,1.95,0.823200665191));
#476 = CIRCLE('',#477,0.343726483817);
#477 = AXIS2_PLACEMENT_3D('',#478,#479,#480);
#478 = CARTESIAN_POINT('',(-2.25,1.95,0.756273516183));
#479 = DIRECTION('',(0.,-1.,-2.2E-16));
#480 = DIRECTION('',(1.,0.,0.));
#481 = ORIENTED_EDGE('',*,*,#482,.T.);
#482 = EDGE_CURVE('',#474,#483,#485,.T.);
#483 = VERTEX_POINT('',#484);
#484 = CARTESIAN_POINT('',(-2.58714781981,1.25,0.823200665191));
#485 = LINE('',#486,#487);
#486 = CARTESIAN_POINT('',(-2.58714781981,1.95,0.823200665191));
#487 = VECTOR('',#488,1.);
#488 = DIRECTION('',(0.,-1.,2.2E-16));
#489 = ORIENTED_EDGE('',*,*,#490,.F.);
#490 = EDGE_CURVE('',#491,#483,#493,.T.);
#491 = VERTEX_POINT('',#492);
#492 = CARTESIAN_POINT('',(-2.25,1.25,1.1));
#493 = CIRCLE('',#494,0.343726483817);
#494 = AXIS2_PLACEMENT_3D('',#495,#496,#497);
#495 = CARTESIAN_POINT('',(-2.25,1.25,0.756273516183));
#496 = DIRECTION('',(0.,-1.,-2.2E-16));
#497 = DIRECTION('',(1.,0.,0.));
#498 = ORIENTED_EDGE('',*,*,#499,.F.);
#499 = EDGE_CURVE('',#472,#491,#500,.T.);
#500 = LINE('',#501,#502);
#501 = CARTESIAN_POINT('',(-2.25,1.95,1.1));
#502 = VECTOR('',#503,1.);
#503 = DIRECTION('',(0.,-1.,2.2E-16));
#504 = CYLINDRICAL_SURFACE('',#505,0.343726483817);
#505 = AXIS2_PLACEMENT_3D('',#506,#507,#508);
#506 = CARTESIAN_POINT('',(-2.25,1.95,0.756273516183));
#507 = DIRECTION('',(0.,1.,-2.2E-16));
#508 = DIRECTION('',(1.,0.,0.));
#509 = ADVANCED_FACE('',(#510),#535,.F.);
#510 = FACE_BOUND('',#511,.F.);
#511 = EDGE_LOOP('',(#512,#513,#521,#529));
#512 = ORIENTED_EDGE('',*,*,#482,.T.);
#513 = ORIENTED_EDGE('',*,*,#514,.T.);
#514 = EDGE_CURVE('',#483,#515,#517,.T.);
#515 = VERTEX_POINT('',#516);
#516 = CARTESIAN_POINT('',(-2.645889,1.25,0.368878));
#517 = LINE('',#518,#519);
#518 = CARTESIAN_POINT('',(-2.58714781981,1.25,0.823200665191));
#519 = VECTOR('',#520,1.);
#520 = DIRECTION('',(-0.128226632445,2.199999999999E-16,-0.991744891962)
  );
#521 = ORIENTED_EDGE('',*,*,#522,.F.);
#522 = EDGE_CURVE('',#523,#515,#525,.T.);
#523 = VERTEX_POINT('',#524);
#524 = CARTESIAN_POINT('',(-2.645889,1.95,0.368878));
#525 = LINE('',#526,#527);
#526 = CARTESIAN_POINT('',(-2.645889,1.95,0.368878));
#527 = VECTOR('',#528,1.);
#528 = DIRECTION('',(0.,-1.,2.2E-16));
#529 = ORIENTED_EDGE('',*,*,#530,.F.);
#530 = EDGE_CURVE('',#474,#523,#531,.T.);
#531 = LINE('',#532,#533);
#532 = CARTESIAN_POINT('',(-2.58714781981,1.95,0.823200665191));
#533 = VECTOR('',#534,1.);
#534 = DIRECTION('',(-0.128226632445,2.199999999999E-16,-0.991744891962)
  );
#535 = PLANE('',#536);
#536 = AXIS2_PLACEMENT_3D('',#537,#538,#539);
#537 = CARTESIAN_POINT('',(-2.58714781981,1.95,0.823200665191));
#538 = DIRECTION('',(0.991744891962,-2.999999999999E-17,-0.128226632445)
  );
#539 = DIRECTION('',(-0.128226632445,-2.199999999999E-16,-0.991744891962
    ));
#540 = ADVANCED_FACE('',(#541),#568,.F.);
#541 = FACE_BOUND('',#542,.F.);
#542 = EDGE_LOOP('',(#543,#552,#553,#562));
#543 = ORIENTED_EDGE('',*,*,#544,.T.);
#544 = EDGE_CURVE('',#545,#523,#547,.T.);
#545 = VERTEX_POINT('',#546);
#546 = CARTESIAN_POINT('',(-2.733565316038,1.95,0.3));
#547 = CIRCLE('',#548,7.956495531162E-02);
#548 = AXIS2_PLACEMENT_3D('',#549,#550,#551);
#549 = CARTESIAN_POINT('',(-2.724797138009,1.95,0.37908034628));
#550 = DIRECTION('',(0.,-1.,-2.2E-16));
#551 = DIRECTION('',(1.,0.,0.));
#552 = ORIENTED_EDGE('',*,*,#522,.T.);
#553 = ORIENTED_EDGE('',*,*,#554,.F.);
#554 = EDGE_CURVE('',#555,#515,#557,.T.);
#555 = VERTEX_POINT('',#556);
#556 = CARTESIAN_POINT('',(-2.733565316038,1.25,0.3));
#557 = CIRCLE('',#558,7.956495531162E-02);
#558 = AXIS2_PLACEMENT_3D('',#559,#560,#561);
#559 = CARTESIAN_POINT('',(-2.724797138009,1.25,0.37908034628));
#560 = DIRECTION('',(0.,-1.,-2.2E-16));
#561 = DIRECTION('',(1.,0.,0.));
#562 = ORIENTED_EDGE('',*,*,#563,.F.);
#563 = EDGE_CURVE('',#545,#555,#564,.T.);
#564 = LINE('',#565,#566);
#565 = CARTESIAN_POINT('',(-2.733565316038,1.95,0.3));
#566 = VECTOR('',#567,1.);
#567 = DIRECTION('',(0.,-1.,2.2E-16));
#568 = CYLINDRICAL_SURFACE('',#569,7.956495531162E-02);
#569 = AXIS2_PLACEMENT_3D('',#570,#571,#572);
#570 = CARTESIAN_POINT('',(-2.724797138009,1.95,0.37908034628));
#571 = DIRECTION('',(0.,1.,-2.2E-16));
#572 = DIRECTION('',(1.,0.,0.));
#573 = ADVANCED_FACE('',(#574),#599,.F.);
#574 = FACE_BOUND('',#575,.F.);
#575 = EDGE_LOOP('',(#576,#577,#585,#593));
#576 = ORIENTED_EDGE('',*,*,#563,.T.);
#577 = ORIENTED_EDGE('',*,*,#578,.T.);
#578 = EDGE_CURVE('',#555,#579,#581,.T.);
#579 = VERTEX_POINT('',#580);
#580 = CARTESIAN_POINT('',(-3.25,1.25,0.3));
#581 = LINE('',#582,#583);
#582 = CARTESIAN_POINT('',(-2.733565316038,1.25,0.3));
#583 = VECTOR('',#584,1.);
#584 = DIRECTION('',(-1.,0.,0.));
#585 = ORIENTED_EDGE('',*,*,#586,.F.);
#586 = EDGE_CURVE('',#587,#579,#589,.T.);
#587 = VERTEX_POINT('',#588);
#588 = CARTESIAN_POINT('',(-3.25,1.95,0.3));
#589 = LINE('',#590,#591);
#590 = CARTESIAN_POINT('',(-3.25,1.95,0.3));
#591 = VECTOR('',#592,1.);
#592 = DIRECTION('',(0.,-1.,2.2E-16));
#593 = ORIENTED_EDGE('',*,*,#594,.F.);
#594 = EDGE_CURVE('',#545,#587,#595,.T.);
#595 = LINE('',#596,#597);
#596 = CARTESIAN_POINT('',(-2.733565316038,1.95,0.3));
#597 = VECTOR('',#598,1.);
#598 = DIRECTION('',(-1.,0.,0.));
#599 = PLANE('',#600);
#600 = AXIS2_PLACEMENT_3D('',#601,#602,#603);
#601 = CARTESIAN_POINT('',(-2.733565316038,1.95,0.3));
#602 = DIRECTION('',(0.,-2.2E-16,-1.));
#603 = DIRECTION('',(-1.,-0.,0.));
#604 = ADVANCED_FACE('',(#605),#630,.T.);
#605 = FACE_BOUND('',#606,.T.);
#606 = EDGE_LOOP('',(#607,#617,#623,#624));
#607 = ORIENTED_EDGE('',*,*,#608,.T.);
#608 = EDGE_CURVE('',#609,#611,#613,.T.);
#609 = VERTEX_POINT('',#610);
#610 = CARTESIAN_POINT('',(-3.25,1.95,0.));
#611 = VERTEX_POINT('',#612);
#612 = CARTESIAN_POINT('',(-3.25,1.25,0.));
#613 = LINE('',#614,#615);
#614 = CARTESIAN_POINT('',(-3.25,1.95,0.));
#615 = VECTOR('',#616,1.);
#616 = DIRECTION('',(0.,-1.,2.2E-16));
#617 = ORIENTED_EDGE('',*,*,#618,.T.);
#618 = EDGE_CURVE('',#611,#579,#619,.T.);
#619 = LINE('',#620,#621);
#620 = CARTESIAN_POINT('',(-3.25,1.25,-1.110223024625E-16));
#621 = VECTOR('',#622,1.);
#622 = DIRECTION('',(0.,-2.2E-16,1.));
#623 = ORIENTED_EDGE('',*,*,#586,.F.);
#624 = ORIENTED_EDGE('',*,*,#625,.F.);
#625 = EDGE_CURVE('',#609,#587,#626,.T.);
#626 = LINE('',#627,#628);
#627 = CARTESIAN_POINT('',(-3.25,1.95,0.));
#628 = VECTOR('',#629,1.);
#629 = DIRECTION('',(0.,-2.2E-16,1.));
#630 = PLANE('',#631);
#631 = AXIS2_PLACEMENT_3D('',#632,#633,#634);
#632 = CARTESIAN_POINT('',(-3.25,1.95,0.));
#633 = DIRECTION('',(-1.,0.,0.));
#634 = DIRECTION('',(0.,2.2E-16,1.));
#635 = ADVANCED_FACE('',(#636),#661,.T.);
#636 = FACE_BOUND('',#637,.T.);
#637 = EDGE_LOOP('',(#638,#648,#654,#655));
#638 = ORIENTED_EDGE('',*,*,#639,.T.);
#639 = EDGE_CURVE('',#640,#642,#644,.T.);
#640 = VERTEX_POINT('',#641);
#641 = CARTESIAN_POINT('',(-2.772049,1.95,0.));
#642 = VERTEX_POINT('',#643);
#643 = CARTESIAN_POINT('',(-2.772049,1.25,0.));
#644 = LINE('',#645,#646);
#645 = CARTESIAN_POINT('',(-2.772049,1.95,0.));
#646 = VECTOR('',#647,1.);
#647 = DIRECTION('',(0.,-1.,2.2E-16));
#648 = ORIENTED_EDGE('',*,*,#649,.T.);
#649 = EDGE_CURVE('',#642,#611,#650,.T.);
#650 = LINE('',#651,#652);
#651 = CARTESIAN_POINT('',(-2.772049,1.25,-1.110223024625E-16));
#652 = VECTOR('',#653,1.);
#653 = DIRECTION('',(-1.,0.,0.));
#654 = ORIENTED_EDGE('',*,*,#608,.F.);
#655 = ORIENTED_EDGE('',*,*,#656,.F.);
#656 = EDGE_CURVE('',#640,#609,#657,.T.);
#657 = LINE('',#658,#659);
#658 = CARTESIAN_POINT('',(-2.772049,1.95,0.));
#659 = VECTOR('',#660,1.);
#660 = DIRECTION('',(-1.,0.,0.));
#661 = PLANE('',#662);
#662 = AXIS2_PLACEMENT_3D('',#663,#664,#665);
#663 = CARTESIAN_POINT('',(-2.772049,1.95,0.));
#664 = DIRECTION('',(0.,-2.2E-16,-1.));
#665 = DIRECTION('',(-1.,-0.,0.));
#666 = ADVANCED_FACE('',(#667),#692,.T.);
#667 = FACE_BOUND('',#668,.T.);
#668 = EDGE_LOOP('',(#669,#679,#685,#686));
#669 = ORIENTED_EDGE('',*,*,#670,.T.);
#670 = EDGE_CURVE('',#671,#673,#675,.T.);
#671 = VERTEX_POINT('',#672);
#672 = CARTESIAN_POINT('',(-2.749780246866,1.95,0.));
#673 = VERTEX_POINT('',#674);
#674 = CARTESIAN_POINT('',(-2.749780246866,1.25,0.));
#675 = LINE('',#676,#677);
#676 = CARTESIAN_POINT('',(-2.749780246866,1.95,0.));
#677 = VECTOR('',#678,1.);
#678 = DIRECTION('',(0.,-1.,2.2E-16));
#679 = ORIENTED_EDGE('',*,*,#680,.T.);
#680 = EDGE_CURVE('',#673,#642,#681,.T.);
#681 = LINE('',#682,#683);
#682 = CARTESIAN_POINT('',(-2.749780246866,1.25,-1.110223024625E-16));
#683 = VECTOR('',#684,1.);
#684 = DIRECTION('',(-1.,0.,0.));
#685 = ORIENTED_EDGE('',*,*,#639,.F.);
#686 = ORIENTED_EDGE('',*,*,#687,.F.);
#687 = EDGE_CURVE('',#671,#640,#688,.T.);
#688 = LINE('',#689,#690);
#689 = CARTESIAN_POINT('',(-2.749780246866,1.95,0.));
#690 = VECTOR('',#691,1.);
#691 = DIRECTION('',(-1.,0.,0.));
#692 = PLANE('',#693);
#693 = AXIS2_PLACEMENT_3D('',#694,#695,#696);
#694 = CARTESIAN_POINT('',(-2.749780246866,1.95,0.));
#695 = DIRECTION('',(-0.,-2.2E-16,-1.));
#696 = DIRECTION('',(-1.,0.,0.));
#697 = ADVANCED_FACE('',(#698),#725,.T.);
#698 = FACE_BOUND('',#699,.T.);
#699 = EDGE_LOOP('',(#700,#709,#717,#724));
#700 = ORIENTED_EDGE('',*,*,#701,.T.);
#701 = EDGE_CURVE('',#671,#702,#704,.T.);
#702 = VERTEX_POINT('',#703);
#703 = CARTESIAN_POINT('',(-2.346261117096,1.95,0.353940403596));
#704 = CIRCLE('',#705,0.406991536515);
#705 = AXIS2_PLACEMENT_3D('',#706,#707,#708);
#706 = CARTESIAN_POINT('',(-2.749780246866,1.95,0.406991536515));
#707 = DIRECTION('',(0.,-1.,-2.2E-16));
#708 = DIRECTION('',(1.,0.,0.));
#709 = ORIENTED_EDGE('',*,*,#710,.T.);
#710 = EDGE_CURVE('',#702,#711,#713,.T.);
#711 = VERTEX_POINT('',#712);
#712 = CARTESIAN_POINT('',(-2.346261117096,1.25,0.353940403596));
#713 = LINE('',#714,#715);
#714 = CARTESIAN_POINT('',(-2.346261117096,1.95,0.353940403596));
#715 = VECTOR('',#716,1.);
#716 = DIRECTION('',(0.,-1.,2.2E-16));
#717 = ORIENTED_EDGE('',*,*,#718,.F.);
#718 = EDGE_CURVE('',#673,#711,#719,.T.);
#719 = CIRCLE('',#720,0.406991536515);
#720 = AXIS2_PLACEMENT_3D('',#721,#722,#723);
#721 = CARTESIAN_POINT('',(-2.749780246866,1.25,0.406991536515));
#722 = DIRECTION('',(0.,-1.,-2.2E-16));
#723 = DIRECTION('',(1.,0.,0.));
#724 = ORIENTED_EDGE('',*,*,#670,.F.);
#725 = CYLINDRICAL_SURFACE('',#726,0.406991536515);
#726 = AXIS2_PLACEMENT_3D('',#727,#728,#729);
#727 = CARTESIAN_POINT('',(-2.749780246866,1.95,0.406991536515));
#728 = DIRECTION('',(0.,1.,-2.2E-16));
#729 = DIRECTION('',(1.,0.,0.));
#730 = ADVANCED_FACE('',(#731),#756,.T.);
#731 = FACE_BOUND('',#732,.T.);
#732 = EDGE_LOOP('',(#733,#743,#749,#750));
#733 = ORIENTED_EDGE('',*,*,#734,.T.);
#734 = EDGE_CURVE('',#735,#737,#739,.T.);
#735 = VERTEX_POINT('',#736);
#736 = CARTESIAN_POINT('',(-2.289624352222,1.95,0.784732675458));
#737 = VERTEX_POINT('',#738);
#738 = CARTESIAN_POINT('',(-2.289624352222,1.25,0.784732675458));
#739 = LINE('',#740,#741);
#740 = CARTESIAN_POINT('',(-2.289624352222,1.95,0.784732675458));
#741 = VECTOR('',#742,1.);
#742 = DIRECTION('',(0.,-1.,2.2E-16));
#743 = ORIENTED_EDGE('',*,*,#744,.T.);
#744 = EDGE_CURVE('',#737,#711,#745,.T.);
#745 = LINE('',#746,#747);
#746 = CARTESIAN_POINT('',(-2.289624352222,1.25,0.784732675458));
#747 = VECTOR('',#748,1.);
#748 = DIRECTION('',(-0.13034947452,2.199999999999E-16,-0.991468110678)
  );
#749 = ORIENTED_EDGE('',*,*,#710,.F.);
#750 = ORIENTED_EDGE('',*,*,#751,.F.);
#751 = EDGE_CURVE('',#735,#702,#752,.T.);
#752 = LINE('',#753,#754);
#753 = CARTESIAN_POINT('',(-2.289624352222,1.95,0.784732675458));
#754 = VECTOR('',#755,1.);
#755 = DIRECTION('',(-0.13034947452,2.199999999999E-16,-0.991468110678)
  );
#756 = PLANE('',#757);
#757 = AXIS2_PLACEMENT_3D('',#758,#759,#760);
#758 = CARTESIAN_POINT('',(-2.289624352222,1.95,0.784732675458));
#759 = DIRECTION('',(0.991468110678,-2.999999999998E-17,-0.13034947452)
  );
#760 = DIRECTION('',(-0.13034947452,-2.199999999999E-16,-0.991468110678)
  );
#761 = ADVANCED_FACE('',(#762),#789,.F.);
#762 = FACE_BOUND('',#763,.F.);
#763 = EDGE_LOOP('',(#764,#773,#774,#783));
#764 = ORIENTED_EDGE('',*,*,#765,.T.);
#765 = EDGE_CURVE('',#766,#735,#768,.T.);
#766 = VERTEX_POINT('',#767);
#767 = CARTESIAN_POINT('',(-2.25,1.95,0.8));
#768 = CIRCLE('',#769,5.905358475505E-02);
#769 = AXIS2_PLACEMENT_3D('',#770,#771,#772);
#770 = CARTESIAN_POINT('',(-2.25,1.95,0.740946415245));
#771 = DIRECTION('',(0.,-1.,-2.2E-16));
#772 = DIRECTION('',(1.,0.,0.));
#773 = ORIENTED_EDGE('',*,*,#734,.T.);
#774 = ORIENTED_EDGE('',*,*,#775,.F.);
#775 = EDGE_CURVE('',#776,#737,#778,.T.);
#776 = VERTEX_POINT('',#777);
#777 = CARTESIAN_POINT('',(-2.25,1.25,0.8));
#778 = CIRCLE('',#779,5.905358475505E-02);
#779 = AXIS2_PLACEMENT_3D('',#780,#781,#782);
#780 = CARTESIAN_POINT('',(-2.25,1.25,0.740946415245));
#781 = DIRECTION('',(0.,-1.,-2.2E-16));
#782 = DIRECTION('',(1.,0.,0.));
#783 = ORIENTED_EDGE('',*,*,#784,.F.);
#784 = EDGE_CURVE('',#766,#776,#785,.T.);
#785 = LINE('',#786,#787);
#786 = CARTESIAN_POINT('',(-2.25,1.95,0.8));
#787 = VECTOR('',#788,1.);
#788 = DIRECTION('',(0.,-1.,2.2E-16));
#789 = CYLINDRICAL_SURFACE('',#790,5.905358475505E-02);
#790 = AXIS2_PLACEMENT_3D('',#791,#792,#793);
#791 = CARTESIAN_POINT('',(-2.25,1.95,0.740946415245));
#792 = DIRECTION('',(0.,1.,-2.2E-16));
#793 = DIRECTION('',(1.,0.,0.));
#794 = ADVANCED_FACE('',(#795),#811,.T.);
#795 = FACE_BOUND('',#796,.T.);
#796 = EDGE_LOOP('',(#797,#798,#804,#805));
#797 = ORIENTED_EDGE('',*,*,#499,.T.);
#798 = ORIENTED_EDGE('',*,*,#799,.T.);
#799 = EDGE_CURVE('',#491,#776,#800,.T.);
#800 = LINE('',#801,#802);
#801 = CARTESIAN_POINT('',(-2.25,1.25,1.1));
#802 = VECTOR('',#803,1.);
#803 = DIRECTION('',(0.,2.2E-16,-1.));
#804 = ORIENTED_EDGE('',*,*,#784,.F.);
#805 = ORIENTED_EDGE('',*,*,#806,.F.);
#806 = EDGE_CURVE('',#472,#766,#807,.T.);
#807 = LINE('',#808,#809);
#808 = CARTESIAN_POINT('',(-2.25,1.95,1.1));
#809 = VECTOR('',#810,1.);
#810 = DIRECTION('',(0.,2.2E-16,-1.));
#811 = PLANE('',#812);
#812 = AXIS2_PLACEMENT_3D('',#813,#814,#815);
#813 = CARTESIAN_POINT('',(-2.25,1.95,1.1));
#814 = DIRECTION('',(1.,0.,0.));
#815 = DIRECTION('',(0.,-2.2E-16,-1.));
#816 = ADVANCED_FACE('',(#817),#830,.T.);
#817 = FACE_BOUND('',#818,.F.);
#818 = EDGE_LOOP('',(#819,#820,#821,#822,#823,#824,#825,#826,#827,#828,
    #829));
#819 = ORIENTED_EDGE('',*,*,#471,.T.);
#820 = ORIENTED_EDGE('',*,*,#530,.T.);
#821 = ORIENTED_EDGE('',*,*,#544,.F.);
#822 = ORIENTED_EDGE('',*,*,#594,.T.);
#823 = ORIENTED_EDGE('',*,*,#625,.F.);
#824 = ORIENTED_EDGE('',*,*,#656,.F.);
#825 = ORIENTED_EDGE('',*,*,#687,.F.);
#826 = ORIENTED_EDGE('',*,*,#701,.T.);
#827 = ORIENTED_EDGE('',*,*,#751,.F.);
#828 = ORIENTED_EDGE('',*,*,#765,.F.);
#829 = ORIENTED_EDGE('',*,*,#806,.F.);
#830 = PLANE('',#831);
#831 = AXIS2_PLACEMENT_3D('',#832,#833,#834);
#832 = CARTESIAN_POINT('',(-2.666810270767,1.95,0.435914973428));
#833 = DIRECTION('',(0.,1.,0.));
#834 = DIRECTION('',(0.,-0.,1.));
#835 = ADVANCED_FACE('',(#836),#849,.F.);
#836 = FACE_BOUND('',#837,.T.);
#837 = EDGE_LOOP('',(#838,#839,#840,#841,#842,#843,#844,#845,#846,#847,
    #848));
#838 = ORIENTED_EDGE('',*,*,#490,.T.);
#839 = ORIENTED_EDGE('',*,*,#514,.T.);
#840 = ORIENTED_EDGE('',*,*,#554,.F.);
#841 = ORIENTED_EDGE('',*,*,#578,.T.);
#842 = ORIENTED_EDGE('',*,*,#618,.F.);
#843 = ORIENTED_EDGE('',*,*,#649,.F.);
#844 = ORIENTED_EDGE('',*,*,#680,.F.);
#845 = ORIENTED_EDGE('',*,*,#718,.T.);
#846 = ORIENTED_EDGE('',*,*,#744,.F.);
#847 = ORIENTED_EDGE('',*,*,#775,.F.);
#848 = ORIENTED_EDGE('',*,*,#799,.F.);
#849 = PLANE('',#850);
#850 = AXIS2_PLACEMENT_3D('',#851,#852,#853);
#851 = CARTESIAN_POINT('',(-2.666810270767,1.25,0.435914973428));
#852 = DIRECTION('',(0.,1.,0.));
#853 = DIRECTION('',(0.,-0.,1.));
#854 = MANIFOLD_SOLID_BREP('',#855);
#855 = CLOSED_SHELL('',(#856,#898,#929,#962,#993,#1024,#1055,#1086,#1119
    ,#1150,#1183,#1205,#1224));
#856 = ADVANCED_FACE('',(#857),#893,.T.);
#857 = FACE_BOUND('',#858,.T.);
#858 = EDGE_LOOP('',(#859,#870,#878,#887));
#859 = ORIENTED_EDGE('',*,*,#860,.T.);
#860 = EDGE_CURVE('',#861,#863,#865,.T.);
#861 = VERTEX_POINT('',#862);
#862 = CARTESIAN_POINT('',(2.25,-1.95,1.1));
#863 = VERTEX_POINT('',#864);
#864 = CARTESIAN_POINT('',(2.58714781981,-1.95,0.823200665191));
#865 = CIRCLE('',#866,0.343726483817);
#866 = AXIS2_PLACEMENT_3D('',#867,#868,#869);
#867 = CARTESIAN_POINT('',(2.25,-1.95,0.756273516183));
#868 = DIRECTION('',(0.,1.,-2.2E-16));
#869 = DIRECTION('',(-1.,0.,0.));
#870 = ORIENTED_EDGE('',*,*,#871,.T.);
#871 = EDGE_CURVE('',#863,#872,#874,.T.);
#872 = VERTEX_POINT('',#873);
#873 = CARTESIAN_POINT('',(2.58714781981,-1.25,0.823200665191));
#874 = LINE('',#875,#876);
#875 = CARTESIAN_POINT('',(2.58714781981,-1.95,0.823200665191));
#876 = VECTOR('',#877,1.);
#877 = DIRECTION('',(-0.,1.,-2.2E-16));
#878 = ORIENTED_EDGE('',*,*,#879,.F.);
#879 = EDGE_CURVE('',#880,#872,#882,.T.);
#880 = VERTEX_POINT('',#881);
#881 = CARTESIAN_POINT('',(2.25,-1.25,1.1));
#882 = CIRCLE('',#883,0.343726483817);
#883 = AXIS2_PLACEMENT_3D('',#884,#885,#886);
#884 = CARTESIAN_POINT('',(2.25,-1.25,0.756273516183));
#885 = DIRECTION('',(0.,1.,-2.2E-16));
#886 = DIRECTION('',(-1.,0.,0.));
#887 = ORIENTED_EDGE('',*,*,#888,.F.);
#888 = EDGE_CURVE('',#861,#880,#889,.T.);
#889 = LINE('',#890,#891);
#890 = CARTESIAN_POINT('',(2.25,-1.95,1.1));
#891 = VECTOR('',#892,1.);
#892 = DIRECTION('',(-0.,1.,-2.2E-16));
#893 = CYLINDRICAL_SURFACE('',#894,0.343726483817);
#894 = AXIS2_PLACEMENT_3D('',#895,#896,#897);
#895 = CARTESIAN_POINT('',(2.25,-1.95,0.756273516183));
#896 = DIRECTION('',(0.,-1.,2.2E-16));
#897 = DIRECTION('',(-1.,0.,0.));
#898 = ADVANCED_FACE('',(#899),#924,.F.);
#899 = FACE_BOUND('',#900,.F.);
#900 = EDGE_LOOP('',(#901,#902,#910,#918));
#901 = ORIENTED_EDGE('',*,*,#871,.T.);
#902 = ORIENTED_EDGE('',*,*,#903,.T.);
#903 = EDGE_CURVE('',#872,#904,#906,.T.);
#904 = VERTEX_POINT('',#905);
#905 = CARTESIAN_POINT('',(2.645889,-1.25,0.368878));
#906 = LINE('',#907,#908);
#907 = CARTESIAN_POINT('',(2.58714781981,-1.25,0.823200665191));
#908 = VECTOR('',#909,1.);
#909 = DIRECTION('',(0.128226632445,-2.199999999999E-16,-0.991744891962)
  );
#910 = ORIENTED_EDGE('',*,*,#911,.F.);
#911 = EDGE_CURVE('',#912,#904,#914,.T.);
#912 = VERTEX_POINT('',#913);
#913 = CARTESIAN_POINT('',(2.645889,-1.95,0.368878));
#914 = LINE('',#915,#916);
#915 = CARTESIAN_POINT('',(2.645889,-1.95,0.368878));
#916 = VECTOR('',#917,1.);
#917 = DIRECTION('',(-0.,1.,-2.2E-16));
#918 = ORIENTED_EDGE('',*,*,#919,.F.);
#919 = EDGE_CURVE('',#863,#912,#920,.T.);
#920 = LINE('',#921,#922);
#921 = CARTESIAN_POINT('',(2.58714781981,-1.95,0.823200665191));
#922 = VECTOR('',#923,1.);
#923 = DIRECTION('',(0.128226632445,-2.199999999999E-16,-0.991744891962)
  );
#924 = PLANE('',#925);
#925 = AXIS2_PLACEMENT_3D('',#926,#927,#928);
#926 = CARTESIAN_POINT('',(2.58714781981,-1.95,0.823200665191));
#927 = DIRECTION('',(-0.991744891962,-2.999999999999E-17,-0.128226632445
    ));
#928 = DIRECTION('',(0.128226632445,-2.199999999999E-16,-0.991744891962)
  );
#929 = ADVANCED_FACE('',(#930),#957,.F.);
#930 = FACE_BOUND('',#931,.F.);
#931 = EDGE_LOOP('',(#932,#941,#942,#951));
#932 = ORIENTED_EDGE('',*,*,#933,.T.);
#933 = EDGE_CURVE('',#934,#912,#936,.T.);
#934 = VERTEX_POINT('',#935);
#935 = CARTESIAN_POINT('',(2.733565316038,-1.95,0.3));
#936 = CIRCLE('',#937,7.956495531162E-02);
#937 = AXIS2_PLACEMENT_3D('',#938,#939,#940);
#938 = CARTESIAN_POINT('',(2.724797138009,-1.95,0.37908034628));
#939 = DIRECTION('',(0.,1.,-2.2E-16));
#940 = DIRECTION('',(-1.,0.,0.));
#941 = ORIENTED_EDGE('',*,*,#911,.T.);
#942 = ORIENTED_EDGE('',*,*,#943,.F.);
#943 = EDGE_CURVE('',#944,#904,#946,.T.);
#944 = VERTEX_POINT('',#945);
#945 = CARTESIAN_POINT('',(2.733565316038,-1.25,0.3));
#946 = CIRCLE('',#947,7.956495531162E-02);
#947 = AXIS2_PLACEMENT_3D('',#948,#949,#950);
#948 = CARTESIAN_POINT('',(2.724797138009,-1.25,0.37908034628));
#949 = DIRECTION('',(0.,1.,-2.2E-16));
#950 = DIRECTION('',(-1.,0.,0.));
#951 = ORIENTED_EDGE('',*,*,#952,.F.);
#952 = EDGE_CURVE('',#934,#944,#953,.T.);
#953 = LINE('',#954,#955);
#954 = CARTESIAN_POINT('',(2.733565316038,-1.95,0.3));
#955 = VECTOR('',#956,1.);
#956 = DIRECTION('',(-0.,1.,-2.2E-16));
#957 = CYLINDRICAL_SURFACE('',#958,7.956495531162E-02);
#958 = AXIS2_PLACEMENT_3D('',#959,#960,#961);
#959 = CARTESIAN_POINT('',(2.724797138009,-1.95,0.37908034628));
#960 = DIRECTION('',(0.,-1.,2.2E-16));
#961 = DIRECTION('',(-1.,0.,0.));
#962 = ADVANCED_FACE('',(#963),#988,.F.);
#963 = FACE_BOUND('',#964,.F.);
#964 = EDGE_LOOP('',(#965,#966,#974,#982));
#965 = ORIENTED_EDGE('',*,*,#952,.T.);
#966 = ORIENTED_EDGE('',*,*,#967,.T.);
#967 = EDGE_CURVE('',#944,#968,#970,.T.);
#968 = VERTEX_POINT('',#969);
#969 = CARTESIAN_POINT('',(3.25,-1.25,0.3));
#970 = LINE('',#971,#972);
#971 = CARTESIAN_POINT('',(2.733565316038,-1.25,0.3));
#972 = VECTOR('',#973,1.);
#973 = DIRECTION('',(1.,0.,0.));
#974 = ORIENTED_EDGE('',*,*,#975,.F.);
#975 = EDGE_CURVE('',#976,#968,#978,.T.);
#976 = VERTEX_POINT('',#977);
#977 = CARTESIAN_POINT('',(3.25,-1.95,0.3));
#978 = LINE('',#979,#980);
#979 = CARTESIAN_POINT('',(3.25,-1.95,0.3));
#980 = VECTOR('',#981,1.);
#981 = DIRECTION('',(-0.,1.,-2.2E-16));
#982 = ORIENTED_EDGE('',*,*,#983,.F.);
#983 = EDGE_CURVE('',#934,#976,#984,.T.);
#984 = LINE('',#985,#986);
#985 = CARTESIAN_POINT('',(2.733565316038,-1.95,0.3));
#986 = VECTOR('',#987,1.);
#987 = DIRECTION('',(1.,0.,0.));
#988 = PLANE('',#989);
#989 = AXIS2_PLACEMENT_3D('',#990,#991,#992);
#990 = CARTESIAN_POINT('',(2.733565316038,-1.95,0.3));
#991 = DIRECTION('',(0.,-2.2E-16,-1.));
#992 = DIRECTION('',(1.,0.,0.));
#993 = ADVANCED_FACE('',(#994),#1019,.T.);
#994 = FACE_BOUND('',#995,.T.);
#995 = EDGE_LOOP('',(#996,#1006,#1012,#1013));
#996 = ORIENTED_EDGE('',*,*,#997,.T.);
#997 = EDGE_CURVE('',#998,#1000,#1002,.T.);
#998 = VERTEX_POINT('',#999);
#999 = CARTESIAN_POINT('',(3.25,-1.95,0.));
#1000 = VERTEX_POINT('',#1001);
#1001 = CARTESIAN_POINT('',(3.25,-1.25,0.));
#1002 = LINE('',#1003,#1004);
#1003 = CARTESIAN_POINT('',(3.25,-1.95,0.));
#1004 = VECTOR('',#1005,1.);
#1005 = DIRECTION('',(-0.,1.,-2.2E-16));
#1006 = ORIENTED_EDGE('',*,*,#1007,.T.);
#1007 = EDGE_CURVE('',#1000,#968,#1008,.T.);
#1008 = LINE('',#1009,#1010);
#1009 = CARTESIAN_POINT('',(3.25,-1.25,-1.110223024625E-16));
#1010 = VECTOR('',#1011,1.);
#1011 = DIRECTION('',(0.,2.2E-16,1.));
#1012 = ORIENTED_EDGE('',*,*,#975,.F.);
#1013 = ORIENTED_EDGE('',*,*,#1014,.F.);
#1014 = EDGE_CURVE('',#998,#976,#1015,.T.);
#1015 = LINE('',#1016,#1017);
#1016 = CARTESIAN_POINT('',(3.25,-1.95,0.));
#1017 = VECTOR('',#1018,1.);
#1018 = DIRECTION('',(0.,2.2E-16,1.));
#1019 = PLANE('',#1020);
#1020 = AXIS2_PLACEMENT_3D('',#1021,#1022,#1023);
#1021 = CARTESIAN_POINT('',(3.25,-1.95,0.));
#1022 = DIRECTION('',(1.,0.,0.));
#1023 = DIRECTION('',(-0.,2.2E-16,1.));
#1024 = ADVANCED_FACE('',(#1025),#1050,.T.);
#1025 = FACE_BOUND('',#1026,.T.);
#1026 = EDGE_LOOP('',(#1027,#1037,#1043,#1044));
#1027 = ORIENTED_EDGE('',*,*,#1028,.T.);
#1028 = EDGE_CURVE('',#1029,#1031,#1033,.T.);
#1029 = VERTEX_POINT('',#1030);
#1030 = CARTESIAN_POINT('',(2.772049,-1.95,0.));
#1031 = VERTEX_POINT('',#1032);
#1032 = CARTESIAN_POINT('',(2.772049,-1.25,0.));
#1033 = LINE('',#1034,#1035);
#1034 = CARTESIAN_POINT('',(2.772049,-1.95,0.));
#1035 = VECTOR('',#1036,1.);
#1036 = DIRECTION('',(-0.,1.,-2.2E-16));
#1037 = ORIENTED_EDGE('',*,*,#1038,.T.);
#1038 = EDGE_CURVE('',#1031,#1000,#1039,.T.);
#1039 = LINE('',#1040,#1041);
#1040 = CARTESIAN_POINT('',(2.772049,-1.25,-1.110223024625E-16));
#1041 = VECTOR('',#1042,1.);
#1042 = DIRECTION('',(1.,0.,0.));
#1043 = ORIENTED_EDGE('',*,*,#997,.F.);
#1044 = ORIENTED_EDGE('',*,*,#1045,.F.);
#1045 = EDGE_CURVE('',#1029,#998,#1046,.T.);
#1046 = LINE('',#1047,#1048);
#1047 = CARTESIAN_POINT('',(2.772049,-1.95,0.));
#1048 = VECTOR('',#1049,1.);
#1049 = DIRECTION('',(1.,0.,0.));
#1050 = PLANE('',#1051);
#1051 = AXIS2_PLACEMENT_3D('',#1052,#1053,#1054);
#1052 = CARTESIAN_POINT('',(2.772049,-1.95,0.));
#1053 = DIRECTION('',(0.,-2.2E-16,-1.));
#1054 = DIRECTION('',(1.,0.,0.));
#1055 = ADVANCED_FACE('',(#1056),#1081,.T.);
#1056 = FACE_BOUND('',#1057,.T.);
#1057 = EDGE_LOOP('',(#1058,#1068,#1074,#1075));
#1058 = ORIENTED_EDGE('',*,*,#1059,.T.);
#1059 = EDGE_CURVE('',#1060,#1062,#1064,.T.);
#1060 = VERTEX_POINT('',#1061);
#1061 = CARTESIAN_POINT('',(2.749780246866,-1.95,0.));
#1062 = VERTEX_POINT('',#1063);
#1063 = CARTESIAN_POINT('',(2.749780246866,-1.25,0.));
#1064 = LINE('',#1065,#1066);
#1065 = CARTESIAN_POINT('',(2.749780246866,-1.95,0.));
#1066 = VECTOR('',#1067,1.);
#1067 = DIRECTION('',(-0.,1.,-2.2E-16));
#1068 = ORIENTED_EDGE('',*,*,#1069,.T.);
#1069 = EDGE_CURVE('',#1062,#1031,#1070,.T.);
#1070 = LINE('',#1071,#1072);
#1071 = CARTESIAN_POINT('',(2.749780246866,-1.25,-1.110223024625E-16));
#1072 = VECTOR('',#1073,1.);
#1073 = DIRECTION('',(1.,0.,0.));
#1074 = ORIENTED_EDGE('',*,*,#1028,.F.);
#1075 = ORIENTED_EDGE('',*,*,#1076,.F.);
#1076 = EDGE_CURVE('',#1060,#1029,#1077,.T.);
#1077 = LINE('',#1078,#1079);
#1078 = CARTESIAN_POINT('',(2.749780246866,-1.95,0.));
#1079 = VECTOR('',#1080,1.);
#1080 = DIRECTION('',(1.,0.,0.));
#1081 = PLANE('',#1082);
#1082 = AXIS2_PLACEMENT_3D('',#1083,#1084,#1085);
#1083 = CARTESIAN_POINT('',(2.749780246866,-1.95,0.));
#1084 = DIRECTION('',(0.,-2.2E-16,-1.));
#1085 = DIRECTION('',(1.,0.,0.));
#1086 = ADVANCED_FACE('',(#1087),#1114,.T.);
#1087 = FACE_BOUND('',#1088,.T.);
#1088 = EDGE_LOOP('',(#1089,#1098,#1106,#1113));
#1089 = ORIENTED_EDGE('',*,*,#1090,.T.);
#1090 = EDGE_CURVE('',#1060,#1091,#1093,.T.);
#1091 = VERTEX_POINT('',#1092);
#1092 = CARTESIAN_POINT('',(2.346261117096,-1.95,0.353940403596));
#1093 = CIRCLE('',#1094,0.406991536515);
#1094 = AXIS2_PLACEMENT_3D('',#1095,#1096,#1097);
#1095 = CARTESIAN_POINT('',(2.749780246866,-1.95,0.406991536515));
#1096 = DIRECTION('',(0.,1.,-2.2E-16));
#1097 = DIRECTION('',(-1.,0.,0.));
#1098 = ORIENTED_EDGE('',*,*,#1099,.T.);
#1099 = EDGE_CURVE('',#1091,#1100,#1102,.T.);
#1100 = VERTEX_POINT('',#1101);
#1101 = CARTESIAN_POINT('',(2.346261117096,-1.25,0.353940403596));
#1102 = LINE('',#1103,#1104);
#1103 = CARTESIAN_POINT('',(2.346261117096,-1.95,0.353940403596));
#1104 = VECTOR('',#1105,1.);
#1105 = DIRECTION('',(-0.,1.,-2.2E-16));
#1106 = ORIENTED_EDGE('',*,*,#1107,.F.);
#1107 = EDGE_CURVE('',#1062,#1100,#1108,.T.);
#1108 = CIRCLE('',#1109,0.406991536515);
#1109 = AXIS2_PLACEMENT_3D('',#1110,#1111,#1112);
#1110 = CARTESIAN_POINT('',(2.749780246866,-1.25,0.406991536515));
#1111 = DIRECTION('',(0.,1.,-2.2E-16));
#1112 = DIRECTION('',(-1.,0.,0.));
#1113 = ORIENTED_EDGE('',*,*,#1059,.F.);
#1114 = CYLINDRICAL_SURFACE('',#1115,0.406991536515);
#1115 = AXIS2_PLACEMENT_3D('',#1116,#1117,#1118);
#1116 = CARTESIAN_POINT('',(2.749780246866,-1.95,0.406991536515));
#1117 = DIRECTION('',(0.,-1.,2.2E-16));
#1118 = DIRECTION('',(-1.,0.,0.));
#1119 = ADVANCED_FACE('',(#1120),#1145,.T.);
#1120 = FACE_BOUND('',#1121,.T.);
#1121 = EDGE_LOOP('',(#1122,#1132,#1138,#1139));
#1122 = ORIENTED_EDGE('',*,*,#1123,.T.);
#1123 = EDGE_CURVE('',#1124,#1126,#1128,.T.);
#1124 = VERTEX_POINT('',#1125);
#1125 = CARTESIAN_POINT('',(2.289624352222,-1.95,0.784732675458));
#1126 = VERTEX_POINT('',#1127);
#1127 = CARTESIAN_POINT('',(2.289624352222,-1.25,0.784732675458));
#1128 = LINE('',#1129,#1130);
#1129 = CARTESIAN_POINT('',(2.289624352222,-1.95,0.784732675458));
#1130 = VECTOR('',#1131,1.);
#1131 = DIRECTION('',(-0.,1.,-2.2E-16));
#1132 = ORIENTED_EDGE('',*,*,#1133,.T.);
#1133 = EDGE_CURVE('',#1126,#1100,#1134,.T.);
#1134 = LINE('',#1135,#1136);
#1135 = CARTESIAN_POINT('',(2.289624352222,-1.25,0.784732675458));
#1136 = VECTOR('',#1137,1.);
#1137 = DIRECTION('',(0.13034947452,-2.199999999999E-16,-0.991468110678)
  );
#1138 = ORIENTED_EDGE('',*,*,#1099,.F.);
#1139 = ORIENTED_EDGE('',*,*,#1140,.F.);
#1140 = EDGE_CURVE('',#1124,#1091,#1141,.T.);
#1141 = LINE('',#1142,#1143);
#1142 = CARTESIAN_POINT('',(2.289624352222,-1.95,0.784732675458));
#1143 = VECTOR('',#1144,1.);
#1144 = DIRECTION('',(0.13034947452,-2.199999999999E-16,-0.991468110678)
  );
#1145 = PLANE('',#1146);
#1146 = AXIS2_PLACEMENT_3D('',#1147,#1148,#1149);
#1147 = CARTESIAN_POINT('',(2.289624352222,-1.95,0.784732675458));
#1148 = DIRECTION('',(-0.991468110678,-2.999999999998E-17,-0.13034947452
    ));
#1149 = DIRECTION('',(0.13034947452,-2.199999999999E-16,-0.991468110678)
  );
#1150 = ADVANCED_FACE('',(#1151),#1178,.F.);
#1151 = FACE_BOUND('',#1152,.F.);
#1152 = EDGE_LOOP('',(#1153,#1162,#1163,#1172));
#1153 = ORIENTED_EDGE('',*,*,#1154,.T.);
#1154 = EDGE_CURVE('',#1155,#1124,#1157,.T.);
#1155 = VERTEX_POINT('',#1156);
#1156 = CARTESIAN_POINT('',(2.25,-1.95,0.8));
#1157 = CIRCLE('',#1158,5.905358475505E-02);
#1158 = AXIS2_PLACEMENT_3D('',#1159,#1160,#1161);
#1159 = CARTESIAN_POINT('',(2.25,-1.95,0.740946415245));
#1160 = DIRECTION('',(0.,1.,-2.2E-16));
#1161 = DIRECTION('',(-1.,0.,0.));
#1162 = ORIENTED_EDGE('',*,*,#1123,.T.);
#1163 = ORIENTED_EDGE('',*,*,#1164,.F.);
#1164 = EDGE_CURVE('',#1165,#1126,#1167,.T.);
#1165 = VERTEX_POINT('',#1166);
#1166 = CARTESIAN_POINT('',(2.25,-1.25,0.8));
#1167 = CIRCLE('',#1168,5.905358475505E-02);
#1168 = AXIS2_PLACEMENT_3D('',#1169,#1170,#1171);
#1169 = CARTESIAN_POINT('',(2.25,-1.25,0.740946415245));
#1170 = DIRECTION('',(0.,1.,-2.2E-16));
#1171 = DIRECTION('',(-1.,0.,0.));
#1172 = ORIENTED_EDGE('',*,*,#1173,.F.);
#1173 = EDGE_CURVE('',#1155,#1165,#1174,.T.);
#1174 = LINE('',#1175,#1176);
#1175 = CARTESIAN_POINT('',(2.25,-1.95,0.8));
#1176 = VECTOR('',#1177,1.);
#1177 = DIRECTION('',(-0.,1.,-2.2E-16));
#1178 = CYLINDRICAL_SURFACE('',#1179,5.905358475505E-02);
#1179 = AXIS2_PLACEMENT_3D('',#1180,#1181,#1182);
#1180 = CARTESIAN_POINT('',(2.25,-1.95,0.740946415245));
#1181 = DIRECTION('',(0.,-1.,2.2E-16));
#1182 = DIRECTION('',(-1.,0.,0.));
#1183 = ADVANCED_FACE('',(#1184),#1200,.T.);
#1184 = FACE_BOUND('',#1185,.T.);
#1185 = EDGE_LOOP('',(#1186,#1187,#1193,#1194));
#1186 = ORIENTED_EDGE('',*,*,#888,.T.);
#1187 = ORIENTED_EDGE('',*,*,#1188,.T.);
#1188 = EDGE_CURVE('',#880,#1165,#1189,.T.);
#1189 = LINE('',#1190,#1191);
#1190 = CARTESIAN_POINT('',(2.25,-1.25,1.1));
#1191 = VECTOR('',#1192,1.);
#1192 = DIRECTION('',(0.,-2.2E-16,-1.));
#1193 = ORIENTED_EDGE('',*,*,#1173,.F.);
#1194 = ORIENTED_EDGE('',*,*,#1195,.F.);
#1195 = EDGE_CURVE('',#861,#1155,#1196,.T.);
#1196 = LINE('',#1197,#1198);
#1197 = CARTESIAN_POINT('',(2.25,-1.95,1.1));
#1198 = VECTOR('',#1199,1.);
#1199 = DIRECTION('',(0.,-2.2E-16,-1.));
#1200 = PLANE('',#1201);
#1201 = AXIS2_PLACEMENT_3D('',#1202,#1203,#1204);
#1202 = CARTESIAN_POINT('',(2.25,-1.95,1.1));
#1203 = DIRECTION('',(-1.,0.,0.));
#1204 = DIRECTION('',(-0.,-2.2E-16,-1.));
#1205 = ADVANCED_FACE('',(#1206),#1219,.T.);
#1206 = FACE_BOUND('',#1207,.F.);
#1207 = EDGE_LOOP('',(#1208,#1209,#1210,#1211,#1212,#1213,#1214,#1215,
    #1216,#1217,#1218));
#1208 = ORIENTED_EDGE('',*,*,#860,.T.);
#1209 = ORIENTED_EDGE('',*,*,#919,.T.);
#1210 = ORIENTED_EDGE('',*,*,#933,.F.);
#1211 = ORIENTED_EDGE('',*,*,#983,.T.);
#1212 = ORIENTED_EDGE('',*,*,#1014,.F.);
#1213 = ORIENTED_EDGE('',*,*,#1045,.F.);
#1214 = ORIENTED_EDGE('',*,*,#1076,.F.);
#1215 = ORIENTED_EDGE('',*,*,#1090,.T.);
#1216 = ORIENTED_EDGE('',*,*,#1140,.F.);
#1217 = ORIENTED_EDGE('',*,*,#1154,.F.);
#1218 = ORIENTED_EDGE('',*,*,#1195,.F.);
#1219 = PLANE('',#1220);
#1220 = AXIS2_PLACEMENT_3D('',#1221,#1222,#1223);
#1221 = CARTESIAN_POINT('',(2.666810270767,-1.95,0.435914973428));
#1222 = DIRECTION('',(0.,-1.,4.4E-16));
#1223 = DIRECTION('',(0.,4.4E-16,1.));
#1224 = ADVANCED_FACE('',(#1225),#1238,.F.);
#1225 = FACE_BOUND('',#1226,.T.);
#1226 = EDGE_LOOP('',(#1227,#1228,#1229,#1230,#1231,#1232,#1233,#1234,
    #1235,#1236,#1237));
#1227 = ORIENTED_EDGE('',*,*,#879,.T.);
#1228 = ORIENTED_EDGE('',*,*,#903,.T.);
#1229 = ORIENTED_EDGE('',*,*,#943,.F.);
#1230 = ORIENTED_EDGE('',*,*,#967,.T.);
#1231 = ORIENTED_EDGE('',*,*,#1007,.F.);
#1232 = ORIENTED_EDGE('',*,*,#1038,.F.);
#1233 = ORIENTED_EDGE('',*,*,#1069,.F.);
#1234 = ORIENTED_EDGE('',*,*,#1107,.T.);
#1235 = ORIENTED_EDGE('',*,*,#1133,.F.);
#1236 = ORIENTED_EDGE('',*,*,#1164,.F.);
#1237 = ORIENTED_EDGE('',*,*,#1188,.F.);
#1238 = PLANE('',#1239);
#1239 = AXIS2_PLACEMENT_3D('',#1240,#1241,#1242);
#1240 = CARTESIAN_POINT('',(2.666810270767,-1.25,0.435914973428));
#1241 = DIRECTION('',(0.,-1.,4.4E-16));
#1242 = DIRECTION('',(0.,4.4E-16,1.));
#1243 = MANIFOLD_SOLID_BREP('',#1244);
#1244 = CLOSED_SHELL('',(#1245,#1287,#1318,#1351,#1382,#1413,#1444,#1475
    ,#1508,#1539,#1572,#1594,#1613));
#1245 = ADVANCED_FACE('',(#1246),#1282,.T.);
#1246 = FACE_BOUND('',#1247,.T.);
#1247 = EDGE_LOOP('',(#1248,#1259,#1267,#1276));
#1248 = ORIENTED_EDGE('',*,*,#1249,.T.);
#1249 = EDGE_CURVE('',#1250,#1252,#1254,.T.);
#1250 = VERTEX_POINT('',#1251);
#1251 = CARTESIAN_POINT('',(2.25,1.25,1.1));
#1252 = VERTEX_POINT('',#1253);
#1253 = CARTESIAN_POINT('',(2.58714781981,1.25,0.823200665191));
#1254 = CIRCLE('',#1255,0.343726483817);
#1255 = AXIS2_PLACEMENT_3D('',#1256,#1257,#1258);
#1256 = CARTESIAN_POINT('',(2.25,1.25,0.756273516183));
#1257 = DIRECTION('',(0.,1.,-2.2E-16));
#1258 = DIRECTION('',(-1.,0.,0.));
#1259 = ORIENTED_EDGE('',*,*,#1260,.T.);
#1260 = EDGE_CURVE('',#1252,#1261,#1263,.T.);
#1261 = VERTEX_POINT('',#1262);
#1262 = CARTESIAN_POINT('',(2.58714781981,1.95,0.823200665191));
#1263 = LINE('',#1264,#1265);
#1264 = CARTESIAN_POINT('',(2.58714781981,1.25,0.823200665191));
#1265 = VECTOR('',#1266,1.);
#1266 = DIRECTION('',(0.,1.,2.2E-16));
#1267 = ORIENTED_EDGE('',*,*,#1268,.F.);
#1268 = EDGE_CURVE('',#1269,#1261,#1271,.T.);
#1269 = VERTEX_POINT('',#1270);
#1270 = CARTESIAN_POINT('',(2.25,1.95,1.1));
#1271 = CIRCLE('',#1272,0.343726483817);
#1272 = AXIS2_PLACEMENT_3D('',#1273,#1274,#1275);
#1273 = CARTESIAN_POINT('',(2.25,1.95,0.756273516183));
#1274 = DIRECTION('',(0.,1.,-2.2E-16));
#1275 = DIRECTION('',(-1.,0.,0.));
#1276 = ORIENTED_EDGE('',*,*,#1277,.F.);
#1277 = EDGE_CURVE('',#1250,#1269,#1278,.T.);
#1278 = LINE('',#1279,#1280);
#1279 = CARTESIAN_POINT('',(2.25,1.25,1.1));
#1280 = VECTOR('',#1281,1.);
#1281 = DIRECTION('',(0.,1.,2.2E-16));
#1282 = CYLINDRICAL_SURFACE('',#1283,0.343726483817);
#1283 = AXIS2_PLACEMENT_3D('',#1284,#1285,#1286);
#1284 = CARTESIAN_POINT('',(2.25,1.25,0.756273516183));
#1285 = DIRECTION('',(0.,-1.,-2.2E-16));
#1286 = DIRECTION('',(-1.,-0.,0.));
#1287 = ADVANCED_FACE('',(#1288),#1313,.F.);
#1288 = FACE_BOUND('',#1289,.F.);
#1289 = EDGE_LOOP('',(#1290,#1291,#1299,#1307));
#1290 = ORIENTED_EDGE('',*,*,#1260,.T.);
#1291 = ORIENTED_EDGE('',*,*,#1292,.T.);
#1292 = EDGE_CURVE('',#1261,#1293,#1295,.T.);
#1293 = VERTEX_POINT('',#1294);
#1294 = CARTESIAN_POINT('',(2.645889,1.95,0.368878));
#1295 = LINE('',#1296,#1297);
#1296 = CARTESIAN_POINT('',(2.58714781981,1.95,0.823200665191));
#1297 = VECTOR('',#1298,1.);
#1298 = DIRECTION('',(0.128226632445,-2.199999999999E-16,-0.991744891962
    ));
#1299 = ORIENTED_EDGE('',*,*,#1300,.F.);
#1300 = EDGE_CURVE('',#1301,#1293,#1303,.T.);
#1301 = VERTEX_POINT('',#1302);
#1302 = CARTESIAN_POINT('',(2.645889,1.25,0.368878));
#1303 = LINE('',#1304,#1305);
#1304 = CARTESIAN_POINT('',(2.645889,1.25,0.368878));
#1305 = VECTOR('',#1306,1.);
#1306 = DIRECTION('',(0.,1.,2.2E-16));
#1307 = ORIENTED_EDGE('',*,*,#1308,.F.);
#1308 = EDGE_CURVE('',#1252,#1301,#1309,.T.);
#1309 = LINE('',#1310,#1311);
#1310 = CARTESIAN_POINT('',(2.58714781981,1.25,0.823200665191));
#1311 = VECTOR('',#1312,1.);
#1312 = DIRECTION('',(0.128226632445,-2.199999999999E-16,-0.991744891962
    ));
#1313 = PLANE('',#1314);
#1314 = AXIS2_PLACEMENT_3D('',#1315,#1316,#1317);
#1315 = CARTESIAN_POINT('',(2.58714781981,1.25,0.823200665191));
#1316 = DIRECTION('',(-0.991744891962,2.999999999999E-17,-0.128226632445
    ));
#1317 = DIRECTION('',(0.128226632445,2.199999999999E-16,-0.991744891962)
  );
#1318 = ADVANCED_FACE('',(#1319),#1346,.F.);
#1319 = FACE_BOUND('',#1320,.F.);
#1320 = EDGE_LOOP('',(#1321,#1330,#1331,#1340));
#1321 = ORIENTED_EDGE('',*,*,#1322,.T.);
#1322 = EDGE_CURVE('',#1323,#1301,#1325,.T.);
#1323 = VERTEX_POINT('',#1324);
#1324 = CARTESIAN_POINT('',(2.733565316038,1.25,0.3));
#1325 = CIRCLE('',#1326,7.956495531162E-02);
#1326 = AXIS2_PLACEMENT_3D('',#1327,#1328,#1329);
#1327 = CARTESIAN_POINT('',(2.724797138009,1.25,0.37908034628));
#1328 = DIRECTION('',(0.,1.,-2.2E-16));
#1329 = DIRECTION('',(-1.,0.,0.));
#1330 = ORIENTED_EDGE('',*,*,#1300,.T.);
#1331 = ORIENTED_EDGE('',*,*,#1332,.F.);
#1332 = EDGE_CURVE('',#1333,#1293,#1335,.T.);
#1333 = VERTEX_POINT('',#1334);
#1334 = CARTESIAN_POINT('',(2.733565316038,1.95,0.3));
#1335 = CIRCLE('',#1336,7.956495531162E-02);
#1336 = AXIS2_PLACEMENT_3D('',#1337,#1338,#1339);
#1337 = CARTESIAN_POINT('',(2.724797138009,1.95,0.37908034628));
#1338 = DIRECTION('',(0.,1.,-2.2E-16));
#1339 = DIRECTION('',(-1.,0.,0.));
#1340 = ORIENTED_EDGE('',*,*,#1341,.F.);
#1341 = EDGE_CURVE('',#1323,#1333,#1342,.T.);
#1342 = LINE('',#1343,#1344);
#1343 = CARTESIAN_POINT('',(2.733565316038,1.25,0.3));
#1344 = VECTOR('',#1345,1.);
#1345 = DIRECTION('',(0.,1.,2.2E-16));
#1346 = CYLINDRICAL_SURFACE('',#1347,7.956495531162E-02);
#1347 = AXIS2_PLACEMENT_3D('',#1348,#1349,#1350);
#1348 = CARTESIAN_POINT('',(2.724797138009,1.25,0.37908034628));
#1349 = DIRECTION('',(0.,-1.,-2.2E-16));
#1350 = DIRECTION('',(-1.,-0.,0.));
#1351 = ADVANCED_FACE('',(#1352),#1377,.F.);
#1352 = FACE_BOUND('',#1353,.F.);
#1353 = EDGE_LOOP('',(#1354,#1355,#1363,#1371));
#1354 = ORIENTED_EDGE('',*,*,#1341,.T.);
#1355 = ORIENTED_EDGE('',*,*,#1356,.T.);
#1356 = EDGE_CURVE('',#1333,#1357,#1359,.T.);
#1357 = VERTEX_POINT('',#1358);
#1358 = CARTESIAN_POINT('',(3.25,1.95,0.3));
#1359 = LINE('',#1360,#1361);
#1360 = CARTESIAN_POINT('',(2.733565316038,1.95,0.3));
#1361 = VECTOR('',#1362,1.);
#1362 = DIRECTION('',(1.,0.,0.));
#1363 = ORIENTED_EDGE('',*,*,#1364,.F.);
#1364 = EDGE_CURVE('',#1365,#1357,#1367,.T.);
#1365 = VERTEX_POINT('',#1366);
#1366 = CARTESIAN_POINT('',(3.25,1.25,0.3));
#1367 = LINE('',#1368,#1369);
#1368 = CARTESIAN_POINT('',(3.25,1.25,0.3));
#1369 = VECTOR('',#1370,1.);
#1370 = DIRECTION('',(0.,1.,2.2E-16));
#1371 = ORIENTED_EDGE('',*,*,#1372,.F.);
#1372 = EDGE_CURVE('',#1323,#1365,#1373,.T.);
#1373 = LINE('',#1374,#1375);
#1374 = CARTESIAN_POINT('',(2.733565316038,1.25,0.3));
#1375 = VECTOR('',#1376,1.);
#1376 = DIRECTION('',(1.,0.,0.));
#1377 = PLANE('',#1378);
#1378 = AXIS2_PLACEMENT_3D('',#1379,#1380,#1381);
#1379 = CARTESIAN_POINT('',(2.733565316038,1.25,0.3));
#1380 = DIRECTION('',(-0.,2.2E-16,-1.));
#1381 = DIRECTION('',(1.,0.,0.));
#1382 = ADVANCED_FACE('',(#1383),#1408,.T.);
#1383 = FACE_BOUND('',#1384,.T.);
#1384 = EDGE_LOOP('',(#1385,#1395,#1401,#1402));
#1385 = ORIENTED_EDGE('',*,*,#1386,.T.);
#1386 = EDGE_CURVE('',#1387,#1389,#1391,.T.);
#1387 = VERTEX_POINT('',#1388);
#1388 = CARTESIAN_POINT('',(3.25,1.25,0.));
#1389 = VERTEX_POINT('',#1390);
#1390 = CARTESIAN_POINT('',(3.25,1.95,0.));
#1391 = LINE('',#1392,#1393);
#1392 = CARTESIAN_POINT('',(3.25,1.25,0.));
#1393 = VECTOR('',#1394,1.);
#1394 = DIRECTION('',(0.,1.,2.2E-16));
#1395 = ORIENTED_EDGE('',*,*,#1396,.T.);
#1396 = EDGE_CURVE('',#1389,#1357,#1397,.T.);
#1397 = LINE('',#1398,#1399);
#1398 = CARTESIAN_POINT('',(3.25,1.95,-1.110223024625E-16));
#1399 = VECTOR('',#1400,1.);
#1400 = DIRECTION('',(0.,2.2E-16,1.));
#1401 = ORIENTED_EDGE('',*,*,#1364,.F.);
#1402 = ORIENTED_EDGE('',*,*,#1403,.F.);
#1403 = EDGE_CURVE('',#1387,#1365,#1404,.T.);
#1404 = LINE('',#1405,#1406);
#1405 = CARTESIAN_POINT('',(3.25,1.25,0.));
#1406 = VECTOR('',#1407,1.);
#1407 = DIRECTION('',(0.,2.2E-16,1.));
#1408 = PLANE('',#1409);
#1409 = AXIS2_PLACEMENT_3D('',#1410,#1411,#1412);
#1410 = CARTESIAN_POINT('',(3.25,1.25,0.));
#1411 = DIRECTION('',(1.,0.,0.));
#1412 = DIRECTION('',(0.,-2.2E-16,1.));
#1413 = ADVANCED_FACE('',(#1414),#1439,.T.);
#1414 = FACE_BOUND('',#1415,.T.);
#1415 = EDGE_LOOP('',(#1416,#1426,#1432,#1433));
#1416 = ORIENTED_EDGE('',*,*,#1417,.T.);
#1417 = EDGE_CURVE('',#1418,#1420,#1422,.T.);
#1418 = VERTEX_POINT('',#1419);
#1419 = CARTESIAN_POINT('',(2.772049,1.25,0.));
#1420 = VERTEX_POINT('',#1421);
#1421 = CARTESIAN_POINT('',(2.772049,1.95,0.));
#1422 = LINE('',#1423,#1424);
#1423 = CARTESIAN_POINT('',(2.772049,1.25,0.));
#1424 = VECTOR('',#1425,1.);
#1425 = DIRECTION('',(0.,1.,2.2E-16));
#1426 = ORIENTED_EDGE('',*,*,#1427,.T.);
#1427 = EDGE_CURVE('',#1420,#1389,#1428,.T.);
#1428 = LINE('',#1429,#1430);
#1429 = CARTESIAN_POINT('',(2.772049,1.95,-1.110223024625E-16));
#1430 = VECTOR('',#1431,1.);
#1431 = DIRECTION('',(1.,0.,0.));
#1432 = ORIENTED_EDGE('',*,*,#1386,.F.);
#1433 = ORIENTED_EDGE('',*,*,#1434,.F.);
#1434 = EDGE_CURVE('',#1418,#1387,#1435,.T.);
#1435 = LINE('',#1436,#1437);
#1436 = CARTESIAN_POINT('',(2.772049,1.25,0.));
#1437 = VECTOR('',#1438,1.);
#1438 = DIRECTION('',(1.,0.,0.));
#1439 = PLANE('',#1440);
#1440 = AXIS2_PLACEMENT_3D('',#1441,#1442,#1443);
#1441 = CARTESIAN_POINT('',(2.772049,1.25,0.));
#1442 = DIRECTION('',(-0.,2.2E-16,-1.));
#1443 = DIRECTION('',(1.,0.,0.));
#1444 = ADVANCED_FACE('',(#1445),#1470,.T.);
#1445 = FACE_BOUND('',#1446,.T.);
#1446 = EDGE_LOOP('',(#1447,#1457,#1463,#1464));
#1447 = ORIENTED_EDGE('',*,*,#1448,.T.);
#1448 = EDGE_CURVE('',#1449,#1451,#1453,.T.);
#1449 = VERTEX_POINT('',#1450);
#1450 = CARTESIAN_POINT('',(2.749780246866,1.25,0.));
#1451 = VERTEX_POINT('',#1452);
#1452 = CARTESIAN_POINT('',(2.749780246866,1.95,0.));
#1453 = LINE('',#1454,#1455);
#1454 = CARTESIAN_POINT('',(2.749780246866,1.25,0.));
#1455 = VECTOR('',#1456,1.);
#1456 = DIRECTION('',(0.,1.,2.2E-16));
#1457 = ORIENTED_EDGE('',*,*,#1458,.T.);
#1458 = EDGE_CURVE('',#1451,#1420,#1459,.T.);
#1459 = LINE('',#1460,#1461);
#1460 = CARTESIAN_POINT('',(2.749780246866,1.95,-1.110223024625E-16));
#1461 = VECTOR('',#1462,1.);
#1462 = DIRECTION('',(1.,0.,0.));
#1463 = ORIENTED_EDGE('',*,*,#1417,.F.);
#1464 = ORIENTED_EDGE('',*,*,#1465,.F.);
#1465 = EDGE_CURVE('',#1449,#1418,#1466,.T.);
#1466 = LINE('',#1467,#1468);
#1467 = CARTESIAN_POINT('',(2.749780246866,1.25,0.));
#1468 = VECTOR('',#1469,1.);
#1469 = DIRECTION('',(1.,0.,0.));
#1470 = PLANE('',#1471);
#1471 = AXIS2_PLACEMENT_3D('',#1472,#1473,#1474);
#1472 = CARTESIAN_POINT('',(2.749780246866,1.25,0.));
#1473 = DIRECTION('',(0.,2.2E-16,-1.));
#1474 = DIRECTION('',(1.,0.,0.));
#1475 = ADVANCED_FACE('',(#1476),#1503,.T.);
#1476 = FACE_BOUND('',#1477,.T.);
#1477 = EDGE_LOOP('',(#1478,#1487,#1495,#1502));
#1478 = ORIENTED_EDGE('',*,*,#1479,.T.);
#1479 = EDGE_CURVE('',#1449,#1480,#1482,.T.);
#1480 = VERTEX_POINT('',#1481);
#1481 = CARTESIAN_POINT('',(2.346261117096,1.25,0.353940403596));
#1482 = CIRCLE('',#1483,0.406991536515);
#1483 = AXIS2_PLACEMENT_3D('',#1484,#1485,#1486);
#1484 = CARTESIAN_POINT('',(2.749780246866,1.25,0.406991536515));
#1485 = DIRECTION('',(0.,1.,-2.2E-16));
#1486 = DIRECTION('',(-1.,0.,0.));
#1487 = ORIENTED_EDGE('',*,*,#1488,.T.);
#1488 = EDGE_CURVE('',#1480,#1489,#1491,.T.);
#1489 = VERTEX_POINT('',#1490);
#1490 = CARTESIAN_POINT('',(2.346261117096,1.95,0.353940403596));
#1491 = LINE('',#1492,#1493);
#1492 = CARTESIAN_POINT('',(2.346261117096,1.25,0.353940403596));
#1493 = VECTOR('',#1494,1.);
#1494 = DIRECTION('',(0.,1.,2.2E-16));
#1495 = ORIENTED_EDGE('',*,*,#1496,.F.);
#1496 = EDGE_CURVE('',#1451,#1489,#1497,.T.);
#1497 = CIRCLE('',#1498,0.406991536515);
#1498 = AXIS2_PLACEMENT_3D('',#1499,#1500,#1501);
#1499 = CARTESIAN_POINT('',(2.749780246866,1.95,0.406991536515));
#1500 = DIRECTION('',(0.,1.,-2.2E-16));
#1501 = DIRECTION('',(-1.,0.,0.));
#1502 = ORIENTED_EDGE('',*,*,#1448,.F.);
#1503 = CYLINDRICAL_SURFACE('',#1504,0.406991536515);
#1504 = AXIS2_PLACEMENT_3D('',#1505,#1506,#1507);
#1505 = CARTESIAN_POINT('',(2.749780246866,1.25,0.406991536515));
#1506 = DIRECTION('',(0.,-1.,-2.2E-16));
#1507 = DIRECTION('',(-1.,-0.,0.));
#1508 = ADVANCED_FACE('',(#1509),#1534,.T.);
#1509 = FACE_BOUND('',#1510,.T.);
#1510 = EDGE_LOOP('',(#1511,#1521,#1527,#1528));
#1511 = ORIENTED_EDGE('',*,*,#1512,.T.);
#1512 = EDGE_CURVE('',#1513,#1515,#1517,.T.);
#1513 = VERTEX_POINT('',#1514);
#1514 = CARTESIAN_POINT('',(2.289624352222,1.25,0.784732675458));
#1515 = VERTEX_POINT('',#1516);
#1516 = CARTESIAN_POINT('',(2.289624352222,1.95,0.784732675458));
#1517 = LINE('',#1518,#1519);
#1518 = CARTESIAN_POINT('',(2.289624352222,1.25,0.784732675458));
#1519 = VECTOR('',#1520,1.);
#1520 = DIRECTION('',(0.,1.,2.2E-16));
#1521 = ORIENTED_EDGE('',*,*,#1522,.T.);
#1522 = EDGE_CURVE('',#1515,#1489,#1523,.T.);
#1523 = LINE('',#1524,#1525);
#1524 = CARTESIAN_POINT('',(2.289624352222,1.95,0.784732675458));
#1525 = VECTOR('',#1526,1.);
#1526 = DIRECTION('',(0.13034947452,-2.199999999999E-16,-0.991468110678)
  );
#1527 = ORIENTED_EDGE('',*,*,#1488,.F.);
#1528 = ORIENTED_EDGE('',*,*,#1529,.F.);
#1529 = EDGE_CURVE('',#1513,#1480,#1530,.T.);
#1530 = LINE('',#1531,#1532);
#1531 = CARTESIAN_POINT('',(2.289624352222,1.25,0.784732675458));
#1532 = VECTOR('',#1533,1.);
#1533 = DIRECTION('',(0.13034947452,-2.199999999999E-16,-0.991468110678)
  );
#1534 = PLANE('',#1535);
#1535 = AXIS2_PLACEMENT_3D('',#1536,#1537,#1538);
#1536 = CARTESIAN_POINT('',(2.289624352222,1.25,0.784732675458));
#1537 = DIRECTION('',(-0.991468110678,2.999999999998E-17,-0.13034947452)
  );
#1538 = DIRECTION('',(0.13034947452,2.199999999999E-16,-0.991468110678)
  );
#1539 = ADVANCED_FACE('',(#1540),#1567,.F.);
#1540 = FACE_BOUND('',#1541,.F.);
#1541 = EDGE_LOOP('',(#1542,#1551,#1552,#1561));
#1542 = ORIENTED_EDGE('',*,*,#1543,.T.);
#1543 = EDGE_CURVE('',#1544,#1513,#1546,.T.);
#1544 = VERTEX_POINT('',#1545);
#1545 = CARTESIAN_POINT('',(2.25,1.25,0.8));
#1546 = CIRCLE('',#1547,5.905358475505E-02);
#1547 = AXIS2_PLACEMENT_3D('',#1548,#1549,#1550);
#1548 = CARTESIAN_POINT('',(2.25,1.25,0.740946415245));
#1549 = DIRECTION('',(0.,1.,-2.2E-16));
#1550 = DIRECTION('',(-1.,0.,0.));
#1551 = ORIENTED_EDGE('',*,*,#1512,.T.);
#1552 = ORIENTED_EDGE('',*,*,#1553,.F.);
#1553 = EDGE_CURVE('',#1554,#1515,#1556,.T.);
#1554 = VERTEX_POINT('',#1555);
#1555 = CARTESIAN_POINT('',(2.25,1.95,0.8));
#1556 = CIRCLE('',#1557,5.905358475505E-02);
#1557 = AXIS2_PLACEMENT_3D('',#1558,#1559,#1560);
#1558 = CARTESIAN_POINT('',(2.25,1.95,0.740946415245));
#1559 = DIRECTION('',(0.,1.,-2.2E-16));
#1560 = DIRECTION('',(-1.,0.,0.));
#1561 = ORIENTED_EDGE('',*,*,#1562,.F.);
#1562 = EDGE_CURVE('',#1544,#1554,#1563,.T.);
#1563 = LINE('',#1564,#1565);
#1564 = CARTESIAN_POINT('',(2.25,1.25,0.8));
#1565 = VECTOR('',#1566,1.);
#1566 = DIRECTION('',(0.,1.,2.2E-16));
#1567 = CYLINDRICAL_SURFACE('',#1568,5.905358475505E-02);
#1568 = AXIS2_PLACEMENT_3D('',#1569,#1570,#1571);
#1569 = CARTESIAN_POINT('',(2.25,1.25,0.740946415245));
#1570 = DIRECTION('',(0.,-1.,-2.2E-16));
#1571 = DIRECTION('',(-1.,-0.,0.));
#1572 = ADVANCED_FACE('',(#1573),#1589,.T.);
#1573 = FACE_BOUND('',#1574,.T.);
#1574 = EDGE_LOOP('',(#1575,#1576,#1582,#1583));
#1575 = ORIENTED_EDGE('',*,*,#1277,.T.);
#1576 = ORIENTED_EDGE('',*,*,#1577,.T.);
#1577 = EDGE_CURVE('',#1269,#1554,#1578,.T.);
#1578 = LINE('',#1579,#1580);
#1579 = CARTESIAN_POINT('',(2.25,1.95,1.1));
#1580 = VECTOR('',#1581,1.);
#1581 = DIRECTION('',(0.,-2.2E-16,-1.));
#1582 = ORIENTED_EDGE('',*,*,#1562,.F.);
#1583 = ORIENTED_EDGE('',*,*,#1584,.F.);
#1584 = EDGE_CURVE('',#1250,#1544,#1585,.T.);
#1585 = LINE('',#1586,#1587);
#1586 = CARTESIAN_POINT('',(2.25,1.25,1.1));
#1587 = VECTOR('',#1588,1.);
#1588 = DIRECTION('',(0.,-2.2E-16,-1.));
#1589 = PLANE('',#1590);
#1590 = AXIS2_PLACEMENT_3D('',#1591,#1592,#1593);
#1591 = CARTESIAN_POINT('',(2.25,1.25,1.1));
#1592 = DIRECTION('',(-1.,0.,0.));
#1593 = DIRECTION('',(0.,2.2E-16,-1.));
#1594 = ADVANCED_FACE('',(#1595),#1608,.T.);
#1595 = FACE_BOUND('',#1596,.F.);
#1596 = EDGE_LOOP('',(#1597,#1598,#1599,#1600,#1601,#1602,#1603,#1604,
    #1605,#1606,#1607));
#1597 = ORIENTED_EDGE('',*,*,#1249,.T.);
#1598 = ORIENTED_EDGE('',*,*,#1308,.T.);
#1599 = ORIENTED_EDGE('',*,*,#1322,.F.);
#1600 = ORIENTED_EDGE('',*,*,#1372,.T.);
#1601 = ORIENTED_EDGE('',*,*,#1403,.F.);
#1602 = ORIENTED_EDGE('',*,*,#1434,.F.);
#1603 = ORIENTED_EDGE('',*,*,#1465,.F.);
#1604 = ORIENTED_EDGE('',*,*,#1479,.T.);
#1605 = ORIENTED_EDGE('',*,*,#1529,.F.);
#1606 = ORIENTED_EDGE('',*,*,#1543,.F.);
#1607 = ORIENTED_EDGE('',*,*,#1584,.F.);
#1608 = PLANE('',#1609);
#1609 = AXIS2_PLACEMENT_3D('',#1610,#1611,#1612);
#1610 = CARTESIAN_POINT('',(2.666810270767,1.25,0.435914973428));
#1611 = DIRECTION('',(0.,-1.,0.));
#1612 = DIRECTION('',(0.,0.,1.));
#1613 = ADVANCED_FACE('',(#1614),#1627,.F.);
#1614 = FACE_BOUND('',#1615,.T.);
#1615 = EDGE_LOOP('',(#1616,#1617,#1618,#1619,#1620,#1621,#1622,#1623,
    #1624,#1625,#1626));
#1616 = ORIENTED_EDGE('',*,*,#1268,.T.);
#1617 = ORIENTED_EDGE('',*,*,#1292,.T.);
#1618 = ORIENTED_EDGE('',*,*,#1332,.F.);
#1619 = ORIENTED_EDGE('',*,*,#1356,.T.);
#1620 = ORIENTED_EDGE('',*,*,#1396,.F.);
#1621 = ORIENTED_EDGE('',*,*,#1427,.F.);
#1622 = ORIENTED_EDGE('',*,*,#1458,.F.);
#1623 = ORIENTED_EDGE('',*,*,#1496,.T.);
#1624 = ORIENTED_EDGE('',*,*,#1522,.F.);
#1625 = ORIENTED_EDGE('',*,*,#1553,.F.);
#1626 = ORIENTED_EDGE('',*,*,#1577,.F.);
#1627 = PLANE('',#1628);
#1628 = AXIS2_PLACEMENT_3D('',#1629,#1630,#1631);
#1629 = CARTESIAN_POINT('',(2.666810270767,1.95,0.435914973428));
#1630 = DIRECTION('',(0.,-1.,0.));
#1631 = DIRECTION('',(0.,0.,1.));
#1632 = MANIFOLD_SOLID_BREP('',#1633);
#1633 = CLOSED_SHELL('',(#1634,#1667,#1700,#1709));
#1634 = ADVANCED_FACE('',(#1635),#1662,.T.);
#1635 = FACE_BOUND('',#1636,.T.);
#1636 = EDGE_LOOP('',(#1637,#1646,#1654,#1661));
#1637 = ORIENTED_EDGE('',*,*,#1638,.T.);
#1638 = EDGE_CURVE('',#1639,#1639,#1641,.T.);
#1639 = VERTEX_POINT('',#1640);
#1640 = CARTESIAN_POINT('',(-1.29099025767,-1.59099025767,2.9));
#1641 = CIRCLE('',#1642,0.3);
#1642 = AXIS2_PLACEMENT_3D('',#1643,#1644,#1645);
#1643 = CARTESIAN_POINT('',(-1.59099025767,-1.59099025767,2.9));
#1644 = DIRECTION('',(0.,0.,1.));
#1645 = DIRECTION('',(1.,0.,-0.));
#1646 = ORIENTED_EDGE('',*,*,#1647,.T.);
#1647 = EDGE_CURVE('',#1639,#1648,#1650,.T.);
#1648 = VERTEX_POINT('',#1649);
#1649 = CARTESIAN_POINT('',(-1.29099025767,-1.59099025767,2.95));
#1650 = LINE('',#1651,#1652);
#1651 = CARTESIAN_POINT('',(-1.29099025767,-1.59099025767,2.9));
#1652 = VECTOR('',#1653,1.);
#1653 = DIRECTION('',(0.,0.,1.));
#1654 = ORIENTED_EDGE('',*,*,#1655,.F.);
#1655 = EDGE_CURVE('',#1648,#1648,#1656,.T.);
#1656 = CIRCLE('',#1657,0.3);
#1657 = AXIS2_PLACEMENT_3D('',#1658,#1659,#1660);
#1658 = CARTESIAN_POINT('',(-1.59099025767,-1.59099025767,2.95));
#1659 = DIRECTION('',(0.,0.,1.));
#1660 = DIRECTION('',(1.,0.,-0.));
#1661 = ORIENTED_EDGE('',*,*,#1647,.F.);
#1662 = CYLINDRICAL_SURFACE('',#1663,0.3);
#1663 = AXIS2_PLACEMENT_3D('',#1664,#1665,#1666);
#1664 = CARTESIAN_POINT('',(-1.59099025767,-1.59099025767,2.9));
#1665 = DIRECTION('',(-0.,-0.,-1.));
#1666 = DIRECTION('',(1.,0.,0.));
#1667 = ADVANCED_FACE('',(#1668),#1688,.T.);
#1668 = FACE_BOUND('',#1669,.T.);
#1669 = EDGE_LOOP('',(#1670,#1679,#1680,#1681));
#1670 = ORIENTED_EDGE('',*,*,#1671,.F.);
#1671 = EDGE_CURVE('',#1648,#1672,#1674,.T.);
#1672 = VERTEX_POINT('',#1673);
#1673 = CARTESIAN_POINT('',(-1.54099025767,-1.59099025767,3.2));
#1674 = CIRCLE('',#1675,0.25);
#1675 = AXIS2_PLACEMENT_3D('',#1676,#1677,#1678);
#1676 = CARTESIAN_POINT('',(-1.54099025767,-1.59099025767,2.95));
#1677 = DIRECTION('',(0.,-1.,0.));
#1678 = DIRECTION('',(1.,0.,0.));
#1679 = ORIENTED_EDGE('',*,*,#1655,.T.);
#1680 = ORIENTED_EDGE('',*,*,#1671,.T.);
#1681 = ORIENTED_EDGE('',*,*,#1682,.F.);
#1682 = EDGE_CURVE('',#1672,#1672,#1683,.T.);
#1683 = CIRCLE('',#1684,5.E-02);
#1684 = AXIS2_PLACEMENT_3D('',#1685,#1686,#1687);
#1685 = CARTESIAN_POINT('',(-1.59099025767,-1.59099025767,3.2));
#1686 = DIRECTION('',(0.,0.,1.));
#1687 = DIRECTION('',(1.,0.,-0.));
#1688 = SURFACE_OF_REVOLUTION('',#1689,#1697);
#1689 = B_SPLINE_CURVE_WITH_KNOTS('',6,(#1690,#1691,#1692,#1693,#1694,
    #1695,#1696),.UNSPECIFIED.,.F.,.F.,(7,7),(0.,1.570796326795),
  .PIECEWISE_BEZIER_KNOTS.);
#1690 = CARTESIAN_POINT('',(-1.29099025767,-1.59099025767,2.95));
#1691 = CARTESIAN_POINT('',(-1.29099025767,-1.59099025767,3.01544984695)
  );
#1692 = CARTESIAN_POINT('',(-1.311547179175,-1.59099025767,
    3.080894125176));
#1693 = CARTESIAN_POINT('',(-1.35269272026,-1.59099025767,3.13829753741)
  );
#1694 = CARTESIAN_POINT('',(-1.410096132493,-1.59099025767,
    3.179443078495));
#1695 = CARTESIAN_POINT('',(-1.47554041072,-1.59099025767,3.2));
#1696 = CARTESIAN_POINT('',(-1.54099025767,-1.59099025767,3.2));
#1697 = AXIS1_PLACEMENT('',#1698,#1699);
#1698 = CARTESIAN_POINT('',(-1.59099025767,-1.59099025767,2.95));
#1699 = DIRECTION('',(0.,0.,1.));
#1700 = ADVANCED_FACE('',(#1701),#1704,.F.);
#1701 = FACE_BOUND('',#1702,.F.);
#1702 = EDGE_LOOP('',(#1703));
#1703 = ORIENTED_EDGE('',*,*,#1638,.T.);
#1704 = PLANE('',#1705);
#1705 = AXIS2_PLACEMENT_3D('',#1706,#1707,#1708);
#1706 = CARTESIAN_POINT('',(-1.59099025767,-1.59099025767,2.9));
#1707 = DIRECTION('',(0.,0.,1.));
#1708 = DIRECTION('',(1.,0.,-0.));
#1709 = ADVANCED_FACE('',(#1710),#1713,.T.);
#1710 = FACE_BOUND('',#1711,.T.);
#1711 = EDGE_LOOP('',(#1712));
#1712 = ORIENTED_EDGE('',*,*,#1682,.T.);
#1713 = PLANE('',#1714);
#1714 = AXIS2_PLACEMENT_3D('',#1715,#1716,#1717);
#1715 = CARTESIAN_POINT('',(-1.59099025767,-1.59099025767,3.2));
#1716 = DIRECTION('',(0.,0.,1.));
#1717 = DIRECTION('',(1.,0.,-0.));
#1718 = MANIFOLD_SOLID_BREP('',#1719);
#1719 = CLOSED_SHELL('',(#1720,#1792,#1832,#1856,#1944,#1968,#2001,#2026
    ,#2085,#2102,#2119,#2154,#2171,#2206,#2230,#2254,#2301,#2325,#2342,
    #2360,#2378,#2391));
#1720 = ADVANCED_FACE('',(#1721),#1787,.T.);
#1721 = FACE_BOUND('',#1722,.T.);
#1722 = EDGE_LOOP('',(#1723,#1733,#1741,#1749,#1757,#1765,#1773,#1781));
#1723 = ORIENTED_EDGE('',*,*,#1724,.F.);
#1724 = EDGE_CURVE('',#1725,#1727,#1729,.T.);
#1725 = VERTEX_POINT('',#1726);
#1726 = CARTESIAN_POINT('',(-2.25,-2.1,0.));
#1727 = VERTEX_POINT('',#1728);
#1728 = CARTESIAN_POINT('',(-2.25,-1.25,0.));
#1729 = LINE('',#1730,#1731);
#1730 = CARTESIAN_POINT('',(-2.25,-2.1,0.));
#1731 = VECTOR('',#1732,1.);
#1732 = DIRECTION('',(0.,1.,0.));
#1733 = ORIENTED_EDGE('',*,*,#1734,.T.);
#1734 = EDGE_CURVE('',#1725,#1735,#1737,.T.);
#1735 = VERTEX_POINT('',#1736);
#1736 = CARTESIAN_POINT('',(-2.25,-2.1,2.6));
#1737 = LINE('',#1738,#1739);
#1738 = CARTESIAN_POINT('',(-2.25,-2.1,0.));
#1739 = VECTOR('',#1740,1.);
#1740 = DIRECTION('',(0.,0.,1.));
#1741 = ORIENTED_EDGE('',*,*,#1742,.T.);
#1742 = EDGE_CURVE('',#1735,#1743,#1745,.T.);
#1743 = VERTEX_POINT('',#1744);
#1744 = CARTESIAN_POINT('',(-2.25,2.1,2.6));
#1745 = LINE('',#1746,#1747);
#1746 = CARTESIAN_POINT('',(-2.25,-2.1,2.6));
#1747 = VECTOR('',#1748,1.);
#1748 = DIRECTION('',(0.,1.,0.));
#1749 = ORIENTED_EDGE('',*,*,#1750,.F.);
#1750 = EDGE_CURVE('',#1751,#1743,#1753,.T.);
#1751 = VERTEX_POINT('',#1752);
#1752 = CARTESIAN_POINT('',(-2.25,2.1,0.));
#1753 = LINE('',#1754,#1755);
#1754 = CARTESIAN_POINT('',(-2.25,2.1,0.));
#1755 = VECTOR('',#1756,1.);
#1756 = DIRECTION('',(0.,0.,1.));
#1757 = ORIENTED_EDGE('',*,*,#1758,.F.);
#1758 = EDGE_CURVE('',#1759,#1751,#1761,.T.);
#1759 = VERTEX_POINT('',#1760);
#1760 = CARTESIAN_POINT('',(-2.25,1.25,0.));
#1761 = LINE('',#1762,#1763);
#1762 = CARTESIAN_POINT('',(-2.25,-2.1,0.));
#1763 = VECTOR('',#1764,1.);
#1764 = DIRECTION('',(0.,1.,0.));
#1765 = ORIENTED_EDGE('',*,*,#1766,.T.);
#1766 = EDGE_CURVE('',#1759,#1767,#1769,.T.);
#1767 = VERTEX_POINT('',#1768);
#1768 = CARTESIAN_POINT('',(-2.25,1.25,0.3));
#1769 = LINE('',#1770,#1771);
#1770 = CARTESIAN_POINT('',(-2.25,1.25,0.));
#1771 = VECTOR('',#1772,1.);
#1772 = DIRECTION('',(0.,0.,1.));
#1773 = ORIENTED_EDGE('',*,*,#1774,.F.);
#1774 = EDGE_CURVE('',#1775,#1767,#1777,.T.);
#1775 = VERTEX_POINT('',#1776);
#1776 = CARTESIAN_POINT('',(-2.25,-1.25,0.3));
#1777 = LINE('',#1778,#1779);
#1778 = CARTESIAN_POINT('',(-2.25,-1.25,0.3));
#1779 = VECTOR('',#1780,1.);
#1780 = DIRECTION('',(0.,1.,0.));
#1781 = ORIENTED_EDGE('',*,*,#1782,.F.);
#1782 = EDGE_CURVE('',#1727,#1775,#1783,.T.);
#1783 = LINE('',#1784,#1785);
#1784 = CARTESIAN_POINT('',(-2.25,-1.25,0.));
#1785 = VECTOR('',#1786,1.);
#1786 = DIRECTION('',(0.,0.,1.));
#1787 = PLANE('',#1788);
#1788 = AXIS2_PLACEMENT_3D('',#1789,#1790,#1791);
#1789 = CARTESIAN_POINT('',(-2.25,-2.1,0.));
#1790 = DIRECTION('',(-1.,0.,0.));
#1791 = DIRECTION('',(0.,1.,0.));
#1792 = ADVANCED_FACE('',(#1793),#1827,.F.);
#1793 = FACE_BOUND('',#1794,.F.);
#1794 = EDGE_LOOP('',(#1795,#1796,#1805,#1813,#1821));
#1795 = ORIENTED_EDGE('',*,*,#1724,.F.);
#1796 = ORIENTED_EDGE('',*,*,#1797,.T.);
#1797 = EDGE_CURVE('',#1725,#1798,#1800,.T.);
#1798 = VERTEX_POINT('',#1799);
#1799 = CARTESIAN_POINT('',(-2.1,-2.25,0.));
#1800 = CIRCLE('',#1801,0.15);
#1801 = AXIS2_PLACEMENT_3D('',#1802,#1803,#1804);
#1802 = CARTESIAN_POINT('',(-2.1,-2.1,0.));
#1803 = DIRECTION('',(0.,0.,1.));
#1804 = DIRECTION('',(1.,0.,-0.));
#1805 = ORIENTED_EDGE('',*,*,#1806,.F.);
#1806 = EDGE_CURVE('',#1807,#1798,#1809,.T.);
#1807 = VERTEX_POINT('',#1808);
#1808 = CARTESIAN_POINT('',(-1.25,-2.25,0.));
#1809 = LINE('',#1810,#1811);
#1810 = CARTESIAN_POINT('',(2.1,-2.25,0.));
#1811 = VECTOR('',#1812,1.);
#1812 = DIRECTION('',(-1.,0.,0.));
#1813 = ORIENTED_EDGE('',*,*,#1814,.T.);
#1814 = EDGE_CURVE('',#1807,#1815,#1817,.T.);
#1815 = VERTEX_POINT('',#1816);
#1816 = CARTESIAN_POINT('',(-1.25,-1.25,0.));
#1817 = LINE('',#1818,#1819);
#1818 = CARTESIAN_POINT('',(-1.25,-2.25,0.));
#1819 = VECTOR('',#1820,1.);
#1820 = DIRECTION('',(0.,1.,0.));
#1821 = ORIENTED_EDGE('',*,*,#1822,.F.);
#1822 = EDGE_CURVE('',#1727,#1815,#1823,.T.);
#1823 = LINE('',#1824,#1825);
#1824 = CARTESIAN_POINT('',(-2.25,-1.25,0.));
#1825 = VECTOR('',#1826,1.);
#1826 = DIRECTION('',(1.,0.,0.));
#1827 = PLANE('',#1828);
#1828 = AXIS2_PLACEMENT_3D('',#1829,#1830,#1831);
#1829 = CARTESIAN_POINT('',(-6.E-17,-4.1E-16,0.));
#1830 = DIRECTION('',(0.,0.,1.));
#1831 = DIRECTION('',(1.,0.,-0.));
#1832 = ADVANCED_FACE('',(#1833),#1851,.T.);
#1833 = FACE_BOUND('',#1834,.T.);
#1834 = EDGE_LOOP('',(#1835,#1836,#1844,#1850));
#1835 = ORIENTED_EDGE('',*,*,#1782,.T.);
#1836 = ORIENTED_EDGE('',*,*,#1837,.T.);
#1837 = EDGE_CURVE('',#1775,#1838,#1840,.T.);
#1838 = VERTEX_POINT('',#1839);
#1839 = CARTESIAN_POINT('',(-1.25,-1.25,0.3));
#1840 = LINE('',#1841,#1842);
#1841 = CARTESIAN_POINT('',(-2.25,-1.25,0.3));
#1842 = VECTOR('',#1843,1.);
#1843 = DIRECTION('',(1.,0.,0.));
#1844 = ORIENTED_EDGE('',*,*,#1845,.F.);
#1845 = EDGE_CURVE('',#1815,#1838,#1846,.T.);
#1846 = LINE('',#1847,#1848);
#1847 = CARTESIAN_POINT('',(-1.25,-1.25,0.));
#1848 = VECTOR('',#1849,1.);
#1849 = DIRECTION('',(0.,0.,1.));
#1850 = ORIENTED_EDGE('',*,*,#1822,.F.);
#1851 = PLANE('',#1852);
#1852 = AXIS2_PLACEMENT_3D('',#1853,#1854,#1855);
#1853 = CARTESIAN_POINT('',(-2.25,-1.25,0.));
#1854 = DIRECTION('',(0.,1.,0.));
#1855 = DIRECTION('',(1.,0.,0.));
#1856 = ADVANCED_FACE('',(#1857),#1939,.F.);
#1857 = FACE_BOUND('',#1858,.T.);
#1858 = EDGE_LOOP('',(#1859,#1860,#1868,#1876,#1884,#1892,#1900,#1908,
    #1916,#1924,#1932,#1938));
#1859 = ORIENTED_EDGE('',*,*,#1774,.T.);
#1860 = ORIENTED_EDGE('',*,*,#1861,.T.);
#1861 = EDGE_CURVE('',#1767,#1862,#1864,.T.);
#1862 = VERTEX_POINT('',#1863);
#1863 = CARTESIAN_POINT('',(-1.25,1.25,0.3));
#1864 = LINE('',#1865,#1866);
#1865 = CARTESIAN_POINT('',(-2.25,1.25,0.3));
#1866 = VECTOR('',#1867,1.);
#1867 = DIRECTION('',(1.,0.,0.));
#1868 = ORIENTED_EDGE('',*,*,#1869,.F.);
#1869 = EDGE_CURVE('',#1870,#1862,#1872,.T.);
#1870 = VERTEX_POINT('',#1871);
#1871 = CARTESIAN_POINT('',(-1.25,2.25,0.3));
#1872 = LINE('',#1873,#1874);
#1873 = CARTESIAN_POINT('',(-1.25,2.25,0.3));
#1874 = VECTOR('',#1875,1.);
#1875 = DIRECTION('',(0.,-1.,0.));
#1876 = ORIENTED_EDGE('',*,*,#1877,.T.);
#1877 = EDGE_CURVE('',#1870,#1878,#1880,.T.);
#1878 = VERTEX_POINT('',#1879);
#1879 = CARTESIAN_POINT('',(1.25,2.25,0.3));
#1880 = LINE('',#1881,#1882);
#1881 = CARTESIAN_POINT('',(-1.25,2.25,0.3));
#1882 = VECTOR('',#1883,1.);
#1883 = DIRECTION('',(1.,0.,0.));
#1884 = ORIENTED_EDGE('',*,*,#1885,.T.);
#1885 = EDGE_CURVE('',#1878,#1886,#1888,.T.);
#1886 = VERTEX_POINT('',#1887);
#1887 = CARTESIAN_POINT('',(1.25,1.25,0.3));
#1888 = LINE('',#1889,#1890);
#1889 = CARTESIAN_POINT('',(1.25,2.25,0.3));
#1890 = VECTOR('',#1891,1.);
#1891 = DIRECTION('',(0.,-1.,0.));
#1892 = ORIENTED_EDGE('',*,*,#1893,.F.);
#1893 = EDGE_CURVE('',#1894,#1886,#1896,.T.);
#1894 = VERTEX_POINT('',#1895);
#1895 = CARTESIAN_POINT('',(2.25,1.25,0.3));
#1896 = LINE('',#1897,#1898);
#1897 = CARTESIAN_POINT('',(2.25,1.25,0.3));
#1898 = VECTOR('',#1899,1.);
#1899 = DIRECTION('',(-1.,0.,0.));
#1900 = ORIENTED_EDGE('',*,*,#1901,.T.);
#1901 = EDGE_CURVE('',#1894,#1902,#1904,.T.);
#1902 = VERTEX_POINT('',#1903);
#1903 = CARTESIAN_POINT('',(2.25,-1.250000000001,0.3));
#1904 = LINE('',#1905,#1906);
#1905 = CARTESIAN_POINT('',(2.25,1.25,0.3));
#1906 = VECTOR('',#1907,1.);
#1907 = DIRECTION('',(1.8E-16,-1.,0.));
#1908 = ORIENTED_EDGE('',*,*,#1909,.T.);
#1909 = EDGE_CURVE('',#1902,#1910,#1912,.T.);
#1910 = VERTEX_POINT('',#1911);
#1911 = CARTESIAN_POINT('',(1.25,-1.250000000001,0.3));
#1912 = LINE('',#1913,#1914);
#1913 = CARTESIAN_POINT('',(2.25,-1.250000000001,0.3));
#1914 = VECTOR('',#1915,1.);
#1915 = DIRECTION('',(-1.,0.,0.));
#1916 = ORIENTED_EDGE('',*,*,#1917,.F.);
#1917 = EDGE_CURVE('',#1918,#1910,#1920,.T.);
#1918 = VERTEX_POINT('',#1919);
#1919 = CARTESIAN_POINT('',(1.25,-2.25,0.3));
#1920 = LINE('',#1921,#1922);
#1921 = CARTESIAN_POINT('',(1.25,-2.25,0.3));
#1922 = VECTOR('',#1923,1.);
#1923 = DIRECTION('',(0.,1.,0.));
#1924 = ORIENTED_EDGE('',*,*,#1925,.T.);
#1925 = EDGE_CURVE('',#1918,#1926,#1928,.T.);
#1926 = VERTEX_POINT('',#1927);
#1927 = CARTESIAN_POINT('',(-1.25,-2.25,0.3));
#1928 = LINE('',#1929,#1930);
#1929 = CARTESIAN_POINT('',(1.25,-2.25,0.3));
#1930 = VECTOR('',#1931,1.);
#1931 = DIRECTION('',(-1.,0.,0.));
#1932 = ORIENTED_EDGE('',*,*,#1933,.T.);
#1933 = EDGE_CURVE('',#1926,#1838,#1934,.T.);
#1934 = LINE('',#1935,#1936);
#1935 = CARTESIAN_POINT('',(-1.25,-2.25,0.3));
#1936 = VECTOR('',#1937,1.);
#1937 = DIRECTION('',(0.,1.,0.));
#1938 = ORIENTED_EDGE('',*,*,#1837,.F.);
#1939 = PLANE('',#1940);
#1940 = AXIS2_PLACEMENT_3D('',#1941,#1942,#1943);
#1941 = CARTESIAN_POINT('',(3.395E-14,-3.395E-14,0.3));
#1942 = DIRECTION('',(0.,0.,1.));
#1943 = DIRECTION('',(1.,0.,-0.));
#1944 = ADVANCED_FACE('',(#1945),#1963,.F.);
#1945 = FACE_BOUND('',#1946,.F.);
#1946 = EDGE_LOOP('',(#1947,#1948,#1949,#1957));
#1947 = ORIENTED_EDGE('',*,*,#1766,.T.);
#1948 = ORIENTED_EDGE('',*,*,#1861,.T.);
#1949 = ORIENTED_EDGE('',*,*,#1950,.F.);
#1950 = EDGE_CURVE('',#1951,#1862,#1953,.T.);
#1951 = VERTEX_POINT('',#1952);
#1952 = CARTESIAN_POINT('',(-1.25,1.25,0.));
#1953 = LINE('',#1954,#1955);
#1954 = CARTESIAN_POINT('',(-1.25,1.25,0.));
#1955 = VECTOR('',#1956,1.);
#1956 = DIRECTION('',(0.,0.,1.));
#1957 = ORIENTED_EDGE('',*,*,#1958,.F.);
#1958 = EDGE_CURVE('',#1759,#1951,#1959,.T.);
#1959 = LINE('',#1960,#1961);
#1960 = CARTESIAN_POINT('',(-2.25,1.25,0.));
#1961 = VECTOR('',#1962,1.);
#1962 = DIRECTION('',(1.,0.,0.));
#1963 = PLANE('',#1964);
#1964 = AXIS2_PLACEMENT_3D('',#1965,#1966,#1967);
#1965 = CARTESIAN_POINT('',(-2.25,1.25,0.));
#1966 = DIRECTION('',(0.,1.,0.));
#1967 = DIRECTION('',(1.,0.,0.));
#1968 = ADVANCED_FACE('',(#1969),#1996,.F.);
#1969 = FACE_BOUND('',#1970,.F.);
#1970 = EDGE_LOOP('',(#1971,#1972,#1973,#1981,#1989));
#1971 = ORIENTED_EDGE('',*,*,#1758,.F.);
#1972 = ORIENTED_EDGE('',*,*,#1958,.T.);
#1973 = ORIENTED_EDGE('',*,*,#1974,.F.);
#1974 = EDGE_CURVE('',#1975,#1951,#1977,.T.);
#1975 = VERTEX_POINT('',#1976);
#1976 = CARTESIAN_POINT('',(-1.25,2.25,0.));
#1977 = LINE('',#1978,#1979);
#1978 = CARTESIAN_POINT('',(-1.25,2.25,0.));
#1979 = VECTOR('',#1980,1.);
#1980 = DIRECTION('',(0.,-1.,0.));
#1981 = ORIENTED_EDGE('',*,*,#1982,.F.);
#1982 = EDGE_CURVE('',#1983,#1975,#1985,.T.);
#1983 = VERTEX_POINT('',#1984);
#1984 = CARTESIAN_POINT('',(-2.1,2.25,0.));
#1985 = LINE('',#1986,#1987);
#1986 = CARTESIAN_POINT('',(-2.1,2.25,0.));
#1987 = VECTOR('',#1988,1.);
#1988 = DIRECTION('',(1.,0.,0.));
#1989 = ORIENTED_EDGE('',*,*,#1990,.T.);
#1990 = EDGE_CURVE('',#1983,#1751,#1991,.T.);
#1991 = CIRCLE('',#1992,0.15);
#1992 = AXIS2_PLACEMENT_3D('',#1993,#1994,#1995);
#1993 = CARTESIAN_POINT('',(-2.1,2.1,0.));
#1994 = DIRECTION('',(0.,0.,1.));
#1995 = DIRECTION('',(1.,0.,-0.));
#1996 = PLANE('',#1997);
#1997 = AXIS2_PLACEMENT_3D('',#1998,#1999,#2000);
#1998 = CARTESIAN_POINT('',(-6.E-17,-4.1E-16,0.));
#1999 = DIRECTION('',(0.,0.,1.));
#2000 = DIRECTION('',(1.,0.,-0.));
#2001 = ADVANCED_FACE('',(#2002),#2021,.T.);
#2002 = FACE_BOUND('',#2003,.T.);
#2003 = EDGE_LOOP('',(#2004,#2005,#2006,#2015));
#2004 = ORIENTED_EDGE('',*,*,#1990,.T.);
#2005 = ORIENTED_EDGE('',*,*,#1750,.T.);
#2006 = ORIENTED_EDGE('',*,*,#2007,.F.);
#2007 = EDGE_CURVE('',#2008,#1743,#2010,.T.);
#2008 = VERTEX_POINT('',#2009);
#2009 = CARTESIAN_POINT('',(-2.1,2.25,2.6));
#2010 = CIRCLE('',#2011,0.15);
#2011 = AXIS2_PLACEMENT_3D('',#2012,#2013,#2014);
#2012 = CARTESIAN_POINT('',(-2.1,2.1,2.6));
#2013 = DIRECTION('',(0.,0.,1.));
#2014 = DIRECTION('',(1.,0.,-0.));
#2015 = ORIENTED_EDGE('',*,*,#2016,.F.);
#2016 = EDGE_CURVE('',#1983,#2008,#2017,.T.);
#2017 = LINE('',#2018,#2019);
#2018 = CARTESIAN_POINT('',(-2.1,2.25,0.));
#2019 = VECTOR('',#2020,1.);
#2020 = DIRECTION('',(0.,0.,1.));
#2021 = CYLINDRICAL_SURFACE('',#2022,0.15);
#2022 = AXIS2_PLACEMENT_3D('',#2023,#2024,#2025);
#2023 = CARTESIAN_POINT('',(-2.1,2.1,0.));
#2024 = DIRECTION('',(-0.,-0.,-1.));
#2025 = DIRECTION('',(1.,0.,0.));
#2026 = ADVANCED_FACE('',(#2027),#2080,.T.);
#2027 = FACE_BOUND('',#2028,.F.);
#2028 = EDGE_LOOP('',(#2029,#2030,#2031,#2039,#2048,#2056,#2065,#2073));
#2029 = ORIENTED_EDGE('',*,*,#1742,.T.);
#2030 = ORIENTED_EDGE('',*,*,#2007,.F.);
#2031 = ORIENTED_EDGE('',*,*,#2032,.T.);
#2032 = EDGE_CURVE('',#2008,#2033,#2035,.T.);
#2033 = VERTEX_POINT('',#2034);
#2034 = CARTESIAN_POINT('',(2.1,2.25,2.6));
#2035 = LINE('',#2036,#2037);
#2036 = CARTESIAN_POINT('',(-2.1,2.25,2.6));
#2037 = VECTOR('',#2038,1.);
#2038 = DIRECTION('',(1.,0.,0.));
#2039 = ORIENTED_EDGE('',*,*,#2040,.F.);
#2040 = EDGE_CURVE('',#2041,#2033,#2043,.T.);
#2041 = VERTEX_POINT('',#2042);
#2042 = CARTESIAN_POINT('',(2.25,2.1,2.6));
#2043 = CIRCLE('',#2044,0.15);
#2044 = AXIS2_PLACEMENT_3D('',#2045,#2046,#2047);
#2045 = CARTESIAN_POINT('',(2.1,2.1,2.6));
#2046 = DIRECTION('',(0.,0.,1.));
#2047 = DIRECTION('',(1.,0.,-0.));
#2048 = ORIENTED_EDGE('',*,*,#2049,.T.);
#2049 = EDGE_CURVE('',#2041,#2050,#2052,.T.);
#2050 = VERTEX_POINT('',#2051);
#2051 = CARTESIAN_POINT('',(2.25,-2.1,2.6));
#2052 = LINE('',#2053,#2054);
#2053 = CARTESIAN_POINT('',(2.25,2.1,2.6));
#2054 = VECTOR('',#2055,1.);
#2055 = DIRECTION('',(0.,-1.,0.));
#2056 = ORIENTED_EDGE('',*,*,#2057,.F.);
#2057 = EDGE_CURVE('',#2058,#2050,#2060,.T.);
#2058 = VERTEX_POINT('',#2059);
#2059 = CARTESIAN_POINT('',(2.1,-2.25,2.6));
#2060 = CIRCLE('',#2061,0.15);
#2061 = AXIS2_PLACEMENT_3D('',#2062,#2063,#2064);
#2062 = CARTESIAN_POINT('',(2.1,-2.1,2.6));
#2063 = DIRECTION('',(0.,0.,1.));
#2064 = DIRECTION('',(1.,0.,-0.));
#2065 = ORIENTED_EDGE('',*,*,#2066,.T.);
#2066 = EDGE_CURVE('',#2058,#2067,#2069,.T.);
#2067 = VERTEX_POINT('',#2068);
#2068 = CARTESIAN_POINT('',(-2.1,-2.25,2.6));
#2069 = LINE('',#2070,#2071);
#2070 = CARTESIAN_POINT('',(2.1,-2.25,2.6));
#2071 = VECTOR('',#2072,1.);
#2072 = DIRECTION('',(-1.,0.,0.));
#2073 = ORIENTED_EDGE('',*,*,#2074,.F.);
#2074 = EDGE_CURVE('',#1735,#2067,#2075,.T.);
#2075 = CIRCLE('',#2076,0.15);
#2076 = AXIS2_PLACEMENT_3D('',#2077,#2078,#2079);
#2077 = CARTESIAN_POINT('',(-2.1,-2.1,2.6));
#2078 = DIRECTION('',(0.,0.,1.));
#2079 = DIRECTION('',(1.,0.,-0.));
#2080 = PLANE('',#2081);
#2081 = AXIS2_PLACEMENT_3D('',#2082,#2083,#2084);
#2082 = CARTESIAN_POINT('',(-6.E-17,-4.1E-16,2.6));
#2083 = DIRECTION('',(0.,0.,1.));
#2084 = DIRECTION('',(1.,0.,-0.));
#2085 = ADVANCED_FACE('',(#2086),#2097,.T.);
#2086 = FACE_BOUND('',#2087,.T.);
#2087 = EDGE_LOOP('',(#2088,#2089,#2095,#2096));
#2088 = ORIENTED_EDGE('',*,*,#1797,.T.);
#2089 = ORIENTED_EDGE('',*,*,#2090,.T.);
#2090 = EDGE_CURVE('',#1798,#2067,#2091,.T.);
#2091 = LINE('',#2092,#2093);
#2092 = CARTESIAN_POINT('',(-2.1,-2.25,0.));
#2093 = VECTOR('',#2094,1.);
#2094 = DIRECTION('',(0.,0.,1.));
#2095 = ORIENTED_EDGE('',*,*,#2074,.F.);
#2096 = ORIENTED_EDGE('',*,*,#1734,.F.);
#2097 = CYLINDRICAL_SURFACE('',#2098,0.15);
#2098 = AXIS2_PLACEMENT_3D('',#2099,#2100,#2101);
#2099 = CARTESIAN_POINT('',(-2.1,-2.1,0.));
#2100 = DIRECTION('',(-0.,-0.,-1.));
#2101 = DIRECTION('',(1.,0.,0.));
#2102 = ADVANCED_FACE('',(#2103),#2114,.F.);
#2103 = FACE_BOUND('',#2104,.F.);
#2104 = EDGE_LOOP('',(#2105,#2111,#2112,#2113));
#2105 = ORIENTED_EDGE('',*,*,#2106,.T.);
#2106 = EDGE_CURVE('',#1807,#1926,#2107,.T.);
#2107 = LINE('',#2108,#2109);
#2108 = CARTESIAN_POINT('',(-1.25,-2.25,0.));
#2109 = VECTOR('',#2110,1.);
#2110 = DIRECTION('',(0.,0.,1.));
#2111 = ORIENTED_EDGE('',*,*,#1933,.T.);
#2112 = ORIENTED_EDGE('',*,*,#1845,.F.);
#2113 = ORIENTED_EDGE('',*,*,#1814,.F.);
#2114 = PLANE('',#2115);
#2115 = AXIS2_PLACEMENT_3D('',#2116,#2117,#2118);
#2116 = CARTESIAN_POINT('',(-1.25,-2.25,0.));
#2117 = DIRECTION('',(-1.,0.,0.));
#2118 = DIRECTION('',(0.,1.,0.));
#2119 = ADVANCED_FACE('',(#2120),#2149,.T.);
#2120 = FACE_BOUND('',#2121,.T.);
#2121 = EDGE_LOOP('',(#2122,#2132,#2138,#2139,#2140,#2141,#2142,#2143));
#2122 = ORIENTED_EDGE('',*,*,#2123,.F.);
#2123 = EDGE_CURVE('',#2124,#2126,#2128,.T.);
#2124 = VERTEX_POINT('',#2125);
#2125 = CARTESIAN_POINT('',(2.1,-2.25,0.));
#2126 = VERTEX_POINT('',#2127);
#2127 = CARTESIAN_POINT('',(1.25,-2.25,0.));
#2128 = LINE('',#2129,#2130);
#2129 = CARTESIAN_POINT('',(2.1,-2.25,0.));
#2130 = VECTOR('',#2131,1.);
#2131 = DIRECTION('',(-1.,0.,0.));
#2132 = ORIENTED_EDGE('',*,*,#2133,.T.);
#2133 = EDGE_CURVE('',#2124,#2058,#2134,.T.);
#2134 = LINE('',#2135,#2136);
#2135 = CARTESIAN_POINT('',(2.1,-2.25,0.));
#2136 = VECTOR('',#2137,1.);
#2137 = DIRECTION('',(0.,0.,1.));
#2138 = ORIENTED_EDGE('',*,*,#2066,.T.);
#2139 = ORIENTED_EDGE('',*,*,#2090,.F.);
#2140 = ORIENTED_EDGE('',*,*,#1806,.F.);
#2141 = ORIENTED_EDGE('',*,*,#2106,.T.);
#2142 = ORIENTED_EDGE('',*,*,#1925,.F.);
#2143 = ORIENTED_EDGE('',*,*,#2144,.F.);
#2144 = EDGE_CURVE('',#2126,#1918,#2145,.T.);
#2145 = LINE('',#2146,#2147);
#2146 = CARTESIAN_POINT('',(1.25,-2.25,0.));
#2147 = VECTOR('',#2148,1.);
#2148 = DIRECTION('',(0.,0.,1.));
#2149 = PLANE('',#2150);
#2150 = AXIS2_PLACEMENT_3D('',#2151,#2152,#2153);
#2151 = CARTESIAN_POINT('',(2.1,-2.25,0.));
#2152 = DIRECTION('',(0.,-1.,0.));
#2153 = DIRECTION('',(-1.,0.,0.));
#2154 = ADVANCED_FACE('',(#2155),#2166,.T.);
#2155 = FACE_BOUND('',#2156,.T.);
#2156 = EDGE_LOOP('',(#2157,#2163,#2164,#2165));
#2157 = ORIENTED_EDGE('',*,*,#2158,.T.);
#2158 = EDGE_CURVE('',#1975,#1870,#2159,.T.);
#2159 = LINE('',#2160,#2161);
#2160 = CARTESIAN_POINT('',(-1.25,2.25,0.));
#2161 = VECTOR('',#2162,1.);
#2162 = DIRECTION('',(0.,0.,1.));
#2163 = ORIENTED_EDGE('',*,*,#1869,.T.);
#2164 = ORIENTED_EDGE('',*,*,#1950,.F.);
#2165 = ORIENTED_EDGE('',*,*,#1974,.F.);
#2166 = PLANE('',#2167);
#2167 = AXIS2_PLACEMENT_3D('',#2168,#2169,#2170);
#2168 = CARTESIAN_POINT('',(-1.25,2.25,0.));
#2169 = DIRECTION('',(1.,0.,0.));
#2170 = DIRECTION('',(0.,-1.,0.));
#2171 = ADVANCED_FACE('',(#2172),#2201,.T.);
#2172 = FACE_BOUND('',#2173,.T.);
#2173 = EDGE_LOOP('',(#2174,#2175,#2176,#2177,#2185,#2193,#2199,#2200));
#2174 = ORIENTED_EDGE('',*,*,#1982,.F.);
#2175 = ORIENTED_EDGE('',*,*,#2016,.T.);
#2176 = ORIENTED_EDGE('',*,*,#2032,.T.);
#2177 = ORIENTED_EDGE('',*,*,#2178,.F.);
#2178 = EDGE_CURVE('',#2179,#2033,#2181,.T.);
#2179 = VERTEX_POINT('',#2180);
#2180 = CARTESIAN_POINT('',(2.1,2.25,0.));
#2181 = LINE('',#2182,#2183);
#2182 = CARTESIAN_POINT('',(2.1,2.25,0.));
#2183 = VECTOR('',#2184,1.);
#2184 = DIRECTION('',(0.,0.,1.));
#2185 = ORIENTED_EDGE('',*,*,#2186,.F.);
#2186 = EDGE_CURVE('',#2187,#2179,#2189,.T.);
#2187 = VERTEX_POINT('',#2188);
#2188 = CARTESIAN_POINT('',(1.25,2.25,0.));
#2189 = LINE('',#2190,#2191);
#2190 = CARTESIAN_POINT('',(-2.1,2.25,0.));
#2191 = VECTOR('',#2192,1.);
#2192 = DIRECTION('',(1.,0.,0.));
#2193 = ORIENTED_EDGE('',*,*,#2194,.T.);
#2194 = EDGE_CURVE('',#2187,#1878,#2195,.T.);
#2195 = LINE('',#2196,#2197);
#2196 = CARTESIAN_POINT('',(1.25,2.25,0.));
#2197 = VECTOR('',#2198,1.);
#2198 = DIRECTION('',(0.,0.,1.));
#2199 = ORIENTED_EDGE('',*,*,#1877,.F.);
#2200 = ORIENTED_EDGE('',*,*,#2158,.F.);
#2201 = PLANE('',#2202);
#2202 = AXIS2_PLACEMENT_3D('',#2203,#2204,#2205);
#2203 = CARTESIAN_POINT('',(-2.1,2.25,0.));
#2204 = DIRECTION('',(0.,1.,0.));
#2205 = DIRECTION('',(1.,0.,0.));
#2206 = ADVANCED_FACE('',(#2207),#2225,.F.);
#2207 = FACE_BOUND('',#2208,.F.);
#2208 = EDGE_LOOP('',(#2209,#2210,#2211,#2219));
#2209 = ORIENTED_EDGE('',*,*,#2194,.T.);
#2210 = ORIENTED_EDGE('',*,*,#1885,.T.);
#2211 = ORIENTED_EDGE('',*,*,#2212,.F.);
#2212 = EDGE_CURVE('',#2213,#1886,#2215,.T.);
#2213 = VERTEX_POINT('',#2214);
#2214 = CARTESIAN_POINT('',(1.25,1.25,0.));
#2215 = LINE('',#2216,#2217);
#2216 = CARTESIAN_POINT('',(1.25,1.25,0.));
#2217 = VECTOR('',#2218,1.);
#2218 = DIRECTION('',(0.,0.,1.));
#2219 = ORIENTED_EDGE('',*,*,#2220,.F.);
#2220 = EDGE_CURVE('',#2187,#2213,#2221,.T.);
#2221 = LINE('',#2222,#2223);
#2222 = CARTESIAN_POINT('',(1.25,2.25,0.));
#2223 = VECTOR('',#2224,1.);
#2224 = DIRECTION('',(0.,-1.,0.));
#2225 = PLANE('',#2226);
#2226 = AXIS2_PLACEMENT_3D('',#2227,#2228,#2229);
#2227 = CARTESIAN_POINT('',(1.25,2.25,0.));
#2228 = DIRECTION('',(1.,0.,0.));
#2229 = DIRECTION('',(0.,-1.,0.));
#2230 = ADVANCED_FACE('',(#2231),#2249,.T.);
#2231 = FACE_BOUND('',#2232,.T.);
#2232 = EDGE_LOOP('',(#2233,#2241,#2242,#2243));
#2233 = ORIENTED_EDGE('',*,*,#2234,.T.);
#2234 = EDGE_CURVE('',#2235,#1894,#2237,.T.);
#2235 = VERTEX_POINT('',#2236);
#2236 = CARTESIAN_POINT('',(2.25,1.25,0.));
#2237 = LINE('',#2238,#2239);
#2238 = CARTESIAN_POINT('',(2.25,1.25,0.));
#2239 = VECTOR('',#2240,1.);
#2240 = DIRECTION('',(0.,0.,1.));
#2241 = ORIENTED_EDGE('',*,*,#1893,.T.);
#2242 = ORIENTED_EDGE('',*,*,#2212,.F.);
#2243 = ORIENTED_EDGE('',*,*,#2244,.F.);
#2244 = EDGE_CURVE('',#2235,#2213,#2245,.T.);
#2245 = LINE('',#2246,#2247);
#2246 = CARTESIAN_POINT('',(2.25,1.25,0.));
#2247 = VECTOR('',#2248,1.);
#2248 = DIRECTION('',(-1.,0.,0.));
#2249 = PLANE('',#2250);
#2250 = AXIS2_PLACEMENT_3D('',#2251,#2252,#2253);
#2251 = CARTESIAN_POINT('',(2.25,1.25,0.));
#2252 = DIRECTION('',(0.,-1.,0.));
#2253 = DIRECTION('',(-1.,0.,0.));
#2254 = ADVANCED_FACE('',(#2255),#2296,.T.);
#2255 = FACE_BOUND('',#2256,.T.);
#2256 = EDGE_LOOP('',(#2257,#2265,#2271,#2272,#2280,#2288,#2294,#2295));
#2257 = ORIENTED_EDGE('',*,*,#2258,.F.);
#2258 = EDGE_CURVE('',#2259,#2235,#2261,.T.);
#2259 = VERTEX_POINT('',#2260);
#2260 = CARTESIAN_POINT('',(2.25,2.1,0.));
#2261 = LINE('',#2262,#2263);
#2262 = CARTESIAN_POINT('',(2.25,2.1,0.));
#2263 = VECTOR('',#2264,1.);
#2264 = DIRECTION('',(0.,-1.,0.));
#2265 = ORIENTED_EDGE('',*,*,#2266,.T.);
#2266 = EDGE_CURVE('',#2259,#2041,#2267,.T.);
#2267 = LINE('',#2268,#2269);
#2268 = CARTESIAN_POINT('',(2.25,2.1,0.));
#2269 = VECTOR('',#2270,1.);
#2270 = DIRECTION('',(0.,0.,1.));
#2271 = ORIENTED_EDGE('',*,*,#2049,.T.);
#2272 = ORIENTED_EDGE('',*,*,#2273,.F.);
#2273 = EDGE_CURVE('',#2274,#2050,#2276,.T.);
#2274 = VERTEX_POINT('',#2275);
#2275 = CARTESIAN_POINT('',(2.25,-2.1,0.));
#2276 = LINE('',#2277,#2278);
#2277 = CARTESIAN_POINT('',(2.25,-2.1,0.));
#2278 = VECTOR('',#2279,1.);
#2279 = DIRECTION('',(0.,0.,1.));
#2280 = ORIENTED_EDGE('',*,*,#2281,.F.);
#2281 = EDGE_CURVE('',#2282,#2274,#2284,.T.);
#2282 = VERTEX_POINT('',#2283);
#2283 = CARTESIAN_POINT('',(2.25,-1.250000000001,0.));
#2284 = LINE('',#2285,#2286);
#2285 = CARTESIAN_POINT('',(2.25,2.1,0.));
#2286 = VECTOR('',#2287,1.);
#2287 = DIRECTION('',(0.,-1.,0.));
#2288 = ORIENTED_EDGE('',*,*,#2289,.T.);
#2289 = EDGE_CURVE('',#2282,#1902,#2290,.T.);
#2290 = LINE('',#2291,#2292);
#2291 = CARTESIAN_POINT('',(2.25,-1.250000000001,0.));
#2292 = VECTOR('',#2293,1.);
#2293 = DIRECTION('',(0.,0.,1.));
#2294 = ORIENTED_EDGE('',*,*,#1901,.F.);
#2295 = ORIENTED_EDGE('',*,*,#2234,.F.);
#2296 = PLANE('',#2297);
#2297 = AXIS2_PLACEMENT_3D('',#2298,#2299,#2300);
#2298 = CARTESIAN_POINT('',(2.25,2.1,0.));
#2299 = DIRECTION('',(1.,0.,0.));
#2300 = DIRECTION('',(0.,-1.,0.));
#2301 = ADVANCED_FACE('',(#2302),#2320,.F.);
#2302 = FACE_BOUND('',#2303,.F.);
#2303 = EDGE_LOOP('',(#2304,#2305,#2306,#2314));
#2304 = ORIENTED_EDGE('',*,*,#2289,.T.);
#2305 = ORIENTED_EDGE('',*,*,#1909,.T.);
#2306 = ORIENTED_EDGE('',*,*,#2307,.F.);
#2307 = EDGE_CURVE('',#2308,#1910,#2310,.T.);
#2308 = VERTEX_POINT('',#2309);
#2309 = CARTESIAN_POINT('',(1.25,-1.250000000001,0.));
#2310 = LINE('',#2311,#2312);
#2311 = CARTESIAN_POINT('',(1.25,-1.250000000001,0.));
#2312 = VECTOR('',#2313,1.);
#2313 = DIRECTION('',(0.,0.,1.));
#2314 = ORIENTED_EDGE('',*,*,#2315,.F.);
#2315 = EDGE_CURVE('',#2282,#2308,#2316,.T.);
#2316 = LINE('',#2317,#2318);
#2317 = CARTESIAN_POINT('',(2.25,-1.250000000001,0.));
#2318 = VECTOR('',#2319,1.);
#2319 = DIRECTION('',(-1.,0.,0.));
#2320 = PLANE('',#2321);
#2321 = AXIS2_PLACEMENT_3D('',#2322,#2323,#2324);
#2322 = CARTESIAN_POINT('',(2.25,-1.250000000001,0.));
#2323 = DIRECTION('',(0.,-1.,0.));
#2324 = DIRECTION('',(-1.,0.,0.));
#2325 = ADVANCED_FACE('',(#2326),#2337,.T.);
#2326 = FACE_BOUND('',#2327,.T.);
#2327 = EDGE_LOOP('',(#2328,#2329,#2330,#2331));
#2328 = ORIENTED_EDGE('',*,*,#2144,.T.);
#2329 = ORIENTED_EDGE('',*,*,#1917,.T.);
#2330 = ORIENTED_EDGE('',*,*,#2307,.F.);
#2331 = ORIENTED_EDGE('',*,*,#2332,.F.);
#2332 = EDGE_CURVE('',#2126,#2308,#2333,.T.);
#2333 = LINE('',#2334,#2335);
#2334 = CARTESIAN_POINT('',(1.25,-2.25,0.));
#2335 = VECTOR('',#2336,1.);
#2336 = DIRECTION('',(0.,1.,0.));
#2337 = PLANE('',#2338);
#2338 = AXIS2_PLACEMENT_3D('',#2339,#2340,#2341);
#2339 = CARTESIAN_POINT('',(1.25,-2.25,0.));
#2340 = DIRECTION('',(-1.,0.,0.));
#2341 = DIRECTION('',(0.,1.,0.));
#2342 = ADVANCED_FACE('',(#2343),#2355,.T.);
#2343 = FACE_BOUND('',#2344,.T.);
#2344 = EDGE_LOOP('',(#2345,#2352,#2353,#2354));
#2345 = ORIENTED_EDGE('',*,*,#2346,.T.);
#2346 = EDGE_CURVE('',#2259,#2179,#2347,.T.);
#2347 = CIRCLE('',#2348,0.15);
#2348 = AXIS2_PLACEMENT_3D('',#2349,#2350,#2351);
#2349 = CARTESIAN_POINT('',(2.1,2.1,0.));
#2350 = DIRECTION('',(0.,0.,1.));
#2351 = DIRECTION('',(1.,0.,-0.));
#2352 = ORIENTED_EDGE('',*,*,#2178,.T.);
#2353 = ORIENTED_EDGE('',*,*,#2040,.F.);
#2354 = ORIENTED_EDGE('',*,*,#2266,.F.);
#2355 = CYLINDRICAL_SURFACE('',#2356,0.15);
#2356 = AXIS2_PLACEMENT_3D('',#2357,#2358,#2359);
#2357 = CARTESIAN_POINT('',(2.1,2.1,0.));
#2358 = DIRECTION('',(-0.,-0.,-1.));
#2359 = DIRECTION('',(1.,0.,0.));
#2360 = ADVANCED_FACE('',(#2361),#2373,.T.);
#2361 = FACE_BOUND('',#2362,.T.);
#2362 = EDGE_LOOP('',(#2363,#2370,#2371,#2372));
#2363 = ORIENTED_EDGE('',*,*,#2364,.T.);
#2364 = EDGE_CURVE('',#2124,#2274,#2365,.T.);
#2365 = CIRCLE('',#2366,0.15);
#2366 = AXIS2_PLACEMENT_3D('',#2367,#2368,#2369);
#2367 = CARTESIAN_POINT('',(2.1,-2.1,0.));
#2368 = DIRECTION('',(0.,0.,1.));
#2369 = DIRECTION('',(1.,0.,-0.));
#2370 = ORIENTED_EDGE('',*,*,#2273,.T.);
#2371 = ORIENTED_EDGE('',*,*,#2057,.F.);
#2372 = ORIENTED_EDGE('',*,*,#2133,.F.);
#2373 = CYLINDRICAL_SURFACE('',#2374,0.15);
#2374 = AXIS2_PLACEMENT_3D('',#2375,#2376,#2377);
#2375 = CARTESIAN_POINT('',(2.1,-2.1,0.));
#2376 = DIRECTION('',(-0.,-0.,-1.));
#2377 = DIRECTION('',(1.,0.,0.));
#2378 = ADVANCED_FACE('',(#2379),#2386,.F.);
#2379 = FACE_BOUND('',#2380,.F.);
#2380 = EDGE_LOOP('',(#2381,#2382,#2383,#2384,#2385));
#2381 = ORIENTED_EDGE('',*,*,#2332,.F.);
#2382 = ORIENTED_EDGE('',*,*,#2123,.F.);
#2383 = ORIENTED_EDGE('',*,*,#2364,.T.);
#2384 = ORIENTED_EDGE('',*,*,#2281,.F.);
#2385 = ORIENTED_EDGE('',*,*,#2315,.T.);
#2386 = PLANE('',#2387);
#2387 = AXIS2_PLACEMENT_3D('',#2388,#2389,#2390);
#2388 = CARTESIAN_POINT('',(-6.E-17,-4.1E-16,0.));
#2389 = DIRECTION('',(0.,0.,1.));
#2390 = DIRECTION('',(1.,0.,-0.));
#2391 = ADVANCED_FACE('',(#2392),#2399,.F.);
#2392 = FACE_BOUND('',#2393,.F.);
#2393 = EDGE_LOOP('',(#2394,#2395,#2396,#2397,#2398));
#2394 = ORIENTED_EDGE('',*,*,#2186,.F.);
#2395 = ORIENTED_EDGE('',*,*,#2220,.T.);
#2396 = ORIENTED_EDGE('',*,*,#2244,.F.);
#2397 = ORIENTED_EDGE('',*,*,#2258,.F.);
#2398 = ORIENTED_EDGE('',*,*,#2346,.T.);
#2399 = PLANE('',#2400);
#2400 = AXIS2_PLACEMENT_3D('',#2401,#2402,#2403);
#2401 = CARTESIAN_POINT('',(-6.E-17,-4.1E-16,0.));
#2402 = DIRECTION('',(0.,0.,1.));
#2403 = DIRECTION('',(1.,0.,-0.));
#2404 = MANIFOLD_SOLID_BREP('',#2405);
#2405 = CLOSED_SHELL('',(#2406,#2446,#2479,#2510,#2541,#2572,#2603,#2634
    ,#2667,#2698,#2729,#2760,#2791,#2822,#2855,#2886,#2917,#2948,#2979,
    #3010,#3043,#3074,#3105,#3136,#3158,#3191,#3226));
#2406 = ADVANCED_FACE('',(#2407),#2441,.T.);
#2407 = FACE_BOUND('',#2408,.T.);
#2408 = EDGE_LOOP('',(#2409,#2419,#2427,#2435));
#2409 = ORIENTED_EDGE('',*,*,#2410,.T.);
#2410 = EDGE_CURVE('',#2411,#2413,#2415,.T.);
#2411 = VERTEX_POINT('',#2412);
#2412 = CARTESIAN_POINT('',(-2.249999999989,0.999999999993,2.6));
#2413 = VERTEX_POINT('',#2414);
#2414 = CARTESIAN_POINT('',(-2.249999999989,0.999999999993,2.9));
#2415 = LINE('',#2416,#2417);
#2416 = CARTESIAN_POINT('',(-2.249999999989,0.999999999993,2.6));
#2417 = VECTOR('',#2418,1.);
#2418 = DIRECTION('',(0.,0.,1.));
#2419 = ORIENTED_EDGE('',*,*,#2420,.T.);
#2420 = EDGE_CURVE('',#2413,#2421,#2423,.T.);
#2421 = VERTEX_POINT('',#2422);
#2422 = CARTESIAN_POINT('',(-2.249999999989,2.099999999982,2.9));
#2423 = LINE('',#2424,#2425);
#2424 = CARTESIAN_POINT('',(-2.249999999989,0.999999999993,2.9));
#2425 = VECTOR('',#2426,1.);
#2426 = DIRECTION('',(0.,1.,0.));
#2427 = ORIENTED_EDGE('',*,*,#2428,.F.);
#2428 = EDGE_CURVE('',#2429,#2421,#2431,.T.);
#2429 = VERTEX_POINT('',#2430);
#2430 = CARTESIAN_POINT('',(-2.249999999989,2.099999999982,2.6));
#2431 = LINE('',#2432,#2433);
#2432 = CARTESIAN_POINT('',(-2.249999999989,2.099999999982,2.6));
#2433 = VECTOR('',#2434,1.);
#2434 = DIRECTION('',(0.,0.,1.));
#2435 = ORIENTED_EDGE('',*,*,#2436,.F.);
#2436 = EDGE_CURVE('',#2411,#2429,#2437,.T.);
#2437 = LINE('',#2438,#2439);
#2438 = CARTESIAN_POINT('',(-2.249999999989,0.999999999993,2.6));
#2439 = VECTOR('',#2440,1.);
#2440 = DIRECTION('',(0.,1.,0.));
#2441 = PLANE('',#2442);
#2442 = AXIS2_PLACEMENT_3D('',#2443,#2444,#2445);
#2443 = CARTESIAN_POINT('',(-2.249999999989,0.999999999993,2.6));
#2444 = DIRECTION('',(-1.,0.,0.));
#2445 = DIRECTION('',(0.,1.,0.));
#2446 = ADVANCED_FACE('',(#2447),#2474,.T.);
#2447 = FACE_BOUND('',#2448,.T.);
#2448 = EDGE_LOOP('',(#2449,#2458,#2459,#2468));
#2449 = ORIENTED_EDGE('',*,*,#2450,.T.);
#2450 = EDGE_CURVE('',#2451,#2429,#2453,.T.);
#2451 = VERTEX_POINT('',#2452);
#2452 = CARTESIAN_POINT('',(-2.099999999989,2.25,2.6));
#2453 = CIRCLE('',#2454,0.15);
#2454 = AXIS2_PLACEMENT_3D('',#2455,#2456,#2457);
#2455 = CARTESIAN_POINT('',(-2.099999999989,2.1,2.6));
#2456 = DIRECTION('',(0.,0.,1.));
#2457 = DIRECTION('',(1.,0.,-0.));
#2458 = ORIENTED_EDGE('',*,*,#2428,.T.);
#2459 = ORIENTED_EDGE('',*,*,#2460,.F.);
#2460 = EDGE_CURVE('',#2461,#2421,#2463,.T.);
#2461 = VERTEX_POINT('',#2462);
#2462 = CARTESIAN_POINT('',(-2.099999999989,2.25,2.9));
#2463 = CIRCLE('',#2464,0.15);
#2464 = AXIS2_PLACEMENT_3D('',#2465,#2466,#2467);
#2465 = CARTESIAN_POINT('',(-2.099999999989,2.1,2.9));
#2466 = DIRECTION('',(0.,0.,1.));
#2467 = DIRECTION('',(1.,0.,-0.));
#2468 = ORIENTED_EDGE('',*,*,#2469,.F.);
#2469 = EDGE_CURVE('',#2451,#2461,#2470,.T.);
#2470 = LINE('',#2471,#2472);
#2471 = CARTESIAN_POINT('',(-2.099999999989,2.25,2.6));
#2472 = VECTOR('',#2473,1.);
#2473 = DIRECTION('',(0.,0.,1.));
#2474 = CYLINDRICAL_SURFACE('',#2475,0.15);
#2475 = AXIS2_PLACEMENT_3D('',#2476,#2477,#2478);
#2476 = CARTESIAN_POINT('',(-2.099999999989,2.1,2.6));
#2477 = DIRECTION('',(-0.,-0.,-1.));
#2478 = DIRECTION('',(1.,0.,0.));
#2479 = ADVANCED_FACE('',(#2480),#2505,.T.);
#2480 = FACE_BOUND('',#2481,.T.);
#2481 = EDGE_LOOP('',(#2482,#2483,#2491,#2499));
#2482 = ORIENTED_EDGE('',*,*,#2469,.T.);
#2483 = ORIENTED_EDGE('',*,*,#2484,.T.);
#2484 = EDGE_CURVE('',#2461,#2485,#2487,.T.);
#2485 = VERTEX_POINT('',#2486);
#2486 = CARTESIAN_POINT('',(-1.,2.25,2.9));
#2487 = LINE('',#2488,#2489);
#2488 = CARTESIAN_POINT('',(-2.099999999989,2.25,2.9));
#2489 = VECTOR('',#2490,1.);
#2490 = DIRECTION('',(1.,0.,0.));
#2491 = ORIENTED_EDGE('',*,*,#2492,.F.);
#2492 = EDGE_CURVE('',#2493,#2485,#2495,.T.);
#2493 = VERTEX_POINT('',#2494);
#2494 = CARTESIAN_POINT('',(-1.,2.25,2.6));
#2495 = LINE('',#2496,#2497);
#2496 = CARTESIAN_POINT('',(-1.,2.25,2.6));
#2497 = VECTOR('',#2498,1.);
#2498 = DIRECTION('',(0.,0.,1.));
#2499 = ORIENTED_EDGE('',*,*,#2500,.F.);
#2500 = EDGE_CURVE('',#2451,#2493,#2501,.T.);
#2501 = LINE('',#2502,#2503);
#2502 = CARTESIAN_POINT('',(-2.099999999989,2.25,2.6));
#2503 = VECTOR('',#2504,1.);
#2504 = DIRECTION('',(1.,0.,0.));
#2505 = PLANE('',#2506);
#2506 = AXIS2_PLACEMENT_3D('',#2507,#2508,#2509);
#2507 = CARTESIAN_POINT('',(-2.099999999989,2.25,2.6));
#2508 = DIRECTION('',(0.,1.,0.));
#2509 = DIRECTION('',(1.,0.,0.));
#2510 = ADVANCED_FACE('',(#2511),#2536,.T.);
#2511 = FACE_BOUND('',#2512,.T.);
#2512 = EDGE_LOOP('',(#2513,#2514,#2522,#2530));
#2513 = ORIENTED_EDGE('',*,*,#2492,.T.);
#2514 = ORIENTED_EDGE('',*,*,#2515,.T.);
#2515 = EDGE_CURVE('',#2485,#2516,#2518,.T.);
#2516 = VERTEX_POINT('',#2517);
#2517 = CARTESIAN_POINT('',(-1.,2.05,2.9));
#2518 = LINE('',#2519,#2520);
#2519 = CARTESIAN_POINT('',(-1.,2.25,2.9));
#2520 = VECTOR('',#2521,1.);
#2521 = DIRECTION('',(0.,-1.,0.));
#2522 = ORIENTED_EDGE('',*,*,#2523,.F.);
#2523 = EDGE_CURVE('',#2524,#2516,#2526,.T.);
#2524 = VERTEX_POINT('',#2525);
#2525 = CARTESIAN_POINT('',(-1.,2.05,2.6));
#2526 = LINE('',#2527,#2528);
#2527 = CARTESIAN_POINT('',(-1.,2.05,2.6));
#2528 = VECTOR('',#2529,1.);
#2529 = DIRECTION('',(0.,0.,1.));
#2530 = ORIENTED_EDGE('',*,*,#2531,.F.);
#2531 = EDGE_CURVE('',#2493,#2524,#2532,.T.);
#2532 = LINE('',#2533,#2534);
#2533 = CARTESIAN_POINT('',(-1.,2.25,2.6));
#2534 = VECTOR('',#2535,1.);
#2535 = DIRECTION('',(0.,-1.,0.));
#2536 = PLANE('',#2537);
#2537 = AXIS2_PLACEMENT_3D('',#2538,#2539,#2540);
#2538 = CARTESIAN_POINT('',(-1.,2.25,2.6));
#2539 = DIRECTION('',(1.,0.,0.));
#2540 = DIRECTION('',(0.,-1.,0.));
#2541 = ADVANCED_FACE('',(#2542),#2567,.T.);
#2542 = FACE_BOUND('',#2543,.T.);
#2543 = EDGE_LOOP('',(#2544,#2545,#2553,#2561));
#2544 = ORIENTED_EDGE('',*,*,#2523,.T.);
#2545 = ORIENTED_EDGE('',*,*,#2546,.T.);
#2546 = EDGE_CURVE('',#2516,#2547,#2549,.T.);
#2547 = VERTEX_POINT('',#2548);
#2548 = CARTESIAN_POINT('',(1.,2.05,2.9));
#2549 = LINE('',#2550,#2551);
#2550 = CARTESIAN_POINT('',(-1.,2.05,2.9));
#2551 = VECTOR('',#2552,1.);
#2552 = DIRECTION('',(1.,0.,0.));
#2553 = ORIENTED_EDGE('',*,*,#2554,.F.);
#2554 = EDGE_CURVE('',#2555,#2547,#2557,.T.);
#2555 = VERTEX_POINT('',#2556);
#2556 = CARTESIAN_POINT('',(1.,2.05,2.6));
#2557 = LINE('',#2558,#2559);
#2558 = CARTESIAN_POINT('',(1.,2.05,2.6));
#2559 = VECTOR('',#2560,1.);
#2560 = DIRECTION('',(0.,0.,1.));
#2561 = ORIENTED_EDGE('',*,*,#2562,.F.);
#2562 = EDGE_CURVE('',#2524,#2555,#2563,.T.);
#2563 = LINE('',#2564,#2565);
#2564 = CARTESIAN_POINT('',(-1.,2.05,2.6));
#2565 = VECTOR('',#2566,1.);
#2566 = DIRECTION('',(1.,0.,0.));
#2567 = PLANE('',#2568);
#2568 = AXIS2_PLACEMENT_3D('',#2569,#2570,#2571);
#2569 = CARTESIAN_POINT('',(-1.,2.05,2.6));
#2570 = DIRECTION('',(0.,1.,0.));
#2571 = DIRECTION('',(1.,0.,0.));
#2572 = ADVANCED_FACE('',(#2573),#2598,.F.);
#2573 = FACE_BOUND('',#2574,.F.);
#2574 = EDGE_LOOP('',(#2575,#2585,#2591,#2592));
#2575 = ORIENTED_EDGE('',*,*,#2576,.T.);
#2576 = EDGE_CURVE('',#2577,#2579,#2581,.T.);
#2577 = VERTEX_POINT('',#2578);
#2578 = CARTESIAN_POINT('',(1.,2.249999999996,2.6));
#2579 = VERTEX_POINT('',#2580);
#2580 = CARTESIAN_POINT('',(1.,2.249999999996,2.9));
#2581 = LINE('',#2582,#2583);
#2582 = CARTESIAN_POINT('',(1.,2.249999999996,2.6));
#2583 = VECTOR('',#2584,1.);
#2584 = DIRECTION('',(0.,0.,1.));
#2585 = ORIENTED_EDGE('',*,*,#2586,.T.);
#2586 = EDGE_CURVE('',#2579,#2547,#2587,.T.);
#2587 = LINE('',#2588,#2589);
#2588 = CARTESIAN_POINT('',(1.,2.249999999996,2.9));
#2589 = VECTOR('',#2590,1.);
#2590 = DIRECTION('',(0.,-1.,0.));
#2591 = ORIENTED_EDGE('',*,*,#2554,.F.);
#2592 = ORIENTED_EDGE('',*,*,#2593,.F.);
#2593 = EDGE_CURVE('',#2577,#2555,#2594,.T.);
#2594 = LINE('',#2595,#2596);
#2595 = CARTESIAN_POINT('',(1.,2.249999999996,2.6));
#2596 = VECTOR('',#2597,1.);
#2597 = DIRECTION('',(0.,-1.,0.));
#2598 = PLANE('',#2599);
#2599 = AXIS2_PLACEMENT_3D('',#2600,#2601,#2602);
#2600 = CARTESIAN_POINT('',(1.,2.249999999996,2.6));
#2601 = DIRECTION('',(1.,0.,0.));
#2602 = DIRECTION('',(0.,-1.,0.));
#2603 = ADVANCED_FACE('',(#2604),#2629,.T.);
#2604 = FACE_BOUND('',#2605,.T.);
#2605 = EDGE_LOOP('',(#2606,#2607,#2615,#2623));
#2606 = ORIENTED_EDGE('',*,*,#2576,.T.);
#2607 = ORIENTED_EDGE('',*,*,#2608,.T.);
#2608 = EDGE_CURVE('',#2579,#2609,#2611,.T.);
#2609 = VERTEX_POINT('',#2610);
#2610 = CARTESIAN_POINT('',(2.099999999989,2.249999999996,2.9));
#2611 = LINE('',#2612,#2613);
#2612 = CARTESIAN_POINT('',(1.,2.249999999996,2.9));
#2613 = VECTOR('',#2614,1.);
#2614 = DIRECTION('',(1.,0.,0.));
#2615 = ORIENTED_EDGE('',*,*,#2616,.F.);
#2616 = EDGE_CURVE('',#2617,#2609,#2619,.T.);
#2617 = VERTEX_POINT('',#2618);
#2618 = CARTESIAN_POINT('',(2.099999999989,2.249999999996,2.6));
#2619 = LINE('',#2620,#2621);
#2620 = CARTESIAN_POINT('',(2.099999999989,2.249999999996,2.6));
#2621 = VECTOR('',#2622,1.);
#2622 = DIRECTION('',(0.,0.,1.));
#2623 = ORIENTED_EDGE('',*,*,#2624,.F.);
#2624 = EDGE_CURVE('',#2577,#2617,#2625,.T.);
#2625 = LINE('',#2626,#2627);
#2626 = CARTESIAN_POINT('',(1.,2.249999999996,2.6));
#2627 = VECTOR('',#2628,1.);
#2628 = DIRECTION('',(1.,0.,0.));
#2629 = PLANE('',#2630);
#2630 = AXIS2_PLACEMENT_3D('',#2631,#2632,#2633);
#2631 = CARTESIAN_POINT('',(1.,2.249999999996,2.6));
#2632 = DIRECTION('',(0.,1.,0.));
#2633 = DIRECTION('',(1.,0.,0.));
#2634 = ADVANCED_FACE('',(#2635),#2662,.T.);
#2635 = FACE_BOUND('',#2636,.T.);
#2636 = EDGE_LOOP('',(#2637,#2646,#2647,#2656));
#2637 = ORIENTED_EDGE('',*,*,#2638,.T.);
#2638 = EDGE_CURVE('',#2639,#2617,#2641,.T.);
#2639 = VERTEX_POINT('',#2640);
#2640 = CARTESIAN_POINT('',(2.25,2.099999999996,2.6));
#2641 = CIRCLE('',#2642,0.15);
#2642 = AXIS2_PLACEMENT_3D('',#2643,#2644,#2645);
#2643 = CARTESIAN_POINT('',(2.1,2.099999999996,2.6));
#2644 = DIRECTION('',(0.,0.,1.));
#2645 = DIRECTION('',(1.,0.,-0.));
#2646 = ORIENTED_EDGE('',*,*,#2616,.T.);
#2647 = ORIENTED_EDGE('',*,*,#2648,.F.);
#2648 = EDGE_CURVE('',#2649,#2609,#2651,.T.);
#2649 = VERTEX_POINT('',#2650);
#2650 = CARTESIAN_POINT('',(2.25,2.099999999996,2.9));
#2651 = CIRCLE('',#2652,0.15);
#2652 = AXIS2_PLACEMENT_3D('',#2653,#2654,#2655);
#2653 = CARTESIAN_POINT('',(2.1,2.099999999996,2.9));
#2654 = DIRECTION('',(0.,0.,1.));
#2655 = DIRECTION('',(1.,0.,-0.));
#2656 = ORIENTED_EDGE('',*,*,#2657,.F.);
#2657 = EDGE_CURVE('',#2639,#2649,#2658,.T.);
#2658 = LINE('',#2659,#2660);
#2659 = CARTESIAN_POINT('',(2.25,2.099999999996,2.6));
#2660 = VECTOR('',#2661,1.);
#2661 = DIRECTION('',(0.,0.,1.));
#2662 = CYLINDRICAL_SURFACE('',#2663,0.15);
#2663 = AXIS2_PLACEMENT_3D('',#2664,#2665,#2666);
#2664 = CARTESIAN_POINT('',(2.1,2.099999999996,2.6));
#2665 = DIRECTION('',(-0.,-0.,-1.));
#2666 = DIRECTION('',(1.,0.,0.));
#2667 = ADVANCED_FACE('',(#2668),#2693,.T.);
#2668 = FACE_BOUND('',#2669,.T.);
#2669 = EDGE_LOOP('',(#2670,#2671,#2679,#2687));
#2670 = ORIENTED_EDGE('',*,*,#2657,.T.);
#2671 = ORIENTED_EDGE('',*,*,#2672,.T.);
#2672 = EDGE_CURVE('',#2649,#2673,#2675,.T.);
#2673 = VERTEX_POINT('',#2674);
#2674 = CARTESIAN_POINT('',(2.25,1.000000000007,2.9));
#2675 = LINE('',#2676,#2677);
#2676 = CARTESIAN_POINT('',(2.25,2.099999999996,2.9));
#2677 = VECTOR('',#2678,1.);
#2678 = DIRECTION('',(0.,-1.,0.));
#2679 = ORIENTED_EDGE('',*,*,#2680,.F.);
#2680 = EDGE_CURVE('',#2681,#2673,#2683,.T.);
#2681 = VERTEX_POINT('',#2682);
#2682 = CARTESIAN_POINT('',(2.25,1.000000000007,2.6));
#2683 = LINE('',#2684,#2685);
#2684 = CARTESIAN_POINT('',(2.25,1.000000000007,2.6));
#2685 = VECTOR('',#2686,1.);
#2686 = DIRECTION('',(0.,0.,1.));
#2687 = ORIENTED_EDGE('',*,*,#2688,.F.);
#2688 = EDGE_CURVE('',#2639,#2681,#2689,.T.);
#2689 = LINE('',#2690,#2691);
#2690 = CARTESIAN_POINT('',(2.25,2.099999999996,2.6));
#2691 = VECTOR('',#2692,1.);
#2692 = DIRECTION('',(0.,-1.,0.));
#2693 = PLANE('',#2694);
#2694 = AXIS2_PLACEMENT_3D('',#2695,#2696,#2697);
#2695 = CARTESIAN_POINT('',(2.25,2.099999999996,2.6));
#2696 = DIRECTION('',(1.,0.,0.));
#2697 = DIRECTION('',(0.,-1.,0.));
#2698 = ADVANCED_FACE('',(#2699),#2724,.T.);
#2699 = FACE_BOUND('',#2700,.T.);
#2700 = EDGE_LOOP('',(#2701,#2702,#2710,#2718));
#2701 = ORIENTED_EDGE('',*,*,#2680,.T.);
#2702 = ORIENTED_EDGE('',*,*,#2703,.T.);
#2703 = EDGE_CURVE('',#2673,#2704,#2706,.T.);
#2704 = VERTEX_POINT('',#2705);
#2705 = CARTESIAN_POINT('',(2.05,1.000000000007,2.9));
#2706 = LINE('',#2707,#2708);
#2707 = CARTESIAN_POINT('',(2.25,1.000000000007,2.9));
#2708 = VECTOR('',#2709,1.);
#2709 = DIRECTION('',(-1.,0.,0.));
#2710 = ORIENTED_EDGE('',*,*,#2711,.F.);
#2711 = EDGE_CURVE('',#2712,#2704,#2714,.T.);
#2712 = VERTEX_POINT('',#2713);
#2713 = CARTESIAN_POINT('',(2.05,1.000000000007,2.6));
#2714 = LINE('',#2715,#2716);
#2715 = CARTESIAN_POINT('',(2.05,1.000000000007,2.6));
#2716 = VECTOR('',#2717,1.);
#2717 = DIRECTION('',(0.,0.,1.));
#2718 = ORIENTED_EDGE('',*,*,#2719,.F.);
#2719 = EDGE_CURVE('',#2681,#2712,#2720,.T.);
#2720 = LINE('',#2721,#2722);
#2721 = CARTESIAN_POINT('',(2.25,1.000000000007,2.6));
#2722 = VECTOR('',#2723,1.);
#2723 = DIRECTION('',(-1.,0.,0.));
#2724 = PLANE('',#2725);
#2725 = AXIS2_PLACEMENT_3D('',#2726,#2727,#2728);
#2726 = CARTESIAN_POINT('',(2.25,1.000000000007,2.6));
#2727 = DIRECTION('',(0.,-1.,0.));
#2728 = DIRECTION('',(-1.,0.,0.));
#2729 = ADVANCED_FACE('',(#2730),#2755,.T.);
#2730 = FACE_BOUND('',#2731,.T.);
#2731 = EDGE_LOOP('',(#2732,#2733,#2741,#2749));
#2732 = ORIENTED_EDGE('',*,*,#2711,.T.);
#2733 = ORIENTED_EDGE('',*,*,#2734,.T.);
#2734 = EDGE_CURVE('',#2704,#2735,#2737,.T.);
#2735 = VERTEX_POINT('',#2736);
#2736 = CARTESIAN_POINT('',(2.05,-0.999999999993,2.9));
#2737 = LINE('',#2738,#2739);
#2738 = CARTESIAN_POINT('',(2.05,1.000000000007,2.9));
#2739 = VECTOR('',#2740,1.);
#2740 = DIRECTION('',(0.,-1.,0.));
#2741 = ORIENTED_EDGE('',*,*,#2742,.F.);
#2742 = EDGE_CURVE('',#2743,#2735,#2745,.T.);
#2743 = VERTEX_POINT('',#2744);
#2744 = CARTESIAN_POINT('',(2.05,-0.999999999993,2.6));
#2745 = LINE('',#2746,#2747);
#2746 = CARTESIAN_POINT('',(2.05,-0.999999999993,2.6));
#2747 = VECTOR('',#2748,1.);
#2748 = DIRECTION('',(0.,0.,1.));
#2749 = ORIENTED_EDGE('',*,*,#2750,.F.);
#2750 = EDGE_CURVE('',#2712,#2743,#2751,.T.);
#2751 = LINE('',#2752,#2753);
#2752 = CARTESIAN_POINT('',(2.05,1.000000000007,2.6));
#2753 = VECTOR('',#2754,1.);
#2754 = DIRECTION('',(0.,-1.,0.));
#2755 = PLANE('',#2756);
#2756 = AXIS2_PLACEMENT_3D('',#2757,#2758,#2759);
#2757 = CARTESIAN_POINT('',(2.05,1.000000000007,2.6));
#2758 = DIRECTION('',(1.,0.,0.));
#2759 = DIRECTION('',(0.,-1.,0.));
#2760 = ADVANCED_FACE('',(#2761),#2786,.F.);
#2761 = FACE_BOUND('',#2762,.F.);
#2762 = EDGE_LOOP('',(#2763,#2773,#2779,#2780));
#2763 = ORIENTED_EDGE('',*,*,#2764,.T.);
#2764 = EDGE_CURVE('',#2765,#2767,#2769,.T.);
#2765 = VERTEX_POINT('',#2766);
#2766 = CARTESIAN_POINT('',(2.249999999989,-0.999999999993,2.6));
#2767 = VERTEX_POINT('',#2768);
#2768 = CARTESIAN_POINT('',(2.249999999989,-0.999999999993,2.9));
#2769 = LINE('',#2770,#2771);
#2770 = CARTESIAN_POINT('',(2.249999999989,-0.999999999993,2.6));
#2771 = VECTOR('',#2772,1.);
#2772 = DIRECTION('',(0.,0.,1.));
#2773 = ORIENTED_EDGE('',*,*,#2774,.T.);
#2774 = EDGE_CURVE('',#2767,#2735,#2775,.T.);
#2775 = LINE('',#2776,#2777);
#2776 = CARTESIAN_POINT('',(2.249999999989,-0.999999999993,2.9));
#2777 = VECTOR('',#2778,1.);
#2778 = DIRECTION('',(-1.,0.,0.));
#2779 = ORIENTED_EDGE('',*,*,#2742,.F.);
#2780 = ORIENTED_EDGE('',*,*,#2781,.F.);
#2781 = EDGE_CURVE('',#2765,#2743,#2782,.T.);
#2782 = LINE('',#2783,#2784);
#2783 = CARTESIAN_POINT('',(2.249999999989,-0.999999999993,2.6));
#2784 = VECTOR('',#2785,1.);
#2785 = DIRECTION('',(-1.,0.,0.));
#2786 = PLANE('',#2787);
#2787 = AXIS2_PLACEMENT_3D('',#2788,#2789,#2790);
#2788 = CARTESIAN_POINT('',(2.249999999989,-0.999999999993,2.6));
#2789 = DIRECTION('',(0.,-1.,0.));
#2790 = DIRECTION('',(-1.,0.,0.));
#2791 = ADVANCED_FACE('',(#2792),#2817,.T.);
#2792 = FACE_BOUND('',#2793,.T.);
#2793 = EDGE_LOOP('',(#2794,#2795,#2803,#2811));
#2794 = ORIENTED_EDGE('',*,*,#2764,.T.);
#2795 = ORIENTED_EDGE('',*,*,#2796,.T.);
#2796 = EDGE_CURVE('',#2767,#2797,#2799,.T.);
#2797 = VERTEX_POINT('',#2798);
#2798 = CARTESIAN_POINT('',(2.249999999989,-2.099999999982,2.9));
#2799 = LINE('',#2800,#2801);
#2800 = CARTESIAN_POINT('',(2.249999999989,-0.999999999993,2.9));
#2801 = VECTOR('',#2802,1.);
#2802 = DIRECTION('',(0.,-1.,0.));
#2803 = ORIENTED_EDGE('',*,*,#2804,.F.);
#2804 = EDGE_CURVE('',#2805,#2797,#2807,.T.);
#2805 = VERTEX_POINT('',#2806);
#2806 = CARTESIAN_POINT('',(2.249999999989,-2.099999999982,2.6));
#2807 = LINE('',#2808,#2809);
#2808 = CARTESIAN_POINT('',(2.249999999989,-2.099999999982,2.6));
#2809 = VECTOR('',#2810,1.);
#2810 = DIRECTION('',(0.,0.,1.));
#2811 = ORIENTED_EDGE('',*,*,#2812,.F.);
#2812 = EDGE_CURVE('',#2765,#2805,#2813,.T.);
#2813 = LINE('',#2814,#2815);
#2814 = CARTESIAN_POINT('',(2.249999999989,-0.999999999993,2.6));
#2815 = VECTOR('',#2816,1.);
#2816 = DIRECTION('',(0.,-1.,0.));
#2817 = PLANE('',#2818);
#2818 = AXIS2_PLACEMENT_3D('',#2819,#2820,#2821);
#2819 = CARTESIAN_POINT('',(2.249999999989,-0.999999999993,2.6));
#2820 = DIRECTION('',(1.,0.,0.));
#2821 = DIRECTION('',(0.,-1.,0.));
#2822 = ADVANCED_FACE('',(#2823),#2850,.T.);
#2823 = FACE_BOUND('',#2824,.T.);
#2824 = EDGE_LOOP('',(#2825,#2834,#2835,#2844));
#2825 = ORIENTED_EDGE('',*,*,#2826,.T.);
#2826 = EDGE_CURVE('',#2827,#2805,#2829,.T.);
#2827 = VERTEX_POINT('',#2828);
#2828 = CARTESIAN_POINT('',(2.099999999989,-2.25,2.6));
#2829 = CIRCLE('',#2830,0.15);
#2830 = AXIS2_PLACEMENT_3D('',#2831,#2832,#2833);
#2831 = CARTESIAN_POINT('',(2.099999999989,-2.1,2.6));
#2832 = DIRECTION('',(0.,0.,1.));
#2833 = DIRECTION('',(1.,0.,-0.));
#2834 = ORIENTED_EDGE('',*,*,#2804,.T.);
#2835 = ORIENTED_EDGE('',*,*,#2836,.F.);
#2836 = EDGE_CURVE('',#2837,#2797,#2839,.T.);
#2837 = VERTEX_POINT('',#2838);
#2838 = CARTESIAN_POINT('',(2.099999999989,-2.25,2.9));
#2839 = CIRCLE('',#2840,0.15);
#2840 = AXIS2_PLACEMENT_3D('',#2841,#2842,#2843);
#2841 = CARTESIAN_POINT('',(2.099999999989,-2.1,2.9));
#2842 = DIRECTION('',(0.,0.,1.));
#2843 = DIRECTION('',(1.,0.,-0.));
#2844 = ORIENTED_EDGE('',*,*,#2845,.F.);
#2845 = EDGE_CURVE('',#2827,#2837,#2846,.T.);
#2846 = LINE('',#2847,#2848);
#2847 = CARTESIAN_POINT('',(2.099999999989,-2.25,2.6));
#2848 = VECTOR('',#2849,1.);
#2849 = DIRECTION('',(0.,0.,1.));
#2850 = CYLINDRICAL_SURFACE('',#2851,0.15);
#2851 = AXIS2_PLACEMENT_3D('',#2852,#2853,#2854);
#2852 = CARTESIAN_POINT('',(2.099999999989,-2.1,2.6));
#2853 = DIRECTION('',(-0.,-0.,-1.));
#2854 = DIRECTION('',(1.,0.,0.));
#2855 = ADVANCED_FACE('',(#2856),#2881,.T.);
#2856 = FACE_BOUND('',#2857,.T.);
#2857 = EDGE_LOOP('',(#2858,#2859,#2867,#2875));
#2858 = ORIENTED_EDGE('',*,*,#2845,.T.);
#2859 = ORIENTED_EDGE('',*,*,#2860,.T.);
#2860 = EDGE_CURVE('',#2837,#2861,#2863,.T.);
#2861 = VERTEX_POINT('',#2862);
#2862 = CARTESIAN_POINT('',(1.,-2.25,2.9));
#2863 = LINE('',#2864,#2865);
#2864 = CARTESIAN_POINT('',(2.099999999989,-2.25,2.9));
#2865 = VECTOR('',#2866,1.);
#2866 = DIRECTION('',(-1.,0.,0.));
#2867 = ORIENTED_EDGE('',*,*,#2868,.F.);
#2868 = EDGE_CURVE('',#2869,#2861,#2871,.T.);
#2869 = VERTEX_POINT('',#2870);
#2870 = CARTESIAN_POINT('',(1.,-2.25,2.6));
#2871 = LINE('',#2872,#2873);
#2872 = CARTESIAN_POINT('',(1.,-2.25,2.6));
#2873 = VECTOR('',#2874,1.);
#2874 = DIRECTION('',(0.,0.,1.));
#2875 = ORIENTED_EDGE('',*,*,#2876,.F.);
#2876 = EDGE_CURVE('',#2827,#2869,#2877,.T.);
#2877 = LINE('',#2878,#2879);
#2878 = CARTESIAN_POINT('',(2.099999999989,-2.25,2.6));
#2879 = VECTOR('',#2880,1.);
#2880 = DIRECTION('',(-1.,0.,0.));
#2881 = PLANE('',#2882);
#2882 = AXIS2_PLACEMENT_3D('',#2883,#2884,#2885);
#2883 = CARTESIAN_POINT('',(2.099999999989,-2.25,2.6));
#2884 = DIRECTION('',(0.,-1.,0.));
#2885 = DIRECTION('',(-1.,0.,0.));
#2886 = ADVANCED_FACE('',(#2887),#2912,.T.);
#2887 = FACE_BOUND('',#2888,.T.);
#2888 = EDGE_LOOP('',(#2889,#2890,#2898,#2906));
#2889 = ORIENTED_EDGE('',*,*,#2868,.T.);
#2890 = ORIENTED_EDGE('',*,*,#2891,.T.);
#2891 = EDGE_CURVE('',#2861,#2892,#2894,.T.);
#2892 = VERTEX_POINT('',#2893);
#2893 = CARTESIAN_POINT('',(1.,-2.05,2.9));
#2894 = LINE('',#2895,#2896);
#2895 = CARTESIAN_POINT('',(1.,-2.25,2.9));
#2896 = VECTOR('',#2897,1.);
#2897 = DIRECTION('',(0.,1.,0.));
#2898 = ORIENTED_EDGE('',*,*,#2899,.F.);
#2899 = EDGE_CURVE('',#2900,#2892,#2902,.T.);
#2900 = VERTEX_POINT('',#2901);
#2901 = CARTESIAN_POINT('',(1.,-2.05,2.6));
#2902 = LINE('',#2903,#2904);
#2903 = CARTESIAN_POINT('',(1.,-2.05,2.6));
#2904 = VECTOR('',#2905,1.);
#2905 = DIRECTION('',(0.,0.,1.));
#2906 = ORIENTED_EDGE('',*,*,#2907,.F.);
#2907 = EDGE_CURVE('',#2869,#2900,#2908,.T.);
#2908 = LINE('',#2909,#2910);
#2909 = CARTESIAN_POINT('',(1.,-2.25,2.6));
#2910 = VECTOR('',#2911,1.);
#2911 = DIRECTION('',(0.,1.,0.));
#2912 = PLANE('',#2913);
#2913 = AXIS2_PLACEMENT_3D('',#2914,#2915,#2916);
#2914 = CARTESIAN_POINT('',(1.,-2.25,2.6));
#2915 = DIRECTION('',(-1.,0.,0.));
#2916 = DIRECTION('',(0.,1.,0.));
#2917 = ADVANCED_FACE('',(#2918),#2943,.F.);
#2918 = FACE_BOUND('',#2919,.F.);
#2919 = EDGE_LOOP('',(#2920,#2930,#2936,#2937));
#2920 = ORIENTED_EDGE('',*,*,#2921,.T.);
#2921 = EDGE_CURVE('',#2922,#2924,#2926,.T.);
#2922 = VERTEX_POINT('',#2923);
#2923 = CARTESIAN_POINT('',(-1.,-2.05,2.6));
#2924 = VERTEX_POINT('',#2925);
#2925 = CARTESIAN_POINT('',(-1.,-2.05,2.9));
#2926 = LINE('',#2927,#2928);
#2927 = CARTESIAN_POINT('',(-1.,-2.05,2.6));
#2928 = VECTOR('',#2929,1.);
#2929 = DIRECTION('',(0.,0.,1.));
#2930 = ORIENTED_EDGE('',*,*,#2931,.T.);
#2931 = EDGE_CURVE('',#2924,#2892,#2932,.T.);
#2932 = LINE('',#2933,#2934);
#2933 = CARTESIAN_POINT('',(-1.,-2.05,2.9));
#2934 = VECTOR('',#2935,1.);
#2935 = DIRECTION('',(1.,0.,0.));
#2936 = ORIENTED_EDGE('',*,*,#2899,.F.);
#2937 = ORIENTED_EDGE('',*,*,#2938,.F.);
#2938 = EDGE_CURVE('',#2922,#2900,#2939,.T.);
#2939 = LINE('',#2940,#2941);
#2940 = CARTESIAN_POINT('',(-1.,-2.05,2.6));
#2941 = VECTOR('',#2942,1.);
#2942 = DIRECTION('',(1.,0.,0.));
#2943 = PLANE('',#2944);
#2944 = AXIS2_PLACEMENT_3D('',#2945,#2946,#2947);
#2945 = CARTESIAN_POINT('',(-1.,-2.05,2.6));
#2946 = DIRECTION('',(0.,1.,0.));
#2947 = DIRECTION('',(1.,0.,0.));
#2948 = ADVANCED_FACE('',(#2949),#2974,.F.);
#2949 = FACE_BOUND('',#2950,.F.);
#2950 = EDGE_LOOP('',(#2951,#2961,#2967,#2968));
#2951 = ORIENTED_EDGE('',*,*,#2952,.T.);
#2952 = EDGE_CURVE('',#2953,#2955,#2957,.T.);
#2953 = VERTEX_POINT('',#2954);
#2954 = CARTESIAN_POINT('',(-1.,-2.25,2.6));
#2955 = VERTEX_POINT('',#2956);
#2956 = CARTESIAN_POINT('',(-1.,-2.25,2.9));
#2957 = LINE('',#2958,#2959);
#2958 = CARTESIAN_POINT('',(-1.,-2.25,2.6));
#2959 = VECTOR('',#2960,1.);
#2960 = DIRECTION('',(0.,0.,1.));
#2961 = ORIENTED_EDGE('',*,*,#2962,.T.);
#2962 = EDGE_CURVE('',#2955,#2924,#2963,.T.);
#2963 = LINE('',#2964,#2965);
#2964 = CARTESIAN_POINT('',(-1.,-2.25,2.9));
#2965 = VECTOR('',#2966,1.);
#2966 = DIRECTION('',(0.,1.,0.));
#2967 = ORIENTED_EDGE('',*,*,#2921,.F.);
#2968 = ORIENTED_EDGE('',*,*,#2969,.F.);
#2969 = EDGE_CURVE('',#2953,#2922,#2970,.T.);
#2970 = LINE('',#2971,#2972);
#2971 = CARTESIAN_POINT('',(-1.,-2.25,2.6));
#2972 = VECTOR('',#2973,1.);
#2973 = DIRECTION('',(0.,1.,0.));
#2974 = PLANE('',#2975);
#2975 = AXIS2_PLACEMENT_3D('',#2976,#2977,#2978);
#2976 = CARTESIAN_POINT('',(-1.,-2.25,2.6));
#2977 = DIRECTION('',(-1.,0.,0.));
#2978 = DIRECTION('',(0.,1.,0.));
#2979 = ADVANCED_FACE('',(#2980),#3005,.T.);
#2980 = FACE_BOUND('',#2981,.T.);
#2981 = EDGE_LOOP('',(#2982,#2983,#2991,#2999));
#2982 = ORIENTED_EDGE('',*,*,#2952,.T.);
#2983 = ORIENTED_EDGE('',*,*,#2984,.T.);
#2984 = EDGE_CURVE('',#2955,#2985,#2987,.T.);
#2985 = VERTEX_POINT('',#2986);
#2986 = CARTESIAN_POINT('',(-2.099999999989,-2.249999999998,2.9));
#2987 = LINE('',#2988,#2989);
#2988 = CARTESIAN_POINT('',(-1.,-2.25,2.9));
#2989 = VECTOR('',#2990,1.);
#2990 = DIRECTION('',(-1.,0.,0.));
#2991 = ORIENTED_EDGE('',*,*,#2992,.F.);
#2992 = EDGE_CURVE('',#2993,#2985,#2995,.T.);
#2993 = VERTEX_POINT('',#2994);
#2994 = CARTESIAN_POINT('',(-2.099999999989,-2.249999999998,2.6));
#2995 = LINE('',#2996,#2997);
#2996 = CARTESIAN_POINT('',(-2.099999999989,-2.249999999998,2.6));
#2997 = VECTOR('',#2998,1.);
#2998 = DIRECTION('',(0.,0.,1.));
#2999 = ORIENTED_EDGE('',*,*,#3000,.F.);
#3000 = EDGE_CURVE('',#2953,#2993,#3001,.T.);
#3001 = LINE('',#3002,#3003);
#3002 = CARTESIAN_POINT('',(-1.,-2.25,2.6));
#3003 = VECTOR('',#3004,1.);
#3004 = DIRECTION('',(-1.,0.,0.));
#3005 = PLANE('',#3006);
#3006 = AXIS2_PLACEMENT_3D('',#3007,#3008,#3009);
#3007 = CARTESIAN_POINT('',(-1.,-2.25,2.6));
#3008 = DIRECTION('',(0.,-1.,0.));
#3009 = DIRECTION('',(-1.,0.,0.));
#3010 = ADVANCED_FACE('',(#3011),#3038,.T.);
#3011 = FACE_BOUND('',#3012,.T.);
#3012 = EDGE_LOOP('',(#3013,#3022,#3023,#3032));
#3013 = ORIENTED_EDGE('',*,*,#3014,.T.);
#3014 = EDGE_CURVE('',#3015,#2993,#3017,.T.);
#3015 = VERTEX_POINT('',#3016);
#3016 = CARTESIAN_POINT('',(-2.25,-2.099999999996,2.6));
#3017 = CIRCLE('',#3018,0.15);
#3018 = AXIS2_PLACEMENT_3D('',#3019,#3020,#3021);
#3019 = CARTESIAN_POINT('',(-2.1,-2.099999999996,2.6));
#3020 = DIRECTION('',(0.,0.,1.));
#3021 = DIRECTION('',(1.,0.,-0.));
#3022 = ORIENTED_EDGE('',*,*,#2992,.T.);
#3023 = ORIENTED_EDGE('',*,*,#3024,.F.);
#3024 = EDGE_CURVE('',#3025,#2985,#3027,.T.);
#3025 = VERTEX_POINT('',#3026);
#3026 = CARTESIAN_POINT('',(-2.25,-2.099999999996,2.9));
#3027 = CIRCLE('',#3028,0.15);
#3028 = AXIS2_PLACEMENT_3D('',#3029,#3030,#3031);
#3029 = CARTESIAN_POINT('',(-2.1,-2.099999999996,2.9));
#3030 = DIRECTION('',(0.,0.,1.));
#3031 = DIRECTION('',(1.,0.,-0.));
#3032 = ORIENTED_EDGE('',*,*,#3033,.F.);
#3033 = EDGE_CURVE('',#3015,#3025,#3034,.T.);
#3034 = LINE('',#3035,#3036);
#3035 = CARTESIAN_POINT('',(-2.25,-2.099999999996,2.6));
#3036 = VECTOR('',#3037,1.);
#3037 = DIRECTION('',(0.,0.,1.));
#3038 = CYLINDRICAL_SURFACE('',#3039,0.15);
#3039 = AXIS2_PLACEMENT_3D('',#3040,#3041,#3042);
#3040 = CARTESIAN_POINT('',(-2.1,-2.099999999996,2.6));
#3041 = DIRECTION('',(-0.,-0.,-1.));
#3042 = DIRECTION('',(1.,0.,0.));
#3043 = ADVANCED_FACE('',(#3044),#3069,.T.);
#3044 = FACE_BOUND('',#3045,.T.);
#3045 = EDGE_LOOP('',(#3046,#3047,#3055,#3063));
#3046 = ORIENTED_EDGE('',*,*,#3033,.T.);
#3047 = ORIENTED_EDGE('',*,*,#3048,.T.);
#3048 = EDGE_CURVE('',#3025,#3049,#3051,.T.);
#3049 = VERTEX_POINT('',#3050);
#3050 = CARTESIAN_POINT('',(-2.25,-1.000000000007,2.9));
#3051 = LINE('',#3052,#3053);
#3052 = CARTESIAN_POINT('',(-2.25,-2.099999999996,2.9));
#3053 = VECTOR('',#3054,1.);
#3054 = DIRECTION('',(0.,1.,0.));
#3055 = ORIENTED_EDGE('',*,*,#3056,.F.);
#3056 = EDGE_CURVE('',#3057,#3049,#3059,.T.);
#3057 = VERTEX_POINT('',#3058);
#3058 = CARTESIAN_POINT('',(-2.25,-1.000000000007,2.6));
#3059 = LINE('',#3060,#3061);
#3060 = CARTESIAN_POINT('',(-2.25,-1.000000000007,2.6));
#3061 = VECTOR('',#3062,1.);
#3062 = DIRECTION('',(0.,0.,1.));
#3063 = ORIENTED_EDGE('',*,*,#3064,.F.);
#3064 = EDGE_CURVE('',#3015,#3057,#3065,.T.);
#3065 = LINE('',#3066,#3067);
#3066 = CARTESIAN_POINT('',(-2.25,-2.099999999996,2.6));
#3067 = VECTOR('',#3068,1.);
#3068 = DIRECTION('',(0.,1.,0.));
#3069 = PLANE('',#3070);
#3070 = AXIS2_PLACEMENT_3D('',#3071,#3072,#3073);
#3071 = CARTESIAN_POINT('',(-2.25,-2.099999999996,2.6));
#3072 = DIRECTION('',(-1.,0.,0.));
#3073 = DIRECTION('',(0.,1.,0.));
#3074 = ADVANCED_FACE('',(#3075),#3100,.T.);
#3075 = FACE_BOUND('',#3076,.T.);
#3076 = EDGE_LOOP('',(#3077,#3078,#3086,#3094));
#3077 = ORIENTED_EDGE('',*,*,#3056,.T.);
#3078 = ORIENTED_EDGE('',*,*,#3079,.T.);
#3079 = EDGE_CURVE('',#3049,#3080,#3082,.T.);
#3080 = VERTEX_POINT('',#3081);
#3081 = CARTESIAN_POINT('',(-2.05,-1.000000000007,2.9));
#3082 = LINE('',#3083,#3084);
#3083 = CARTESIAN_POINT('',(-2.25,-1.000000000007,2.9));
#3084 = VECTOR('',#3085,1.);
#3085 = DIRECTION('',(1.,0.,0.));
#3086 = ORIENTED_EDGE('',*,*,#3087,.F.);
#3087 = EDGE_CURVE('',#3088,#3080,#3090,.T.);
#3088 = VERTEX_POINT('',#3089);
#3089 = CARTESIAN_POINT('',(-2.05,-1.000000000007,2.6));
#3090 = LINE('',#3091,#3092);
#3091 = CARTESIAN_POINT('',(-2.05,-1.000000000007,2.6));
#3092 = VECTOR('',#3093,1.);
#3093 = DIRECTION('',(0.,0.,1.));
#3094 = ORIENTED_EDGE('',*,*,#3095,.F.);
#3095 = EDGE_CURVE('',#3057,#3088,#3096,.T.);
#3096 = LINE('',#3097,#3098);
#3097 = CARTESIAN_POINT('',(-2.25,-1.000000000007,2.6));
#3098 = VECTOR('',#3099,1.);
#3099 = DIRECTION('',(1.,0.,0.));
#3100 = PLANE('',#3101);
#3101 = AXIS2_PLACEMENT_3D('',#3102,#3103,#3104);
#3102 = CARTESIAN_POINT('',(-2.25,-1.000000000007,2.6));
#3103 = DIRECTION('',(0.,1.,0.));
#3104 = DIRECTION('',(1.,0.,0.));
#3105 = ADVANCED_FACE('',(#3106),#3131,.T.);
#3106 = FACE_BOUND('',#3107,.T.);
#3107 = EDGE_LOOP('',(#3108,#3109,#3117,#3125));
#3108 = ORIENTED_EDGE('',*,*,#3087,.T.);
#3109 = ORIENTED_EDGE('',*,*,#3110,.T.);
#3110 = EDGE_CURVE('',#3080,#3111,#3113,.T.);
#3111 = VERTEX_POINT('',#3112);
#3112 = CARTESIAN_POINT('',(-2.05,0.999999999993,2.9));
#3113 = LINE('',#3114,#3115);
#3114 = CARTESIAN_POINT('',(-2.05,-1.000000000007,2.9));
#3115 = VECTOR('',#3116,1.);
#3116 = DIRECTION('',(0.,1.,0.));
#3117 = ORIENTED_EDGE('',*,*,#3118,.F.);
#3118 = EDGE_CURVE('',#3119,#3111,#3121,.T.);
#3119 = VERTEX_POINT('',#3120);
#3120 = CARTESIAN_POINT('',(-2.05,0.999999999993,2.6));
#3121 = LINE('',#3122,#3123);
#3122 = CARTESIAN_POINT('',(-2.05,0.999999999993,2.6));
#3123 = VECTOR('',#3124,1.);
#3124 = DIRECTION('',(0.,0.,1.));
#3125 = ORIENTED_EDGE('',*,*,#3126,.F.);
#3126 = EDGE_CURVE('',#3088,#3119,#3127,.T.);
#3127 = LINE('',#3128,#3129);
#3128 = CARTESIAN_POINT('',(-2.05,-1.000000000007,2.6));
#3129 = VECTOR('',#3130,1.);
#3130 = DIRECTION('',(0.,1.,0.));
#3131 = PLANE('',#3132);
#3132 = AXIS2_PLACEMENT_3D('',#3133,#3134,#3135);
#3133 = CARTESIAN_POINT('',(-2.05,-1.000000000007,2.6));
#3134 = DIRECTION('',(-1.,0.,0.));
#3135 = DIRECTION('',(0.,1.,0.));
#3136 = ADVANCED_FACE('',(#3137),#3153,.F.);
#3137 = FACE_BOUND('',#3138,.F.);
#3138 = EDGE_LOOP('',(#3139,#3140,#3146,#3147));
#3139 = ORIENTED_EDGE('',*,*,#2410,.T.);
#3140 = ORIENTED_EDGE('',*,*,#3141,.T.);
#3141 = EDGE_CURVE('',#2413,#3111,#3142,.T.);
#3142 = LINE('',#3143,#3144);
#3143 = CARTESIAN_POINT('',(-2.249999999989,0.999999999993,2.9));
#3144 = VECTOR('',#3145,1.);
#3145 = DIRECTION('',(1.,0.,0.));
#3146 = ORIENTED_EDGE('',*,*,#3118,.F.);
#3147 = ORIENTED_EDGE('',*,*,#3148,.F.);
#3148 = EDGE_CURVE('',#2411,#3119,#3149,.T.);
#3149 = LINE('',#3150,#3151);
#3150 = CARTESIAN_POINT('',(-2.249999999989,0.999999999993,2.6));
#3151 = VECTOR('',#3152,1.);
#3152 = DIRECTION('',(1.,0.,0.));
#3153 = PLANE('',#3154);
#3154 = AXIS2_PLACEMENT_3D('',#3155,#3156,#3157);
#3155 = CARTESIAN_POINT('',(-2.249999999989,0.999999999993,2.6));
#3156 = DIRECTION('',(0.,1.,0.));
#3157 = DIRECTION('',(1.,0.,0.));
#3158 = ADVANCED_FACE('',(#3159),#3186,.F.);
#3159 = FACE_BOUND('',#3160,.F.);
#3160 = EDGE_LOOP('',(#3161,#3170,#3178,#3185));
#3161 = ORIENTED_EDGE('',*,*,#3162,.T.);
#3162 = EDGE_CURVE('',#3163,#3163,#3165,.T.);
#3163 = VERTEX_POINT('',#3164);
#3164 = CARTESIAN_POINT('',(1.2,0.,2.6));
#3165 = CIRCLE('',#3166,1.2);
#3166 = AXIS2_PLACEMENT_3D('',#3167,#3168,#3169);
#3167 = CARTESIAN_POINT('',(0.,0.,2.6));
#3168 = DIRECTION('',(0.,0.,1.));
#3169 = DIRECTION('',(1.,0.,-0.));
#3170 = ORIENTED_EDGE('',*,*,#3171,.T.);
#3171 = EDGE_CURVE('',#3163,#3172,#3174,.T.);
#3172 = VERTEX_POINT('',#3173);
#3173 = CARTESIAN_POINT('',(1.2,0.,2.9));
#3174 = LINE('',#3175,#3176);
#3175 = CARTESIAN_POINT('',(1.2,0.,2.6));
#3176 = VECTOR('',#3177,1.);
#3177 = DIRECTION('',(0.,0.,1.));
#3178 = ORIENTED_EDGE('',*,*,#3179,.F.);
#3179 = EDGE_CURVE('',#3172,#3172,#3180,.T.);
#3180 = CIRCLE('',#3181,1.2);
#3181 = AXIS2_PLACEMENT_3D('',#3182,#3183,#3184);
#3182 = CARTESIAN_POINT('',(0.,0.,2.9));
#3183 = DIRECTION('',(0.,0.,1.));
#3184 = DIRECTION('',(1.,0.,-0.));
#3185 = ORIENTED_EDGE('',*,*,#3171,.F.);
#3186 = CYLINDRICAL_SURFACE('',#3187,1.2);
#3187 = AXIS2_PLACEMENT_3D('',#3188,#3189,#3190);
#3188 = CARTESIAN_POINT('',(0.,0.,2.6));
#3189 = DIRECTION('',(-0.,-0.,-1.));
#3190 = DIRECTION('',(1.,0.,0.));
#3191 = ADVANCED_FACE('',(#3192,#3218),#3221,.F.);
#3192 = FACE_BOUND('',#3193,.T.);
#3193 = EDGE_LOOP('',(#3194,#3195,#3196,#3197,#3198,#3199,#3200,#3201,
    #3202,#3203,#3204,#3205,#3206,#3207,#3208,#3209,#3210,#3211,#3212,
    #3213,#3214,#3215,#3216,#3217));
#3194 = ORIENTED_EDGE('',*,*,#2436,.T.);
#3195 = ORIENTED_EDGE('',*,*,#2450,.F.);
#3196 = ORIENTED_EDGE('',*,*,#2500,.T.);
#3197 = ORIENTED_EDGE('',*,*,#2531,.T.);
#3198 = ORIENTED_EDGE('',*,*,#2562,.T.);
#3199 = ORIENTED_EDGE('',*,*,#2593,.F.);
#3200 = ORIENTED_EDGE('',*,*,#2624,.T.);
#3201 = ORIENTED_EDGE('',*,*,#2638,.F.);
#3202 = ORIENTED_EDGE('',*,*,#2688,.T.);
#3203 = ORIENTED_EDGE('',*,*,#2719,.T.);
#3204 = ORIENTED_EDGE('',*,*,#2750,.T.);
#3205 = ORIENTED_EDGE('',*,*,#2781,.F.);
#3206 = ORIENTED_EDGE('',*,*,#2812,.T.);
#3207 = ORIENTED_EDGE('',*,*,#2826,.F.);
#3208 = ORIENTED_EDGE('',*,*,#2876,.T.);
#3209 = ORIENTED_EDGE('',*,*,#2907,.T.);
#3210 = ORIENTED_EDGE('',*,*,#2938,.F.);
#3211 = ORIENTED_EDGE('',*,*,#2969,.F.);
#3212 = ORIENTED_EDGE('',*,*,#3000,.T.);
#3213 = ORIENTED_EDGE('',*,*,#3014,.F.);
#3214 = ORIENTED_EDGE('',*,*,#3064,.T.);
#3215 = ORIENTED_EDGE('',*,*,#3095,.T.);
#3216 = ORIENTED_EDGE('',*,*,#3126,.T.);
#3217 = ORIENTED_EDGE('',*,*,#3148,.F.);
#3218 = FACE_BOUND('',#3219,.T.);
#3219 = EDGE_LOOP('',(#3220));
#3220 = ORIENTED_EDGE('',*,*,#3162,.T.);
#3221 = PLANE('',#3222);
#3222 = AXIS2_PLACEMENT_3D('',#3223,#3224,#3225);
#3223 = CARTESIAN_POINT('',(-1.5888E-13,-5.2624E-13,2.6));
#3224 = DIRECTION('',(0.,0.,1.));
#3225 = DIRECTION('',(0.,1.,0.));
#3226 = ADVANCED_FACE('',(#3227,#3253),#3256,.T.);
#3227 = FACE_BOUND('',#3228,.F.);
#3228 = EDGE_LOOP('',(#3229,#3230,#3231,#3232,#3233,#3234,#3235,#3236,
    #3237,#3238,#3239,#3240,#3241,#3242,#3243,#3244,#3245,#3246,#3247,
    #3248,#3249,#3250,#3251,#3252));
#3229 = ORIENTED_EDGE('',*,*,#2420,.T.);
#3230 = ORIENTED_EDGE('',*,*,#2460,.F.);
#3231 = ORIENTED_EDGE('',*,*,#2484,.T.);
#3232 = ORIENTED_EDGE('',*,*,#2515,.T.);
#3233 = ORIENTED_EDGE('',*,*,#2546,.T.);
#3234 = ORIENTED_EDGE('',*,*,#2586,.F.);
#3235 = ORIENTED_EDGE('',*,*,#2608,.T.);
#3236 = ORIENTED_EDGE('',*,*,#2648,.F.);
#3237 = ORIENTED_EDGE('',*,*,#2672,.T.);
#3238 = ORIENTED_EDGE('',*,*,#2703,.T.);
#3239 = ORIENTED_EDGE('',*,*,#2734,.T.);
#3240 = ORIENTED_EDGE('',*,*,#2774,.F.);
#3241 = ORIENTED_EDGE('',*,*,#2796,.T.);
#3242 = ORIENTED_EDGE('',*,*,#2836,.F.);
#3243 = ORIENTED_EDGE('',*,*,#2860,.T.);
#3244 = ORIENTED_EDGE('',*,*,#2891,.T.);
#3245 = ORIENTED_EDGE('',*,*,#2931,.F.);
#3246 = ORIENTED_EDGE('',*,*,#2962,.F.);
#3247 = ORIENTED_EDGE('',*,*,#2984,.T.);
#3248 = ORIENTED_EDGE('',*,*,#3024,.F.);
#3249 = ORIENTED_EDGE('',*,*,#3048,.T.);
#3250 = ORIENTED_EDGE('',*,*,#3079,.T.);
#3251 = ORIENTED_EDGE('',*,*,#3110,.T.);
#3252 = ORIENTED_EDGE('',*,*,#3141,.F.);
#3253 = FACE_BOUND('',#3254,.F.);
#3254 = EDGE_LOOP('',(#3255));
#3255 = ORIENTED_EDGE('',*,*,#3179,.T.);
#3256 = PLANE('',#3257);
#3257 = AXIS2_PLACEMENT_3D('',#3258,#3259,#3260);
#3258 = CARTESIAN_POINT('',(-1.5888E-13,-5.2624E-13,2.9));
#3259 = DIRECTION('',(0.,0.,1.));
#3260 = DIRECTION('',(0.,1.,0.));
#3261 = MANIFOLD_SOLID_BREP('',#3262);
#3262 = CLOSED_SHELL('',(#3263,#3296,#3322,#3331));
#3263 = ADVANCED_FACE('',(#3264),#3291,.T.);
#3264 = FACE_BOUND('',#3265,.T.);
#3265 = EDGE_LOOP('',(#3266,#3275,#3283,#3290));
#3266 = ORIENTED_EDGE('',*,*,#3267,.T.);
#3267 = EDGE_CURVE('',#3268,#3268,#3270,.T.);
#3268 = VERTEX_POINT('',#3269);
#3269 = CARTESIAN_POINT('',(1.15,0.,2.6));
#3270 = CIRCLE('',#3271,1.15);
#3271 = AXIS2_PLACEMENT_3D('',#3272,#3273,#3274);
#3272 = CARTESIAN_POINT('',(0.,0.,2.6));
#3273 = DIRECTION('',(0.,0.,1.));
#3274 = DIRECTION('',(1.,0.,-0.));
#3275 = ORIENTED_EDGE('',*,*,#3276,.T.);
#3276 = EDGE_CURVE('',#3268,#3277,#3279,.T.);
#3277 = VERTEX_POINT('',#3278);
#3278 = CARTESIAN_POINT('',(1.15,1.389693795009E-33,3.7));
#3279 = LINE('',#3280,#3281);
#3280 = CARTESIAN_POINT('',(1.15,0.,2.6));
#3281 = VECTOR('',#3282,1.);
#3282 = DIRECTION('',(0.,0.,1.));
#3283 = ORIENTED_EDGE('',*,*,#3284,.F.);
#3284 = EDGE_CURVE('',#3277,#3277,#3285,.T.);
#3285 = CIRCLE('',#3286,1.15);
#3286 = AXIS2_PLACEMENT_3D('',#3287,#3288,#3289);
#3287 = CARTESIAN_POINT('',(2.216651921374E-32,-1.093625784907E-32,3.7)
  );
#3288 = DIRECTION('',(2.48538407442E-32,-1.389693795009E-32,1.));
#3289 = DIRECTION('',(1.,1.071821882094E-32,-2.48538407442E-32));
#3290 = ORIENTED_EDGE('',*,*,#3276,.F.);
#3291 = CYLINDRICAL_SURFACE('',#3292,1.15);
#3292 = AXIS2_PLACEMENT_3D('',#3293,#3294,#3295);
#3293 = CARTESIAN_POINT('',(0.,0.,2.6));
#3294 = DIRECTION('',(-0.,-0.,-1.));
#3295 = DIRECTION('',(1.,0.,0.));
#3296 = ADVANCED_FACE('',(#3297),#3317,.T.);
#3297 = FACE_BOUND('',#3298,.T.);
#3298 = EDGE_LOOP('',(#3299,#3308,#3309,#3310));
#3299 = ORIENTED_EDGE('',*,*,#3300,.F.);
#3300 = EDGE_CURVE('',#3277,#3301,#3303,.T.);
#3301 = VERTEX_POINT('',#3302);
#3302 = CARTESIAN_POINT('',(1.05,-1.071821882094E-33,3.8));
#3303 = CIRCLE('',#3304,0.1);
#3304 = AXIS2_PLACEMENT_3D('',#3305,#3306,#3307);
#3305 = CARTESIAN_POINT('',(1.05,-9.509789433973E-34,3.7));
#3306 = DIRECTION('',(9.509789433973E-33,-1.,-1.389693795009E-32));
#3307 = DIRECTION('',(1.,9.509789433973E-33,-2.48538407442E-32));
#3308 = ORIENTED_EDGE('',*,*,#3284,.T.);
#3309 = ORIENTED_EDGE('',*,*,#3300,.T.);
#3310 = ORIENTED_EDGE('',*,*,#3311,.F.);
#3311 = EDGE_CURVE('',#3301,#3301,#3312,.T.);
#3312 = CIRCLE('',#3313,1.05);
#3313 = AXIS2_PLACEMENT_3D('',#3314,#3315,#3316);
#3314 = CARTESIAN_POINT('',(2.465190328816E-32,-1.232595164408E-32,3.8)
  );
#3315 = DIRECTION('',(2.48538407442E-32,-1.389693795009E-32,1.));
#3316 = DIRECTION('',(1.,1.071821882094E-32,-2.48538407442E-32));
#3317 = TOROIDAL_SURFACE('',#3318,1.05,0.1);
#3318 = AXIS2_PLACEMENT_3D('',#3319,#3320,#3321);
#3319 = CARTESIAN_POINT('',(2.216651921374E-32,-1.093625784907E-32,3.7)
  );
#3320 = DIRECTION('',(2.48538407442E-32,-1.389693795009E-32,1.));
#3321 = DIRECTION('',(1.,1.071821882094E-32,-2.48538407442E-32));
#3322 = ADVANCED_FACE('',(#3323),#3326,.F.);
#3323 = FACE_BOUND('',#3324,.F.);
#3324 = EDGE_LOOP('',(#3325));
#3325 = ORIENTED_EDGE('',*,*,#3267,.T.);
#3326 = PLANE('',#3327);
#3327 = AXIS2_PLACEMENT_3D('',#3328,#3329,#3330);
#3328 = CARTESIAN_POINT('',(-1.486347970152E-16,6.453130379405E-17,2.6)
  );
#3329 = DIRECTION('',(2.48538407442E-32,-1.389693795009E-32,1.));
#3330 = DIRECTION('',(1.,0.,-2.48538407442E-32));
#3331 = ADVANCED_FACE('',(#3332),#3335,.T.);
#3332 = FACE_BOUND('',#3333,.T.);
#3333 = EDGE_LOOP('',(#3334));
#3334 = ORIENTED_EDGE('',*,*,#3311,.T.);
#3335 = PLANE('',#3336);
#3336 = AXIS2_PLACEMENT_3D('',#3337,#3338,#3339);
#3337 = CARTESIAN_POINT('',(-1.486347970152E-16,6.453130379405E-17,3.8)
  );
#3338 = DIRECTION('',(2.48538407442E-32,-1.389693795009E-32,1.));
#3339 = DIRECTION('',(1.,0.,-2.48538407442E-32));
#3340 = MANIFOLD_SOLID_BREP('',#3341);
#3341 = CLOSED_SHELL('',(#3342,#3375,#3408,#3417));
#3342 = ADVANCED_FACE('',(#3343),#3370,.T.);
#3343 = FACE_BOUND('',#3344,.T.);
#3344 = EDGE_LOOP('',(#3345,#3354,#3362,#3369));
#3345 = ORIENTED_EDGE('',*,*,#3346,.T.);
#3346 = EDGE_CURVE('',#3347,#3347,#3349,.T.);
#3347 = VERTEX_POINT('',#3348);
#3348 = CARTESIAN_POINT('',(-1.29099025767,1.59099025767,2.9));
#3349 = CIRCLE('',#3350,0.3);
#3350 = AXIS2_PLACEMENT_3D('',#3351,#3352,#3353);
#3351 = CARTESIAN_POINT('',(-1.59099025767,1.59099025767,2.9));
#3352 = DIRECTION('',(0.,0.,1.));
#3353 = DIRECTION('',(1.,0.,-0.));
#3354 = ORIENTED_EDGE('',*,*,#3355,.T.);
#3355 = EDGE_CURVE('',#3347,#3356,#3358,.T.);
#3356 = VERTEX_POINT('',#3357);
#3357 = CARTESIAN_POINT('',(-1.29099025767,1.59099025767,2.95));
#3358 = LINE('',#3359,#3360);
#3359 = CARTESIAN_POINT('',(-1.29099025767,1.59099025767,2.9));
#3360 = VECTOR('',#3361,1.);
#3361 = DIRECTION('',(0.,0.,1.));
#3362 = ORIENTED_EDGE('',*,*,#3363,.F.);
#3363 = EDGE_CURVE('',#3356,#3356,#3364,.T.);
#3364 = CIRCLE('',#3365,0.3);
#3365 = AXIS2_PLACEMENT_3D('',#3366,#3367,#3368);
#3366 = CARTESIAN_POINT('',(-1.59099025767,1.59099025767,2.95));
#3367 = DIRECTION('',(0.,0.,1.));
#3368 = DIRECTION('',(1.,0.,-0.));
#3369 = ORIENTED_EDGE('',*,*,#3355,.F.);
#3370 = CYLINDRICAL_SURFACE('',#3371,0.3);
#3371 = AXIS2_PLACEMENT_3D('',#3372,#3373,#3374);
#3372 = CARTESIAN_POINT('',(-1.59099025767,1.59099025767,2.9));
#3373 = DIRECTION('',(-0.,-0.,-1.));
#3374 = DIRECTION('',(1.,0.,0.));
#3375 = ADVANCED_FACE('',(#3376),#3396,.T.);
#3376 = FACE_BOUND('',#3377,.T.);
#3377 = EDGE_LOOP('',(#3378,#3387,#3388,#3389));
#3378 = ORIENTED_EDGE('',*,*,#3379,.F.);
#3379 = EDGE_CURVE('',#3356,#3380,#3382,.T.);
#3380 = VERTEX_POINT('',#3381);
#3381 = CARTESIAN_POINT('',(-1.54099025767,1.59099025767,3.2));
#3382 = CIRCLE('',#3383,0.25);
#3383 = AXIS2_PLACEMENT_3D('',#3384,#3385,#3386);
#3384 = CARTESIAN_POINT('',(-1.54099025767,1.59099025767,2.95));
#3385 = DIRECTION('',(0.,-1.,0.));
#3386 = DIRECTION('',(1.,0.,0.));
#3387 = ORIENTED_EDGE('',*,*,#3363,.T.);
#3388 = ORIENTED_EDGE('',*,*,#3379,.T.);
#3389 = ORIENTED_EDGE('',*,*,#3390,.F.);
#3390 = EDGE_CURVE('',#3380,#3380,#3391,.T.);
#3391 = CIRCLE('',#3392,5.E-02);
#3392 = AXIS2_PLACEMENT_3D('',#3393,#3394,#3395);
#3393 = CARTESIAN_POINT('',(-1.59099025767,1.59099025767,3.2));
#3394 = DIRECTION('',(0.,0.,1.));
#3395 = DIRECTION('',(1.,0.,-0.));
#3396 = SURFACE_OF_REVOLUTION('',#3397,#3405);
#3397 = B_SPLINE_CURVE_WITH_KNOTS('',6,(#3398,#3399,#3400,#3401,#3402,
    #3403,#3404),.UNSPECIFIED.,.F.,.F.,(7,7),(0.,1.570796326795),
  .PIECEWISE_BEZIER_KNOTS.);
#3398 = CARTESIAN_POINT('',(-1.29099025767,1.59099025767,2.95));
#3399 = CARTESIAN_POINT('',(-1.29099025767,1.59099025767,3.01544984695)
  );
#3400 = CARTESIAN_POINT('',(-1.311547179175,1.59099025767,3.080894125176
    ));
#3401 = CARTESIAN_POINT('',(-1.35269272026,1.59099025767,3.13829753741)
  );
#3402 = CARTESIAN_POINT('',(-1.410096132493,1.59099025767,3.179443078495
    ));
#3403 = CARTESIAN_POINT('',(-1.47554041072,1.59099025767,3.2));
#3404 = CARTESIAN_POINT('',(-1.54099025767,1.59099025767,3.2));
#3405 = AXIS1_PLACEMENT('',#3406,#3407);
#3406 = CARTESIAN_POINT('',(-1.59099025767,1.59099025767,2.95));
#3407 = DIRECTION('',(0.,0.,1.));
#3408 = ADVANCED_FACE('',(#3409),#3412,.F.);
#3409 = FACE_BOUND('',#3410,.F.);
#3410 = EDGE_LOOP('',(#3411));
#3411 = ORIENTED_EDGE('',*,*,#3346,.T.);
#3412 = PLANE('',#3413);
#3413 = AXIS2_PLACEMENT_3D('',#3414,#3415,#3416);
#3414 = CARTESIAN_POINT('',(-1.59099025767,1.59099025767,2.9));
#3415 = DIRECTION('',(0.,0.,1.));
#3416 = DIRECTION('',(1.,0.,-0.));
#3417 = ADVANCED_FACE('',(#3418),#3421,.T.);
#3418 = FACE_BOUND('',#3419,.T.);
#3419 = EDGE_LOOP('',(#3420));
#3420 = ORIENTED_EDGE('',*,*,#3390,.T.);
#3421 = PLANE('',#3422);
#3422 = AXIS2_PLACEMENT_3D('',#3423,#3424,#3425);
#3423 = CARTESIAN_POINT('',(-1.59099025767,1.59099025767,3.2));
#3424 = DIRECTION('',(0.,0.,1.));
#3425 = DIRECTION('',(1.,0.,-0.));
#3426 = MANIFOLD_SOLID_BREP('',#3427);
#3427 = CLOSED_SHELL('',(#3428,#3461,#3494,#3503));
#3428 = ADVANCED_FACE('',(#3429),#3456,.T.);
#3429 = FACE_BOUND('',#3430,.T.);
#3430 = EDGE_LOOP('',(#3431,#3440,#3448,#3455));
#3431 = ORIENTED_EDGE('',*,*,#3432,.T.);
#3432 = EDGE_CURVE('',#3433,#3433,#3435,.T.);
#3433 = VERTEX_POINT('',#3434);
#3434 = CARTESIAN_POINT('',(1.89099025767,1.59099025767,2.9));
#3435 = CIRCLE('',#3436,0.3);
#3436 = AXIS2_PLACEMENT_3D('',#3437,#3438,#3439);
#3437 = CARTESIAN_POINT('',(1.59099025767,1.59099025767,2.9));
#3438 = DIRECTION('',(0.,0.,1.));
#3439 = DIRECTION('',(1.,0.,-0.));
#3440 = ORIENTED_EDGE('',*,*,#3441,.T.);
#3441 = EDGE_CURVE('',#3433,#3442,#3444,.T.);
#3442 = VERTEX_POINT('',#3443);
#3443 = CARTESIAN_POINT('',(1.89099025767,1.59099025767,2.95));
#3444 = LINE('',#3445,#3446);
#3445 = CARTESIAN_POINT('',(1.89099025767,1.59099025767,2.9));
#3446 = VECTOR('',#3447,1.);
#3447 = DIRECTION('',(0.,0.,1.));
#3448 = ORIENTED_EDGE('',*,*,#3449,.F.);
#3449 = EDGE_CURVE('',#3442,#3442,#3450,.T.);
#3450 = CIRCLE('',#3451,0.3);
#3451 = AXIS2_PLACEMENT_3D('',#3452,#3453,#3454);
#3452 = CARTESIAN_POINT('',(1.59099025767,1.59099025767,2.95));
#3453 = DIRECTION('',(0.,0.,1.));
#3454 = DIRECTION('',(1.,0.,-0.));
#3455 = ORIENTED_EDGE('',*,*,#3441,.F.);
#3456 = CYLINDRICAL_SURFACE('',#3457,0.3);
#3457 = AXIS2_PLACEMENT_3D('',#3458,#3459,#3460);
#3458 = CARTESIAN_POINT('',(1.59099025767,1.59099025767,2.9));
#3459 = DIRECTION('',(-0.,-0.,-1.));
#3460 = DIRECTION('',(1.,0.,0.));
#3461 = ADVANCED_FACE('',(#3462),#3482,.T.);
#3462 = FACE_BOUND('',#3463,.T.);
#3463 = EDGE_LOOP('',(#3464,#3473,#3474,#3475));
#3464 = ORIENTED_EDGE('',*,*,#3465,.F.);
#3465 = EDGE_CURVE('',#3442,#3466,#3468,.T.);
#3466 = VERTEX_POINT('',#3467);
#3467 = CARTESIAN_POINT('',(1.64099025767,1.59099025767,3.2));
#3468 = CIRCLE('',#3469,0.25);
#3469 = AXIS2_PLACEMENT_3D('',#3470,#3471,#3472);
#3470 = CARTESIAN_POINT('',(1.64099025767,1.59099025767,2.95));
#3471 = DIRECTION('',(0.,-1.,0.));
#3472 = DIRECTION('',(1.,0.,0.));
#3473 = ORIENTED_EDGE('',*,*,#3449,.T.);
#3474 = ORIENTED_EDGE('',*,*,#3465,.T.);
#3475 = ORIENTED_EDGE('',*,*,#3476,.F.);
#3476 = EDGE_CURVE('',#3466,#3466,#3477,.T.);
#3477 = CIRCLE('',#3478,5.E-02);
#3478 = AXIS2_PLACEMENT_3D('',#3479,#3480,#3481);
#3479 = CARTESIAN_POINT('',(1.59099025767,1.59099025767,3.2));
#3480 = DIRECTION('',(0.,0.,1.));
#3481 = DIRECTION('',(1.,0.,-0.));
#3482 = SURFACE_OF_REVOLUTION('',#3483,#3491);
#3483 = B_SPLINE_CURVE_WITH_KNOTS('',6,(#3484,#3485,#3486,#3487,#3488,
    #3489,#3490),.UNSPECIFIED.,.F.,.F.,(7,7),(0.,1.570796326795),
  .PIECEWISE_BEZIER_KNOTS.);
#3484 = CARTESIAN_POINT('',(1.89099025767,1.59099025767,2.95));
#3485 = CARTESIAN_POINT('',(1.89099025767,1.59099025767,3.01544984695));
#3486 = CARTESIAN_POINT('',(1.870433336165,1.59099025767,3.080894125176)
  );
#3487 = CARTESIAN_POINT('',(1.82928779508,1.59099025767,3.13829753741));
#3488 = CARTESIAN_POINT('',(1.771884382846,1.59099025767,3.179443078495)
  );
#3489 = CARTESIAN_POINT('',(1.70644010462,1.59099025767,3.2));
#3490 = CARTESIAN_POINT('',(1.64099025767,1.59099025767,3.2));
#3491 = AXIS1_PLACEMENT('',#3492,#3493);
#3492 = CARTESIAN_POINT('',(1.59099025767,1.59099025767,2.95));
#3493 = DIRECTION('',(0.,0.,1.));
#3494 = ADVANCED_FACE('',(#3495),#3498,.F.);
#3495 = FACE_BOUND('',#3496,.F.);
#3496 = EDGE_LOOP('',(#3497));
#3497 = ORIENTED_EDGE('',*,*,#3432,.T.);
#3498 = PLANE('',#3499);
#3499 = AXIS2_PLACEMENT_3D('',#3500,#3501,#3502);
#3500 = CARTESIAN_POINT('',(1.59099025767,1.59099025767,2.9));
#3501 = DIRECTION('',(0.,0.,1.));
#3502 = DIRECTION('',(1.,0.,-0.));
#3503 = ADVANCED_FACE('',(#3504),#3507,.T.);
#3504 = FACE_BOUND('',#3505,.T.);
#3505 = EDGE_LOOP('',(#3506));
#3506 = ORIENTED_EDGE('',*,*,#3476,.T.);
#3507 = PLANE('',#3508);
#3508 = AXIS2_PLACEMENT_3D('',#3509,#3510,#3511);
#3509 = CARTESIAN_POINT('',(1.59099025767,1.59099025767,3.2));
#3510 = DIRECTION('',(0.,0.,1.));
#3511 = DIRECTION('',(1.,0.,-0.));
#3512 = MANIFOLD_SOLID_BREP('',#3513);
#3513 = CLOSED_SHELL('',(#3514,#3547,#3580,#3589));
#3514 = ADVANCED_FACE('',(#3515),#3542,.T.);
#3515 = FACE_BOUND('',#3516,.T.);
#3516 = EDGE_LOOP('',(#3517,#3526,#3534,#3541));
#3517 = ORIENTED_EDGE('',*,*,#3518,.T.);
#3518 = EDGE_CURVE('',#3519,#3519,#3521,.T.);
#3519 = VERTEX_POINT('',#3520);
#3520 = CARTESIAN_POINT('',(1.89099025767,-1.59099025767,2.9));
#3521 = CIRCLE('',#3522,0.3);
#3522 = AXIS2_PLACEMENT_3D('',#3523,#3524,#3525);
#3523 = CARTESIAN_POINT('',(1.59099025767,-1.59099025767,2.9));
#3524 = DIRECTION('',(0.,0.,1.));
#3525 = DIRECTION('',(1.,0.,-0.));
#3526 = ORIENTED_EDGE('',*,*,#3527,.T.);
#3527 = EDGE_CURVE('',#3519,#3528,#3530,.T.);
#3528 = VERTEX_POINT('',#3529);
#3529 = CARTESIAN_POINT('',(1.89099025767,-1.59099025767,2.95));
#3530 = LINE('',#3531,#3532);
#3531 = CARTESIAN_POINT('',(1.89099025767,-1.59099025767,2.9));
#3532 = VECTOR('',#3533,1.);
#3533 = DIRECTION('',(0.,0.,1.));
#3534 = ORIENTED_EDGE('',*,*,#3535,.F.);
#3535 = EDGE_CURVE('',#3528,#3528,#3536,.T.);
#3536 = CIRCLE('',#3537,0.3);
#3537 = AXIS2_PLACEMENT_3D('',#3538,#3539,#3540);
#3538 = CARTESIAN_POINT('',(1.59099025767,-1.59099025767,2.95));
#3539 = DIRECTION('',(0.,0.,1.));
#3540 = DIRECTION('',(1.,0.,-0.));
#3541 = ORIENTED_EDGE('',*,*,#3527,.F.);
#3542 = CYLINDRICAL_SURFACE('',#3543,0.3);
#3543 = AXIS2_PLACEMENT_3D('',#3544,#3545,#3546);
#3544 = CARTESIAN_POINT('',(1.59099025767,-1.59099025767,2.9));
#3545 = DIRECTION('',(-0.,-0.,-1.));
#3546 = DIRECTION('',(1.,0.,0.));
#3547 = ADVANCED_FACE('',(#3548),#3568,.T.);
#3548 = FACE_BOUND('',#3549,.T.);
#3549 = EDGE_LOOP('',(#3550,#3559,#3560,#3561));
#3550 = ORIENTED_EDGE('',*,*,#3551,.F.);
#3551 = EDGE_CURVE('',#3528,#3552,#3554,.T.);
#3552 = VERTEX_POINT('',#3553);
#3553 = CARTESIAN_POINT('',(1.64099025767,-1.59099025767,3.2));
#3554 = CIRCLE('',#3555,0.25);
#3555 = AXIS2_PLACEMENT_3D('',#3556,#3557,#3558);
#3556 = CARTESIAN_POINT('',(1.64099025767,-1.59099025767,2.95));
#3557 = DIRECTION('',(0.,-1.,0.));
#3558 = DIRECTION('',(1.,0.,0.));
#3559 = ORIENTED_EDGE('',*,*,#3535,.T.);
#3560 = ORIENTED_EDGE('',*,*,#3551,.T.);
#3561 = ORIENTED_EDGE('',*,*,#3562,.F.);
#3562 = EDGE_CURVE('',#3552,#3552,#3563,.T.);
#3563 = CIRCLE('',#3564,5.E-02);
#3564 = AXIS2_PLACEMENT_3D('',#3565,#3566,#3567);
#3565 = CARTESIAN_POINT('',(1.59099025767,-1.59099025767,3.2));
#3566 = DIRECTION('',(0.,0.,1.));
#3567 = DIRECTION('',(1.,0.,-0.));
#3568 = SURFACE_OF_REVOLUTION('',#3569,#3577);
#3569 = B_SPLINE_CURVE_WITH_KNOTS('',6,(#3570,#3571,#3572,#3573,#3574,
    #3575,#3576),.UNSPECIFIED.,.F.,.F.,(7,7),(0.,1.570796326795),
  .PIECEWISE_BEZIER_KNOTS.);
#3570 = CARTESIAN_POINT('',(1.89099025767,-1.59099025767,2.95));
#3571 = CARTESIAN_POINT('',(1.89099025767,-1.59099025767,3.01544984695)
  );
#3572 = CARTESIAN_POINT('',(1.870433336165,-1.59099025767,3.080894125176
    ));
#3573 = CARTESIAN_POINT('',(1.82928779508,-1.59099025767,3.13829753741)
  );
#3574 = CARTESIAN_POINT('',(1.771884382846,-1.59099025767,3.179443078495
    ));
#3575 = CARTESIAN_POINT('',(1.70644010462,-1.59099025767,3.2));
#3576 = CARTESIAN_POINT('',(1.64099025767,-1.59099025767,3.2));
#3577 = AXIS1_PLACEMENT('',#3578,#3579);
#3578 = CARTESIAN_POINT('',(1.59099025767,-1.59099025767,2.95));
#3579 = DIRECTION('',(0.,0.,1.));
#3580 = ADVANCED_FACE('',(#3581),#3584,.F.);
#3581 = FACE_BOUND('',#3582,.F.);
#3582 = EDGE_LOOP('',(#3583));
#3583 = ORIENTED_EDGE('',*,*,#3518,.T.);
#3584 = PLANE('',#3585);
#3585 = AXIS2_PLACEMENT_3D('',#3586,#3587,#3588);
#3586 = CARTESIAN_POINT('',(1.59099025767,-1.59099025767,2.9));
#3587 = DIRECTION('',(0.,0.,1.));
#3588 = DIRECTION('',(1.,0.,-0.));
#3589 = ADVANCED_FACE('',(#3590),#3593,.T.);
#3590 = FACE_BOUND('',#3591,.T.);
#3591 = EDGE_LOOP('',(#3592));
#3592 = ORIENTED_EDGE('',*,*,#3562,.T.);
#3593 = PLANE('',#3594);
#3594 = AXIS2_PLACEMENT_3D('',#3595,#3596,#3597);
#3595 = CARTESIAN_POINT('',(1.59099025767,-1.59099025767,3.2));
#3596 = DIRECTION('',(0.,0.,1.));
#3597 = DIRECTION('',(1.,0.,-0.));
#3598 = ( GEOMETRIC_REPRESENTATION_CONTEXT(3) 
GLOBAL_UNCERTAINTY_ASSIGNED_CONTEXT((#3602)) 
GLOBAL_UNIT_ASSIGNED_CONTEXT((#3599,#3600,#3601)) REPRESENTATION_CONTEXT
('Context #1','3D Context with UNIT and UNCERTAINTY') );
#3599 = ( LENGTH_UNIT() NAMED_UNIT(*) SI_UNIT(.MILLI.,.METRE.) );
#3600 = ( NAMED_UNIT(*) PLANE_ANGLE_UNIT() SI_UNIT($,.RADIAN.) );
#3601 = ( NAMED_UNIT(*) SI_UNIT($,.STERADIAN.) SOLID_ANGLE_UNIT() );
#3602 = UNCERTAINTY_MEASURE_WITH_UNIT(LENGTH_MEASURE(1.E-07),#3599,
  'distance_accuracy_value','confusion accuracy');
#3603 = CONTEXT_DEPENDENT_SHAPE_REPRESENTATION(#3604,#3606);
#3604 = ( REPRESENTATION_RELATIONSHIP('','',#75,#52) 
REPRESENTATION_RELATIONSHIP_WITH_TRANSFORMATION(#3605) 
SHAPE_REPRESENTATION_RELATIONSHIP() );
#3605 = ITEM_DEFINED_TRANSFORMATION('','',#11,#53);
#3606 = PRODUCT_DEFINITION_SHAPE('Placement','Placement of an item',
  #3607);
#3607 = NEXT_ASSEMBLY_USAGE_OCCURRENCE('1','=>[0:1:1:3]','',#47,#70,$);
#3608 = PRODUCT_RELATED_PRODUCT_CATEGORY('part',$,(#72));
#3609 = SHAPE_DEFINITION_REPRESENTATION(#3610,#3616);
#3610 = PRODUCT_DEFINITION_SHAPE('','',#3611);
#3611 = PRODUCT_DEFINITION('design','',#3612,#3615);
#3612 = PRODUCT_DEFINITION_FORMATION('','',#3613);
#3613 = PRODUCT('LED_D3.0mm_Clear','LED_D3.0mm_Clear','',(#3614));
#3614 = PRODUCT_CONTEXT('',#2,'mechanical');
#3615 = PRODUCT_DEFINITION_CONTEXT('part definition',#2,'design');
#3616 = SHAPE_REPRESENTATION('',(#11,#3617),#3621);
#3617 = AXIS2_PLACEMENT_3D('',#3618,#3619,#3620);
#3618 = CARTESIAN_POINT('',(0.,0.,0.));
#3619 = DIRECTION('',(0.,0.,1.));
#3620 = DIRECTION('',(1.,0.,-0.));
#3621 = ( GEOMETRIC_REPRESENTATION_CONTEXT(3) 
GLOBAL_UNCERTAINTY_ASSIGNED_CONTEXT((#3625)) 
GLOBAL_UNIT_ASSIGNED_CONTEXT((#3622,#3623,#3624)) REPRESENTATION_CONTEXT
('Context #1','3D Context with UNIT and UNCERTAINTY') );
#3622 = ( LENGTH_UNIT() NAMED_UNIT(*) SI_UNIT(.MILLI.,.METRE.) );
#3623 = ( NAMED_UNIT(*) PLANE_ANGLE_UNIT() SI_UNIT($,.RADIAN.) );
#3624 = ( NAMED_UNIT(*) SI_UNIT($,.STERADIAN.) SOLID_ANGLE_UNIT() );
#3625 = UNCERTAINTY_MEASURE_WITH_UNIT(LENGTH_MEASURE(1.E-07),#3622,
  'distance_accuracy_value','confusion accuracy');
#3626 = CONTEXT_DEPENDENT_SHAPE_REPRESENTATION(#3627,#3629);
#3627 = ( REPRESENTATION_RELATIONSHIP('','',#3616,#10) 
REPRESENTATION_RELATIONSHIP_WITH_TRANSFORMATION(#3628) 
SHAPE_REPRESENTATION_RELATIONSHIP() );
#3628 = ITEM_DEFINED_TRANSFORMATION('','',#11,#19);
#3629 = PRODUCT_DEFINITION_SHAPE('Placement','Placement of an item',
  #3630);
#3630 = NEXT_ASSEMBLY_USAGE_OCCURRENCE('4','D1','',#5,#3611,$);
#3631 = PRODUCT_RELATED_PRODUCT_CATEGORY('part',$,(#3613));
#3632 = SHAPE_DEFINITION_REPRESENTATION(#3633,#3639);
#3633 = PRODUCT_DEFINITION_SHAPE('','',#3634);
#3634 = PRODUCT_DEFINITION('design','',#3635,#3638);
#3635 = PRODUCT_DEFINITION_FORMATION('','',#3636);
#3636 = PRODUCT('LED_D3.0mm_Clear','LED_D3.0mm_Clear','',(#3637));
#3637 = PRODUCT_CONTEXT('',#2,'mechanical');
#3638 = PRODUCT_DEFINITION_CONTEXT('part definition',#2,'design');
#3639 = ADVANCED_BREP_SHAPE_REPRESENTATION('',(#11,#3640),#4065);
#3640 = MANIFOLD_SOLID_BREP('',#3641);
#3641 = CLOSED_SHELL('',(#3642,#3669,#3694,#3722,#3754,#3771,#3849,#3880
    ,#3904,#3928,#3945,#3976,#4000,#4024,#4041,#4053));
#3642 = ADVANCED_FACE('',(#3643),#3664,.T.);
#3643 = FACE_BOUND('',#3644,.T.);
#3644 = EDGE_LOOP('',(#3645,#3656,#3657));
#3645 = ORIENTED_EDGE('',*,*,#3646,.T.);
#3646 = EDGE_CURVE('',#3647,#3649,#3651,.T.);
#3647 = VERTEX_POINT('',#3648);
#3648 = CARTESIAN_POINT('',(2.72,4.563016631209E-15,6.85));
#3649 = VERTEX_POINT('',#3650);
#3650 = CARTESIAN_POINT('',(1.27,5.528910662633E-15,8.3));
#3651 = CIRCLE('',#3652,1.45);
#3652 = AXIS2_PLACEMENT_3D('',#3653,#3654,#3655);
#3653 = CARTESIAN_POINT('',(1.27,4.563016631209E-15,6.85));
#3654 = DIRECTION('',(0.,-1.,6.661338147751E-16));
#3655 = DIRECTION('',(1.,0.,0.));
#3656 = ORIENTED_EDGE('',*,*,#3646,.F.);
#3657 = ORIENTED_EDGE('',*,*,#3658,.F.);
#3658 = EDGE_CURVE('',#3647,#3647,#3659,.T.);
#3659 = CIRCLE('',#3660,1.45);
#3660 = AXIS2_PLACEMENT_3D('',#3661,#3662,#3663);
#3661 = CARTESIAN_POINT('',(1.27,3.042011087473E-15,6.85));
#3662 = DIRECTION('',(0.,-4.440892098501E-16,-1.));
#3663 = DIRECTION('',(1.,1.048969340508E-15,-4.658359655832E-31));
#3664 = SPHERICAL_SURFACE('',#3665,1.45);
#3665 = AXIS2_PLACEMENT_3D('',#3666,#3667,#3668);
#3666 = CARTESIAN_POINT('',(1.27,4.563016631209E-15,6.85));
#3667 = DIRECTION('',(0.,4.440892098501E-16,1.));
#3668 = DIRECTION('',(1.,1.705511272785E-15,-7.573991535215E-31));
#3669 = ADVANCED_FACE('',(#3670),#3689,.T.);
#3670 = FACE_BOUND('',#3671,.T.);
#3671 = EDGE_LOOP('',(#3672,#3680,#3681,#3682));
#3672 = ORIENTED_EDGE('',*,*,#3673,.F.);
#3673 = EDGE_CURVE('',#3647,#3674,#3676,.T.);
#3674 = VERTEX_POINT('',#3675);
#3675 = CARTESIAN_POINT('',(2.72,2.6645352591E-15,4.));
#3676 = LINE('',#3677,#3678);
#3677 = CARTESIAN_POINT('',(2.72,4.563016631209E-15,6.85));
#3678 = VECTOR('',#3679,1.);
#3679 = DIRECTION('',(0.,-6.661338147751E-16,-1.));
#3680 = ORIENTED_EDGE('',*,*,#3658,.T.);
#3681 = ORIENTED_EDGE('',*,*,#3673,.T.);
#3682 = ORIENTED_EDGE('',*,*,#3683,.F.);
#3683 = EDGE_CURVE('',#3674,#3674,#3684,.T.);
#3684 = CIRCLE('',#3685,1.45);
#3685 = AXIS2_PLACEMENT_3D('',#3686,#3687,#3688);
#3686 = CARTESIAN_POINT('',(1.27,1.7763568394E-15,4.));
#3687 = DIRECTION('',(0.,-4.440892098501E-16,-1.));
#3688 = DIRECTION('',(1.,6.125368411725E-16,-2.720210018004E-31));
#3689 = CYLINDRICAL_SURFACE('',#3690,1.45);
#3690 = AXIS2_PLACEMENT_3D('',#3691,#3692,#3693);
#3691 = CARTESIAN_POINT('',(1.27,3.042011087473E-15,6.85));
#3692 = DIRECTION('',(0.,-4.440892098501E-16,-1.));
#3693 = DIRECTION('',(1.,1.048969340508E-15,-4.658359655832E-31));
#3694 = ADVANCED_FACE('',(#3695,#3714),#3717,.F.);
#3695 = FACE_BOUND('',#3696,.F.);
#3696 = EDGE_LOOP('',(#3697,#3708));
#3697 = ORIENTED_EDGE('',*,*,#3698,.F.);
#3698 = EDGE_CURVE('',#3699,#3701,#3703,.T.);
#3699 = VERTEX_POINT('',#3700);
#3700 = CARTESIAN_POINT('',(-0.23,-1.16619037897,4.));
#3701 = VERTEX_POINT('',#3702);
#3702 = CARTESIAN_POINT('',(-0.23,1.16619037897,4.));
#3703 = CIRCLE('',#3704,1.9);
#3704 = AXIS2_PLACEMENT_3D('',#3705,#3706,#3707);
#3705 = CARTESIAN_POINT('',(1.27,0.,4.));
#3706 = DIRECTION('',(0.,0.,1.));
#3707 = DIRECTION('',(1.,0.,-0.));
#3708 = ORIENTED_EDGE('',*,*,#3709,.T.);
#3709 = EDGE_CURVE('',#3699,#3701,#3710,.T.);
#3710 = LINE('',#3711,#3712);
#3711 = CARTESIAN_POINT('',(-0.23,-1.16619037897,4.));
#3712 = VECTOR('',#3713,1.);
#3713 = DIRECTION('',(0.,1.,0.));
#3714 = FACE_BOUND('',#3715,.F.);
#3715 = EDGE_LOOP('',(#3716));
#3716 = ORIENTED_EDGE('',*,*,#3683,.F.);
#3717 = PLANE('',#3718);
#3718 = AXIS2_PLACEMENT_3D('',#3719,#3720,#3721);
#3719 = CARTESIAN_POINT('',(-0.23,-1.166190378969,4.));
#3720 = DIRECTION('',(0.,0.,-1.));
#3721 = DIRECTION('',(-1.,0.,0.));
#3722 = ADVANCED_FACE('',(#3723),#3749,.T.);
#3723 = FACE_BOUND('',#3724,.T.);
#3724 = EDGE_LOOP('',(#3725,#3736,#3742,#3743));
#3725 = ORIENTED_EDGE('',*,*,#3726,.T.);
#3726 = EDGE_CURVE('',#3727,#3729,#3731,.T.);
#3727 = VERTEX_POINT('',#3728);
#3728 = CARTESIAN_POINT('',(-0.23,-1.16619037897,3.));
#3729 = VERTEX_POINT('',#3730);
#3730 = CARTESIAN_POINT('',(-0.23,1.16619037897,3.));
#3731 = CIRCLE('',#3732,1.9);
#3732 = AXIS2_PLACEMENT_3D('',#3733,#3734,#3735);
#3733 = CARTESIAN_POINT('',(1.27,0.,3.));
#3734 = DIRECTION('',(0.,0.,1.));
#3735 = DIRECTION('',(1.,0.,-0.));
#3736 = ORIENTED_EDGE('',*,*,#3737,.T.);
#3737 = EDGE_CURVE('',#3729,#3701,#3738,.T.);
#3738 = LINE('',#3739,#3740);
#3739 = CARTESIAN_POINT('',(-0.23,1.16619037897,3.));
#3740 = VECTOR('',#3741,1.);
#3741 = DIRECTION('',(0.,0.,1.));
#3742 = ORIENTED_EDGE('',*,*,#3698,.F.);
#3743 = ORIENTED_EDGE('',*,*,#3744,.F.);
#3744 = EDGE_CURVE('',#3727,#3699,#3745,.T.);
#3745 = LINE('',#3746,#3747);
#3746 = CARTESIAN_POINT('',(-0.23,-1.16619037897,3.));
#3747 = VECTOR('',#3748,1.);
#3748 = DIRECTION('',(0.,0.,1.));
#3749 = CYLINDRICAL_SURFACE('',#3750,1.9);
#3750 = AXIS2_PLACEMENT_3D('',#3751,#3752,#3753);
#3751 = CARTESIAN_POINT('',(1.27,0.,3.));
#3752 = DIRECTION('',(-0.,-0.,-1.));
#3753 = DIRECTION('',(1.,0.,0.));
#3754 = ADVANCED_FACE('',(#3755),#3766,.T.);
#3755 = FACE_BOUND('',#3756,.T.);
#3756 = EDGE_LOOP('',(#3757,#3758,#3759,#3760));
#3757 = ORIENTED_EDGE('',*,*,#3744,.T.);
#3758 = ORIENTED_EDGE('',*,*,#3709,.T.);
#3759 = ORIENTED_EDGE('',*,*,#3737,.F.);
#3760 = ORIENTED_EDGE('',*,*,#3761,.F.);
#3761 = EDGE_CURVE('',#3727,#3729,#3762,.T.);
#3762 = LINE('',#3763,#3764);
#3763 = CARTESIAN_POINT('',(-0.23,-1.16619037897,3.));
#3764 = VECTOR('',#3765,1.);
#3765 = DIRECTION('',(0.,1.,0.));
#3766 = PLANE('',#3767);
#3767 = AXIS2_PLACEMENT_3D('',#3768,#3769,#3770);
#3768 = CARTESIAN_POINT('',(-0.23,-1.16619037897,3.));
#3769 = DIRECTION('',(-1.,0.,0.));
#3770 = DIRECTION('',(0.,1.,0.));
#3771 = ADVANCED_FACE('',(#3772,#3776,#3810),#3844,.T.);
#3772 = FACE_BOUND('',#3773,.T.);
#3773 = EDGE_LOOP('',(#3774,#3775));
#3774 = ORIENTED_EDGE('',*,*,#3726,.F.);
#3775 = ORIENTED_EDGE('',*,*,#3761,.T.);
#3776 = FACE_BOUND('',#3777,.T.);
#3777 = EDGE_LOOP('',(#3778,#3788,#3796,#3804));
#3778 = ORIENTED_EDGE('',*,*,#3779,.T.);
#3779 = EDGE_CURVE('',#3780,#3782,#3784,.T.);
#3780 = VERTEX_POINT('',#3781);
#3781 = CARTESIAN_POINT('',(-0.2,-0.2,3.));
#3782 = VERTEX_POINT('',#3783);
#3783 = CARTESIAN_POINT('',(0.2,-0.2,3.));
#3784 = LINE('',#3785,#3786);
#3785 = CARTESIAN_POINT('',(-1.499999999986E-02,-0.2,3.));
#3786 = VECTOR('',#3787,1.);
#3787 = DIRECTION('',(1.,0.,0.));
#3788 = ORIENTED_EDGE('',*,*,#3789,.T.);
#3789 = EDGE_CURVE('',#3782,#3790,#3792,.T.);
#3790 = VERTEX_POINT('',#3791);
#3791 = CARTESIAN_POINT('',(0.2,0.2,3.));
#3792 = LINE('',#3793,#3794);
#3793 = CARTESIAN_POINT('',(0.2,-0.483095189485,3.));
#3794 = VECTOR('',#3795,1.);
#3795 = DIRECTION('',(0.,1.,0.));
#3796 = ORIENTED_EDGE('',*,*,#3797,.T.);
#3797 = EDGE_CURVE('',#3790,#3798,#3800,.T.);
#3798 = VERTEX_POINT('',#3799);
#3799 = CARTESIAN_POINT('',(-0.2,0.2,3.));
#3800 = LINE('',#3801,#3802);
#3801 = CARTESIAN_POINT('',(-0.215,0.2,3.));
#3802 = VECTOR('',#3803,1.);
#3803 = DIRECTION('',(-1.,-0.,-0.));
#3804 = ORIENTED_EDGE('',*,*,#3805,.T.);
#3805 = EDGE_CURVE('',#3798,#3780,#3806,.T.);
#3806 = LINE('',#3807,#3808);
#3807 = CARTESIAN_POINT('',(-0.2,-0.683095189485,3.));
#3808 = VECTOR('',#3809,1.);
#3809 = DIRECTION('',(0.,-1.,0.));
#3810 = FACE_BOUND('',#3811,.T.);
#3811 = EDGE_LOOP('',(#3812,#3822,#3830,#3838));
#3812 = ORIENTED_EDGE('',*,*,#3813,.T.);
#3813 = EDGE_CURVE('',#3814,#3816,#3818,.T.);
#3814 = VERTEX_POINT('',#3815);
#3815 = CARTESIAN_POINT('',(2.34,0.2,3.));
#3816 = VERTEX_POINT('',#3817);
#3817 = CARTESIAN_POINT('',(2.34,-0.2,3.));
#3818 = LINE('',#3819,#3820);
#3819 = CARTESIAN_POINT('',(2.34,-0.683095189485,3.));
#3820 = VECTOR('',#3821,1.);
#3821 = DIRECTION('',(0.,-1.,0.));
#3822 = ORIENTED_EDGE('',*,*,#3823,.T.);
#3823 = EDGE_CURVE('',#3816,#3824,#3826,.T.);
#3824 = VERTEX_POINT('',#3825);
#3825 = CARTESIAN_POINT('',(2.74,-0.2,3.));
#3826 = LINE('',#3827,#3828);
#3827 = CARTESIAN_POINT('',(1.255,-0.2,3.));
#3828 = VECTOR('',#3829,1.);
#3829 = DIRECTION('',(1.,0.,0.));
#3830 = ORIENTED_EDGE('',*,*,#3831,.T.);
#3831 = EDGE_CURVE('',#3824,#3832,#3834,.T.);
#3832 = VERTEX_POINT('',#3833);
#3833 = CARTESIAN_POINT('',(2.74,0.2,3.));
#3834 = LINE('',#3835,#3836);
#3835 = CARTESIAN_POINT('',(2.74,-0.483095189485,3.));
#3836 = VECTOR('',#3837,1.);
#3837 = DIRECTION('',(0.,1.,0.));
#3838 = ORIENTED_EDGE('',*,*,#3839,.T.);
#3839 = EDGE_CURVE('',#3832,#3814,#3840,.T.);
#3840 = LINE('',#3841,#3842);
#3841 = CARTESIAN_POINT('',(1.055,0.2,3.));
#3842 = VECTOR('',#3843,1.);
#3843 = DIRECTION('',(-1.,-0.,-0.));
#3844 = PLANE('',#3845);
#3845 = AXIS2_PLACEMENT_3D('',#3846,#3847,#3848);
#3846 = CARTESIAN_POINT('',(-0.23,-1.166190378969,3.));
#3847 = DIRECTION('',(0.,0.,-1.));
#3848 = DIRECTION('',(-1.,0.,0.));
#3849 = ADVANCED_FACE('',(#3850),#3875,.F.);
#3850 = FACE_BOUND('',#3851,.F.);
#3851 = EDGE_LOOP('',(#3852,#3853,#3861,#3869));
#3852 = ORIENTED_EDGE('',*,*,#3779,.T.);
#3853 = ORIENTED_EDGE('',*,*,#3854,.T.);
#3854 = EDGE_CURVE('',#3782,#3855,#3857,.T.);
#3855 = VERTEX_POINT('',#3856);
#3856 = CARTESIAN_POINT('',(0.2,-0.2,-2.5));
#3857 = LINE('',#3858,#3859);
#3858 = CARTESIAN_POINT('',(0.2,-0.2,3.5));
#3859 = VECTOR('',#3860,1.);
#3860 = DIRECTION('',(-0.,-0.,-1.));
#3861 = ORIENTED_EDGE('',*,*,#3862,.T.);
#3862 = EDGE_CURVE('',#3855,#3863,#3865,.T.);
#3863 = VERTEX_POINT('',#3864);
#3864 = CARTESIAN_POINT('',(-0.2,-0.2,-2.5));
#3865 = LINE('',#3866,#3867);
#3866 = CARTESIAN_POINT('',(0.2,-0.2,-2.5));
#3867 = VECTOR('',#3868,1.);
#3868 = DIRECTION('',(-1.,0.,0.));
#3869 = ORIENTED_EDGE('',*,*,#3870,.F.);
#3870 = EDGE_CURVE('',#3780,#3863,#3871,.T.);
#3871 = LINE('',#3872,#3873);
#3872 = CARTESIAN_POINT('',(-0.2,-0.2,3.5));
#3873 = VECTOR('',#3874,1.);
#3874 = DIRECTION('',(-0.,-0.,-1.));
#3875 = PLANE('',#3876);
#3876 = AXIS2_PLACEMENT_3D('',#3877,#3878,#3879);
#3877 = CARTESIAN_POINT('',(0.2,-0.2,3.5));
#3878 = DIRECTION('',(0.,1.,0.));
#3879 = DIRECTION('',(-1.,0.,0.));
#3880 = ADVANCED_FACE('',(#3881),#3899,.F.);
#3881 = FACE_BOUND('',#3882,.F.);
#3882 = EDGE_LOOP('',(#3883,#3884,#3885,#3893));
#3883 = ORIENTED_EDGE('',*,*,#3805,.T.);
#3884 = ORIENTED_EDGE('',*,*,#3870,.T.);
#3885 = ORIENTED_EDGE('',*,*,#3886,.T.);
#3886 = EDGE_CURVE('',#3863,#3887,#3889,.T.);
#3887 = VERTEX_POINT('',#3888);
#3888 = CARTESIAN_POINT('',(-0.2,0.2,-2.5));
#3889 = LINE('',#3890,#3891);
#3890 = CARTESIAN_POINT('',(-0.2,-0.2,-2.5));
#3891 = VECTOR('',#3892,1.);
#3892 = DIRECTION('',(0.,1.,0.));
#3893 = ORIENTED_EDGE('',*,*,#3894,.F.);
#3894 = EDGE_CURVE('',#3798,#3887,#3895,.T.);
#3895 = LINE('',#3896,#3897);
#3896 = CARTESIAN_POINT('',(-0.2,0.2,3.5));
#3897 = VECTOR('',#3898,1.);
#3898 = DIRECTION('',(-0.,-0.,-1.));
#3899 = PLANE('',#3900);
#3900 = AXIS2_PLACEMENT_3D('',#3901,#3902,#3903);
#3901 = CARTESIAN_POINT('',(-0.2,-0.2,3.5));
#3902 = DIRECTION('',(1.,0.,0.));
#3903 = DIRECTION('',(-0.,1.,0.));
#3904 = ADVANCED_FACE('',(#3905),#3923,.F.);
#3905 = FACE_BOUND('',#3906,.F.);
#3906 = EDGE_LOOP('',(#3907,#3908,#3909,#3917));
#3907 = ORIENTED_EDGE('',*,*,#3797,.T.);
#3908 = ORIENTED_EDGE('',*,*,#3894,.T.);
#3909 = ORIENTED_EDGE('',*,*,#3910,.T.);
#3910 = EDGE_CURVE('',#3887,#3911,#3913,.T.);
#3911 = VERTEX_POINT('',#3912);
#3912 = CARTESIAN_POINT('',(0.2,0.2,-2.5));
#3913 = LINE('',#3914,#3915);
#3914 = CARTESIAN_POINT('',(-0.2,0.2,-2.5));
#3915 = VECTOR('',#3916,1.);
#3916 = DIRECTION('',(1.,0.,0.));
#3917 = ORIENTED_EDGE('',*,*,#3918,.F.);
#3918 = EDGE_CURVE('',#3790,#3911,#3919,.T.);
#3919 = LINE('',#3920,#3921);
#3920 = CARTESIAN_POINT('',(0.2,0.2,3.5));
#3921 = VECTOR('',#3922,1.);
#3922 = DIRECTION('',(-0.,-0.,-1.));
#3923 = PLANE('',#3924);
#3924 = AXIS2_PLACEMENT_3D('',#3925,#3926,#3927);
#3925 = CARTESIAN_POINT('',(-0.2,0.2,3.5));
#3926 = DIRECTION('',(0.,-1.,0.));
#3927 = DIRECTION('',(1.,0.,0.));
#3928 = ADVANCED_FACE('',(#3929),#3940,.F.);
#3929 = FACE_BOUND('',#3930,.F.);
#3930 = EDGE_LOOP('',(#3931,#3932,#3933,#3939));
#3931 = ORIENTED_EDGE('',*,*,#3789,.T.);
#3932 = ORIENTED_EDGE('',*,*,#3918,.T.);
#3933 = ORIENTED_EDGE('',*,*,#3934,.T.);
#3934 = EDGE_CURVE('',#3911,#3855,#3935,.T.);
#3935 = LINE('',#3936,#3937);
#3936 = CARTESIAN_POINT('',(0.2,0.2,-2.5));
#3937 = VECTOR('',#3938,1.);
#3938 = DIRECTION('',(0.,-1.,0.));
#3939 = ORIENTED_EDGE('',*,*,#3854,.F.);
#3940 = PLANE('',#3941);
#3941 = AXIS2_PLACEMENT_3D('',#3942,#3943,#3944);
#3942 = CARTESIAN_POINT('',(0.2,0.2,3.5));
#3943 = DIRECTION('',(-1.,0.,0.));
#3944 = DIRECTION('',(0.,-1.,0.));
#3945 = ADVANCED_FACE('',(#3946),#3971,.F.);
#3946 = FACE_BOUND('',#3947,.F.);
#3947 = EDGE_LOOP('',(#3948,#3949,#3957,#3965));
#3948 = ORIENTED_EDGE('',*,*,#3813,.T.);
#3949 = ORIENTED_EDGE('',*,*,#3950,.T.);
#3950 = EDGE_CURVE('',#3816,#3951,#3953,.T.);
#3951 = VERTEX_POINT('',#3952);
#3952 = CARTESIAN_POINT('',(2.34,-0.2,-2.5));
#3953 = LINE('',#3954,#3955);
#3954 = CARTESIAN_POINT('',(2.34,-0.2,3.5));
#3955 = VECTOR('',#3956,1.);
#3956 = DIRECTION('',(-0.,-0.,-1.));
#3957 = ORIENTED_EDGE('',*,*,#3958,.T.);
#3958 = EDGE_CURVE('',#3951,#3959,#3961,.T.);
#3959 = VERTEX_POINT('',#3960);
#3960 = CARTESIAN_POINT('',(2.34,0.2,-2.5));
#3961 = LINE('',#3962,#3963);
#3962 = CARTESIAN_POINT('',(2.34,-0.2,-2.5));
#3963 = VECTOR('',#3964,1.);
#3964 = DIRECTION('',(0.,1.,0.));
#3965 = ORIENTED_EDGE('',*,*,#3966,.F.);
#3966 = EDGE_CURVE('',#3814,#3959,#3967,.T.);
#3967 = LINE('',#3968,#3969);
#3968 = CARTESIAN_POINT('',(2.34,0.2,3.5));
#3969 = VECTOR('',#3970,1.);
#3970 = DIRECTION('',(-0.,-0.,-1.));
#3971 = PLANE('',#3972);
#3972 = AXIS2_PLACEMENT_3D('',#3973,#3974,#3975);
#3973 = CARTESIAN_POINT('',(2.34,-0.2,3.5));
#3974 = DIRECTION('',(1.,0.,0.));
#3975 = DIRECTION('',(-0.,1.,0.));
#3976 = ADVANCED_FACE('',(#3977),#3995,.F.);
#3977 = FACE_BOUND('',#3978,.F.);
#3978 = EDGE_LOOP('',(#3979,#3980,#3981,#3989));
#3979 = ORIENTED_EDGE('',*,*,#3839,.T.);
#3980 = ORIENTED_EDGE('',*,*,#3966,.T.);
#3981 = ORIENTED_EDGE('',*,*,#3982,.T.);
#3982 = EDGE_CURVE('',#3959,#3983,#3985,.T.);
#3983 = VERTEX_POINT('',#3984);
#3984 = CARTESIAN_POINT('',(2.74,0.2,-2.5));
#3985 = LINE('',#3986,#3987);
#3986 = CARTESIAN_POINT('',(2.34,0.2,-2.5));
#3987 = VECTOR('',#3988,1.);
#3988 = DIRECTION('',(1.,0.,0.));
#3989 = ORIENTED_EDGE('',*,*,#3990,.F.);
#3990 = EDGE_CURVE('',#3832,#3983,#3991,.T.);
#3991 = LINE('',#3992,#3993);
#3992 = CARTESIAN_POINT('',(2.74,0.2,3.5));
#3993 = VECTOR('',#3994,1.);
#3994 = DIRECTION('',(-0.,-0.,-1.));
#3995 = PLANE('',#3996);
#3996 = AXIS2_PLACEMENT_3D('',#3997,#3998,#3999);
#3997 = CARTESIAN_POINT('',(2.34,0.2,3.5));
#3998 = DIRECTION('',(0.,-1.,0.));
#3999 = DIRECTION('',(1.,0.,0.));
#4000 = ADVANCED_FACE('',(#4001),#4019,.F.);
#4001 = FACE_BOUND('',#4002,.F.);
#4002 = EDGE_LOOP('',(#4003,#4004,#4005,#4013));
#4003 = ORIENTED_EDGE('',*,*,#3831,.T.);
#4004 = ORIENTED_EDGE('',*,*,#3990,.T.);
#4005 = ORIENTED_EDGE('',*,*,#4006,.T.);
#4006 = EDGE_CURVE('',#3983,#4007,#4009,.T.);
#4007 = VERTEX_POINT('',#4008);
#4008 = CARTESIAN_POINT('',(2.74,-0.2,-2.5));
#4009 = LINE('',#4010,#4011);
#4010 = CARTESIAN_POINT('',(2.74,0.2,-2.5));
#4011 = VECTOR('',#4012,1.);
#4012 = DIRECTION('',(0.,-1.,0.));
#4013 = ORIENTED_EDGE('',*,*,#4014,.F.);
#4014 = EDGE_CURVE('',#3824,#4007,#4015,.T.);
#4015 = LINE('',#4016,#4017);
#4016 = CARTESIAN_POINT('',(2.74,-0.2,3.5));
#4017 = VECTOR('',#4018,1.);
#4018 = DIRECTION('',(-0.,-0.,-1.));
#4019 = PLANE('',#4020);
#4020 = AXIS2_PLACEMENT_3D('',#4021,#4022,#4023);
#4021 = CARTESIAN_POINT('',(2.74,0.2,3.5));
#4022 = DIRECTION('',(-1.,0.,0.));
#4023 = DIRECTION('',(0.,-1.,0.));
#4024 = ADVANCED_FACE('',(#4025),#4036,.F.);
#4025 = FACE_BOUND('',#4026,.F.);
#4026 = EDGE_LOOP('',(#4027,#4028,#4029,#4035));
#4027 = ORIENTED_EDGE('',*,*,#3823,.T.);
#4028 = ORIENTED_EDGE('',*,*,#4014,.T.);
#4029 = ORIENTED_EDGE('',*,*,#4030,.T.);
#4030 = EDGE_CURVE('',#4007,#3951,#4031,.T.);
#4031 = LINE('',#4032,#4033);
#4032 = CARTESIAN_POINT('',(2.74,-0.2,-2.5));
#4033 = VECTOR('',#4034,1.);
#4034 = DIRECTION('',(-1.,0.,0.));
#4035 = ORIENTED_EDGE('',*,*,#3950,.F.);
#4036 = PLANE('',#4037);
#4037 = AXIS2_PLACEMENT_3D('',#4038,#4039,#4040);
#4038 = CARTESIAN_POINT('',(2.74,-0.2,3.5));
#4039 = DIRECTION('',(0.,1.,0.));
#4040 = DIRECTION('',(-1.,0.,0.));
#4041 = ADVANCED_FACE('',(#4042),#4048,.F.);
#4042 = FACE_BOUND('',#4043,.T.);
#4043 = EDGE_LOOP('',(#4044,#4045,#4046,#4047));
#4044 = ORIENTED_EDGE('',*,*,#3910,.T.);
#4045 = ORIENTED_EDGE('',*,*,#3934,.T.);
#4046 = ORIENTED_EDGE('',*,*,#3862,.T.);
#4047 = ORIENTED_EDGE('',*,*,#3886,.T.);
#4048 = PLANE('',#4049);
#4049 = AXIS2_PLACEMENT_3D('',#4050,#4051,#4052);
#4050 = CARTESIAN_POINT('',(-0.2,0.2,-2.5));
#4051 = DIRECTION('',(0.,0.,1.));
#4052 = DIRECTION('',(1.,0.,-0.));
#4053 = ADVANCED_FACE('',(#4054),#4060,.F.);
#4054 = FACE_BOUND('',#4055,.T.);
#4055 = EDGE_LOOP('',(#4056,#4057,#4058,#4059));
#4056 = ORIENTED_EDGE('',*,*,#3982,.T.);
#4057 = ORIENTED_EDGE('',*,*,#4006,.T.);
#4058 = ORIENTED_EDGE('',*,*,#4030,.T.);
#4059 = ORIENTED_EDGE('',*,*,#3958,.T.);
#4060 = PLANE('',#4061);
#4061 = AXIS2_PLACEMENT_3D('',#4062,#4063,#4064);
#4062 = CARTESIAN_POINT('',(2.34,0.2,-2.5));
#4063 = DIRECTION('',(0.,0.,1.));
#4064 = DIRECTION('',(1.,0.,-0.));
#4065 = ( GEOMETRIC_REPRESENTATION_CONTEXT(3) 
GLOBAL_UNCERTAINTY_ASSIGNED_CONTEXT((#4069)) 
GLOBAL_UNIT_ASSIGNED_CONTEXT((#4066,#4067,#4068)) REPRESENTATION_CONTEXT
('Context #1','3D Context with UNIT and UNCERTAINTY') );
#4066 = ( LENGTH_UNIT() NAMED_UNIT(*) SI_UNIT(.MILLI.,.METRE.) );
#4067 = ( NAMED_UNIT(*) PLANE_ANGLE_UNIT() SI_UNIT($,.RADIAN.) );
#4068 = ( NAMED_UNIT(*) SI_UNIT($,.STERADIAN.) SOLID_ANGLE_UNIT() );
#4069 = UNCERTAINTY_MEASURE_WITH_UNIT(LENGTH_MEASURE(1.E-07),#4066,
  'distance_accuracy_value','confusion accuracy');
#4070 = CONTEXT_DEPENDENT_SHAPE_REPRESENTATION(#4071,#4073);
#4071 = ( REPRESENTATION_RELATIONSHIP('','',#3639,#3616) 
REPRESENTATION_RELATIONSHIP_WITH_TRANSFORMATION(#4072) 
SHAPE_REPRESENTATION_RELATIONSHIP() );
#4072 = ITEM_DEFINED_TRANSFORMATION('','',#11,#3617);
#4073 = PRODUCT_DEFINITION_SHAPE('Placement','Placement of an item',
  #4074);
#4074 = NEXT_ASSEMBLY_USAGE_OCCURRENCE('3','=>[0:1:1:5]','',#3611,#3634,
  $);
#4075 = PRODUCT_RELATED_PRODUCT_CATEGORY('part',$,(#3636));
#4076 = SHAPE_DEFINITION_REPRESENTATION(#4077,#4083);
#4077 = PRODUCT_DEFINITION_SHAPE('','',#4078);
#4078 = PRODUCT_DEFINITION('design','',#4079,#4082);
#4079 = PRODUCT_DEFINITION_FORMATION('','',#4080);
#4080 = PRODUCT('R_Axial_DIN0204_L3.6mm_D1.6mm_P7.62mm_Horizontal',
  'R_Axial_DIN0204_L3.6mm_D1.6mm_P7.62mm_Horizontal','',(#4081));
#4081 = PRODUCT_CONTEXT('',#2,'mechanical');
#4082 = PRODUCT_DEFINITION_CONTEXT('part definition',#2,'design');
#4083 = SHAPE_REPRESENTATION('',(#11,#4084),#4088);
#4084 = AXIS2_PLACEMENT_3D('',#4085,#4086,#4087);
#4085 = CARTESIAN_POINT('',(0.,0.,0.));
#4086 = DIRECTION('',(0.,0.,1.));
#4087 = DIRECTION('',(1.,0.,-0.));
#4088 = ( GEOMETRIC_REPRESENTATION_CONTEXT(3) 
GLOBAL_UNCERTAINTY_ASSIGNED_CONTEXT((#4092)) 
GLOBAL_UNIT_ASSIGNED_CONTEXT((#4089,#4090,#4091)) REPRESENTATION_CONTEXT
('Context #1','3D Context with UNIT and UNCERTAINTY') );
#4089 = ( LENGTH_UNIT() NAMED_UNIT(*) SI_UNIT(.MILLI.,.METRE.) );
#4090 = ( NAMED_UNIT(*) PLANE_ANGLE_UNIT() SI_UNIT($,.RADIAN.) );
#4091 = ( NAMED_UNIT(*) SI_UNIT($,.STERADIAN.) SOLID_ANGLE_UNIT() );
#4092 = UNCERTAINTY_MEASURE_WITH_UNIT(LENGTH_MEASURE(1.E-07),#4089,
  'distance_accuracy_value','confusion accuracy');
#4093 = CONTEXT_DEPENDENT_SHAPE_REPRESENTATION(#4094,#4096);
#4094 = ( REPRESENTATION_RELATIONSHIP('','',#4083,#10) 
REPRESENTATION_RELATIONSHIP_WITH_TRANSFORMATION(#4095) 
SHAPE_REPRESENTATION_RELATIONSHIP() );
#4095 = ITEM_DEFINED_TRANSFORMATION('','',#11,#23);
#4096 = PRODUCT_DEFINITION_SHAPE('Placement','Placement of an item',
  #4097);
#4097 = NEXT_ASSEMBLY_USAGE_OCCURRENCE('6','R2 (led)','',#5,#4078,$);
#4098 = PRODUCT_RELATED_PRODUCT_CATEGORY('part',$,(#4080));
#4099 = SHAPE_DEFINITION_REPRESENTATION(#4100,#4106);
#4100 = PRODUCT_DEFINITION_SHAPE('','',#4101);
#4101 = PRODUCT_DEFINITION('design','',#4102,#4105);
#4102 = PRODUCT_DEFINITION_FORMATION('','',#4103);
#4103 = PRODUCT('R_Axial_DIN0204_L36mm_D16mm_P762mm_Horizontal',
  'R_Axial_DIN0204_L36mm_D16mm_P762mm_Horizontal','',(#4104));
#4104 = PRODUCT_CONTEXT('',#2,'mechanical');
#4105 = PRODUCT_DEFINITION_CONTEXT('part definition',#2,'design');
#4106 = ADVANCED_BREP_SHAPE_REPRESENTATION('',(#11,#4107),#4494);
#4107 = MANIFOLD_SOLID_BREP('',#4108);
#4108 = CLOSED_SHELL('',(#4109,#4142,#4168,#4188,#4208,#4233,#4258,#4278
    ,#4304,#4329,#4354,#4380,#4389,#4409,#4434,#4460,#4485));
#4109 = ADVANCED_FACE('',(#4110),#4137,.T.);
#4110 = FACE_BOUND('',#4111,.T.);
#4111 = EDGE_LOOP('',(#4112,#4121,#4129,#4136));
#4112 = ORIENTED_EDGE('',*,*,#4113,.T.);
#4113 = EDGE_CURVE('',#4114,#4114,#4116,.T.);
#4114 = VERTEX_POINT('',#4115);
#4115 = CARTESIAN_POINT('',(2.41,0.8,0.8));
#4116 = CIRCLE('',#4117,0.8);
#4117 = AXIS2_PLACEMENT_3D('',#4118,#4119,#4120);
#4118 = CARTESIAN_POINT('',(2.41,0.,0.8));
#4119 = DIRECTION('',(1.,0.,0.));
#4120 = DIRECTION('',(-0.,1.,0.));
#4121 = ORIENTED_EDGE('',*,*,#4122,.T.);
#4122 = EDGE_CURVE('',#4114,#4123,#4125,.T.);
#4123 = VERTEX_POINT('',#4124);
#4124 = CARTESIAN_POINT('',(2.91,0.8,0.8));
#4125 = LINE('',#4126,#4127);
#4126 = CARTESIAN_POINT('',(2.01,0.8,0.8));
#4127 = VECTOR('',#4128,1.);
#4128 = DIRECTION('',(1.,0.,0.));
#4129 = ORIENTED_EDGE('',*,*,#4130,.F.);
#4130 = EDGE_CURVE('',#4123,#4123,#4131,.T.);
#4131 = CIRCLE('',#4132,0.8);
#4132 = AXIS2_PLACEMENT_3D('',#4133,#4134,#4135);
#4133 = CARTESIAN_POINT('',(2.91,0.,0.8));
#4134 = DIRECTION('',(1.,0.,0.));
#4135 = DIRECTION('',(-0.,1.,0.));
#4136 = ORIENTED_EDGE('',*,*,#4122,.F.);
#4137 = CYLINDRICAL_SURFACE('',#4138,0.8);
#4138 = AXIS2_PLACEMENT_3D('',#4139,#4140,#4141);
#4139 = CARTESIAN_POINT('',(2.01,0.,0.8));
#4140 = DIRECTION('',(-1.,-0.,-0.));
#4141 = DIRECTION('',(0.,1.,0.));
#4142 = ADVANCED_FACE('',(#4143),#4163,.T.);
#4143 = FACE_BOUND('',#4144,.T.);
#4144 = EDGE_LOOP('',(#4145,#4154,#4161,#4162));
#4145 = ORIENTED_EDGE('',*,*,#4146,.T.);
#4146 = EDGE_CURVE('',#4147,#4147,#4149,.T.);
#4147 = VERTEX_POINT('',#4148);
#4148 = CARTESIAN_POINT('',(2.01,0.4,0.8));
#4149 = CIRCLE('',#4150,0.4);
#4150 = AXIS2_PLACEMENT_3D('',#4151,#4152,#4153);
#4151 = CARTESIAN_POINT('',(2.01,0.,0.8));
#4152 = DIRECTION('',(1.,0.,0.));
#4153 = DIRECTION('',(-0.,1.,0.));
#4154 = ORIENTED_EDGE('',*,*,#4155,.F.);
#4155 = EDGE_CURVE('',#4114,#4147,#4156,.T.);
#4156 = CIRCLE('',#4157,0.4);
#4157 = AXIS2_PLACEMENT_3D('',#4158,#4159,#4160);
#4158 = CARTESIAN_POINT('',(2.41,0.4,0.8));
#4159 = DIRECTION('',(0.,-0.,1.));
#4160 = DIRECTION('',(0.,1.,0.));
#4161 = ORIENTED_EDGE('',*,*,#4113,.F.);
#4162 = ORIENTED_EDGE('',*,*,#4155,.T.);
#4163 = TOROIDAL_SURFACE('',#4164,0.4,0.4);
#4164 = AXIS2_PLACEMENT_3D('',#4165,#4166,#4167);
#4165 = CARTESIAN_POINT('',(2.41,0.,0.8));
#4166 = DIRECTION('',(-1.,0.,0.));
#4167 = DIRECTION('',(0.,1.,0.));
#4168 = ADVANCED_FACE('',(#4169,#4172),#4183,.F.);
#4169 = FACE_BOUND('',#4170,.F.);
#4170 = EDGE_LOOP('',(#4171));
#4171 = ORIENTED_EDGE('',*,*,#4130,.F.);
#4172 = FACE_BOUND('',#4173,.F.);
#4173 = EDGE_LOOP('',(#4174));
#4174 = ORIENTED_EDGE('',*,*,#4175,.F.);
#4175 = EDGE_CURVE('',#4176,#4176,#4178,.T.);
#4176 = VERTEX_POINT('',#4177);
#4177 = CARTESIAN_POINT('',(2.91,0.72,0.8));
#4178 = CIRCLE('',#4179,0.72);
#4179 = AXIS2_PLACEMENT_3D('',#4180,#4181,#4182);
#4180 = CARTESIAN_POINT('',(2.91,0.,0.8));
#4181 = DIRECTION('',(-1.,0.,0.));
#4182 = DIRECTION('',(0.,1.,0.));
#4183 = PLANE('',#4184);
#4184 = AXIS2_PLACEMENT_3D('',#4185,#4186,#4187);
#4185 = CARTESIAN_POINT('',(2.91,0.8,0.8));
#4186 = DIRECTION('',(-1.,0.,0.));
#4187 = DIRECTION('',(0.,0.,-1.));
#4188 = ADVANCED_FACE('',(#4189,#4192),#4203,.T.);
#4189 = FACE_BOUND('',#4190,.T.);
#4190 = EDGE_LOOP('',(#4191));
#4191 = ORIENTED_EDGE('',*,*,#4146,.F.);
#4192 = FACE_BOUND('',#4193,.T.);
#4193 = EDGE_LOOP('',(#4194));
#4194 = ORIENTED_EDGE('',*,*,#4195,.T.);
#4195 = EDGE_CURVE('',#4196,#4196,#4198,.T.);
#4196 = VERTEX_POINT('',#4197);
#4197 = CARTESIAN_POINT('',(2.01,0.,0.55));
#4198 = CIRCLE('',#4199,0.25);
#4199 = AXIS2_PLACEMENT_3D('',#4200,#4201,#4202);
#4200 = CARTESIAN_POINT('',(2.01,0.,0.8));
#4201 = DIRECTION('',(1.,-0.,0.));
#4202 = DIRECTION('',(0.,0.,-1.));
#4203 = PLANE('',#4204);
#4204 = AXIS2_PLACEMENT_3D('',#4205,#4206,#4207);
#4205 = CARTESIAN_POINT('',(2.01,0.8,0.8));
#4206 = DIRECTION('',(-1.,0.,0.));
#4207 = DIRECTION('',(0.,0.,-1.));
#4208 = ADVANCED_FACE('',(#4209),#4228,.T.);
#4209 = FACE_BOUND('',#4210,.T.);
#4210 = EDGE_LOOP('',(#4211,#4220,#4226,#4227));
#4211 = ORIENTED_EDGE('',*,*,#4212,.T.);
#4212 = EDGE_CURVE('',#4213,#4213,#4215,.T.);
#4213 = VERTEX_POINT('',#4214);
#4214 = CARTESIAN_POINT('',(4.71,0.72,0.8));
#4215 = CIRCLE('',#4216,0.72);
#4216 = AXIS2_PLACEMENT_3D('',#4217,#4218,#4219);
#4217 = CARTESIAN_POINT('',(4.71,0.,0.8));
#4218 = DIRECTION('',(-1.,0.,0.));
#4219 = DIRECTION('',(0.,1.,0.));
#4220 = ORIENTED_EDGE('',*,*,#4221,.F.);
#4221 = EDGE_CURVE('',#4176,#4213,#4222,.T.);
#4222 = LINE('',#4223,#4224);
#4223 = CARTESIAN_POINT('',(2.01,0.72,0.8));
#4224 = VECTOR('',#4225,1.);
#4225 = DIRECTION('',(1.,0.,0.));
#4226 = ORIENTED_EDGE('',*,*,#4175,.F.);
#4227 = ORIENTED_EDGE('',*,*,#4221,.T.);
#4228 = CYLINDRICAL_SURFACE('',#4229,0.72);
#4229 = AXIS2_PLACEMENT_3D('',#4230,#4231,#4232);
#4230 = CARTESIAN_POINT('',(2.01,0.,0.8));
#4231 = DIRECTION('',(-1.,-0.,-0.));
#4232 = DIRECTION('',(0.,1.,0.));
#4233 = ADVANCED_FACE('',(#4234),#4253,.T.);
#4234 = FACE_BOUND('',#4235,.T.);
#4235 = EDGE_LOOP('',(#4236,#4245,#4251,#4252));
#4236 = ORIENTED_EDGE('',*,*,#4237,.F.);
#4237 = EDGE_CURVE('',#4238,#4238,#4240,.T.);
#4238 = VERTEX_POINT('',#4239);
#4239 = CARTESIAN_POINT('',(0.75,0.,0.55));
#4240 = CIRCLE('',#4241,0.25);
#4241 = AXIS2_PLACEMENT_3D('',#4242,#4243,#4244);
#4242 = CARTESIAN_POINT('',(0.75,0.,0.8));
#4243 = DIRECTION('',(-1.,0.,5.308866065094E-16));
#4244 = DIRECTION('',(5.308866065094E-16,0.,1.));
#4245 = ORIENTED_EDGE('',*,*,#4246,.T.);
#4246 = EDGE_CURVE('',#4238,#4196,#4247,.T.);
#4247 = LINE('',#4248,#4249);
#4248 = CARTESIAN_POINT('',(0.75,0.,0.55));
#4249 = VECTOR('',#4250,1.);
#4250 = DIRECTION('',(1.,0.,0.));
#4251 = ORIENTED_EDGE('',*,*,#4195,.F.);
#4252 = ORIENTED_EDGE('',*,*,#4246,.F.);
#4253 = CYLINDRICAL_SURFACE('',#4254,0.25);
#4254 = AXIS2_PLACEMENT_3D('',#4255,#4256,#4257);
#4255 = CARTESIAN_POINT('',(0.75,0.,0.8));
#4256 = DIRECTION('',(1.,0.,0.));
#4257 = DIRECTION('',(0.,0.,-1.));
#4258 = ADVANCED_FACE('',(#4259,#4270),#4273,.T.);
#4259 = FACE_BOUND('',#4260,.T.);
#4260 = EDGE_LOOP('',(#4261));
#4261 = ORIENTED_EDGE('',*,*,#4262,.F.);
#4262 = EDGE_CURVE('',#4263,#4263,#4265,.T.);
#4263 = VERTEX_POINT('',#4264);
#4264 = CARTESIAN_POINT('',(4.71,0.8,0.8));
#4265 = CIRCLE('',#4266,0.8);
#4266 = AXIS2_PLACEMENT_3D('',#4267,#4268,#4269);
#4267 = CARTESIAN_POINT('',(4.71,0.,0.8));
#4268 = DIRECTION('',(1.,0.,0.));
#4269 = DIRECTION('',(-0.,1.,0.));
#4270 = FACE_BOUND('',#4271,.T.);
#4271 = EDGE_LOOP('',(#4272));
#4272 = ORIENTED_EDGE('',*,*,#4212,.F.);
#4273 = PLANE('',#4274);
#4274 = AXIS2_PLACEMENT_3D('',#4275,#4276,#4277);
#4275 = CARTESIAN_POINT('',(4.71,0.8,0.8));
#4276 = DIRECTION('',(-1.,0.,0.));
#4277 = DIRECTION('',(0.,0.,-1.));
#4278 = ADVANCED_FACE('',(#4279),#4299,.T.);
#4279 = FACE_BOUND('',#4280,.T.);
#4280 = EDGE_LOOP('',(#4281,#4290,#4291,#4292));
#4281 = ORIENTED_EDGE('',*,*,#4282,.T.);
#4282 = EDGE_CURVE('',#4283,#4238,#4285,.T.);
#4283 = VERTEX_POINT('',#4284);
#4284 = CARTESIAN_POINT('',(0.25,0.,5.E-02));
#4285 = CIRCLE('',#4286,0.5);
#4286 = AXIS2_PLACEMENT_3D('',#4287,#4288,#4289);
#4287 = CARTESIAN_POINT('',(0.75,9.184850993605E-17,5.E-02));
#4288 = DIRECTION('',(0.,1.,0.));
#4289 = DIRECTION('',(-1.,0.,-1.184237892934E-15));
#4290 = ORIENTED_EDGE('',*,*,#4237,.T.);
#4291 = ORIENTED_EDGE('',*,*,#4282,.F.);
#4292 = ORIENTED_EDGE('',*,*,#4293,.T.);
#4293 = EDGE_CURVE('',#4283,#4283,#4294,.T.);
#4294 = CIRCLE('',#4295,0.25);
#4295 = AXIS2_PLACEMENT_3D('',#4296,#4297,#4298);
#4296 = CARTESIAN_POINT('',(0.,0.,5.E-02));
#4297 = DIRECTION('',(0.,0.,1.));
#4298 = DIRECTION('',(1.,0.,-0.));
#4299 = TOROIDAL_SURFACE('',#4300,0.75,0.25);
#4300 = AXIS2_PLACEMENT_3D('',#4301,#4302,#4303);
#4301 = CARTESIAN_POINT('',(0.75,0.,5.E-02));
#4302 = DIRECTION('',(0.,1.,0.));
#4303 = DIRECTION('',(-1.,0.,-1.184237892934E-15));
#4304 = ADVANCED_FACE('',(#4305),#4324,.T.);
#4305 = FACE_BOUND('',#4306,.T.);
#4306 = EDGE_LOOP('',(#4307,#4308,#4316,#4323));
#4307 = ORIENTED_EDGE('',*,*,#4262,.T.);
#4308 = ORIENTED_EDGE('',*,*,#4309,.T.);
#4309 = EDGE_CURVE('',#4263,#4310,#4312,.T.);
#4310 = VERTEX_POINT('',#4311);
#4311 = CARTESIAN_POINT('',(5.21,0.8,0.8));
#4312 = LINE('',#4313,#4314);
#4313 = CARTESIAN_POINT('',(4.71,0.8,0.8));
#4314 = VECTOR('',#4315,1.);
#4315 = DIRECTION('',(1.,0.,0.));
#4316 = ORIENTED_EDGE('',*,*,#4317,.F.);
#4317 = EDGE_CURVE('',#4310,#4310,#4318,.T.);
#4318 = CIRCLE('',#4319,0.8);
#4319 = AXIS2_PLACEMENT_3D('',#4320,#4321,#4322);
#4320 = CARTESIAN_POINT('',(5.21,0.,0.8));
#4321 = DIRECTION('',(1.,0.,0.));
#4322 = DIRECTION('',(-0.,1.,0.));
#4323 = ORIENTED_EDGE('',*,*,#4309,.F.);
#4324 = CYLINDRICAL_SURFACE('',#4325,0.8);
#4325 = AXIS2_PLACEMENT_3D('',#4326,#4327,#4328);
#4326 = CARTESIAN_POINT('',(4.71,0.,0.8));
#4327 = DIRECTION('',(-1.,-0.,-0.));
#4328 = DIRECTION('',(0.,1.,0.));
#4329 = ADVANCED_FACE('',(#4330),#4349,.T.);
#4330 = FACE_BOUND('',#4331,.T.);
#4331 = EDGE_LOOP('',(#4332,#4340,#4341,#4342));
#4332 = ORIENTED_EDGE('',*,*,#4333,.T.);
#4333 = EDGE_CURVE('',#4334,#4283,#4336,.T.);
#4334 = VERTEX_POINT('',#4335);
#4335 = CARTESIAN_POINT('',(0.25,-6.123233995737E-17,-3.));
#4336 = LINE('',#4337,#4338);
#4337 = CARTESIAN_POINT('',(0.25,0.,-3.));
#4338 = VECTOR('',#4339,1.);
#4339 = DIRECTION('',(0.,0.,1.));
#4340 = ORIENTED_EDGE('',*,*,#4293,.F.);
#4341 = ORIENTED_EDGE('',*,*,#4333,.F.);
#4342 = ORIENTED_EDGE('',*,*,#4343,.T.);
#4343 = EDGE_CURVE('',#4334,#4334,#4344,.T.);
#4344 = CIRCLE('',#4345,0.25);
#4345 = AXIS2_PLACEMENT_3D('',#4346,#4347,#4348);
#4346 = CARTESIAN_POINT('',(0.,0.,-3.));
#4347 = DIRECTION('',(0.,0.,1.));
#4348 = DIRECTION('',(1.,0.,-0.));
#4349 = CYLINDRICAL_SURFACE('',#4350,0.25);
#4350 = AXIS2_PLACEMENT_3D('',#4351,#4352,#4353);
#4351 = CARTESIAN_POINT('',(0.,0.,-3.));
#4352 = DIRECTION('',(0.,0.,1.));
#4353 = DIRECTION('',(1.,0.,-0.));
#4354 = ADVANCED_FACE('',(#4355),#4375,.T.);
#4355 = FACE_BOUND('',#4356,.T.);
#4356 = EDGE_LOOP('',(#4357,#4366,#4367,#4368));
#4357 = ORIENTED_EDGE('',*,*,#4358,.F.);
#4358 = EDGE_CURVE('',#4310,#4359,#4361,.T.);
#4359 = VERTEX_POINT('',#4360);
#4360 = CARTESIAN_POINT('',(5.61,0.4,0.8));
#4361 = CIRCLE('',#4362,0.4);
#4362 = AXIS2_PLACEMENT_3D('',#4363,#4364,#4365);
#4363 = CARTESIAN_POINT('',(5.21,0.4,0.8));
#4364 = DIRECTION('',(0.,0.,-1.));
#4365 = DIRECTION('',(0.,1.,0.));
#4366 = ORIENTED_EDGE('',*,*,#4317,.T.);
#4367 = ORIENTED_EDGE('',*,*,#4358,.T.);
#4368 = ORIENTED_EDGE('',*,*,#4369,.F.);
#4369 = EDGE_CURVE('',#4359,#4359,#4370,.T.);
#4370 = CIRCLE('',#4371,0.4);
#4371 = AXIS2_PLACEMENT_3D('',#4372,#4373,#4374);
#4372 = CARTESIAN_POINT('',(5.61,0.,0.8));
#4373 = DIRECTION('',(1.,0.,0.));
#4374 = DIRECTION('',(-0.,1.,0.));
#4375 = TOROIDAL_SURFACE('',#4376,0.4,0.4);
#4376 = AXIS2_PLACEMENT_3D('',#4377,#4378,#4379);
#4377 = CARTESIAN_POINT('',(5.21,0.,0.8));
#4378 = DIRECTION('',(1.,0.,0.));
#4379 = DIRECTION('',(-0.,1.,0.));
#4380 = ADVANCED_FACE('',(#4381),#4384,.T.);
#4381 = FACE_BOUND('',#4382,.F.);
#4382 = EDGE_LOOP('',(#4383));
#4383 = ORIENTED_EDGE('',*,*,#4343,.T.);
#4384 = PLANE('',#4385);
#4385 = AXIS2_PLACEMENT_3D('',#4386,#4387,#4388);
#4386 = CARTESIAN_POINT('',(0.25,0.,-3.));
#4387 = DIRECTION('',(0.,0.,-1.));
#4388 = DIRECTION('',(-1.,0.,0.));
#4389 = ADVANCED_FACE('',(#4390,#4393),#4404,.F.);
#4390 = FACE_BOUND('',#4391,.F.);
#4391 = EDGE_LOOP('',(#4392));
#4392 = ORIENTED_EDGE('',*,*,#4369,.F.);
#4393 = FACE_BOUND('',#4394,.F.);
#4394 = EDGE_LOOP('',(#4395));
#4395 = ORIENTED_EDGE('',*,*,#4396,.T.);
#4396 = EDGE_CURVE('',#4397,#4397,#4399,.T.);
#4397 = VERTEX_POINT('',#4398);
#4398 = CARTESIAN_POINT('',(5.61,0.,0.55));
#4399 = CIRCLE('',#4400,0.25);
#4400 = AXIS2_PLACEMENT_3D('',#4401,#4402,#4403);
#4401 = CARTESIAN_POINT('',(5.61,0.,0.8));
#4402 = DIRECTION('',(1.,-0.,0.));
#4403 = DIRECTION('',(0.,0.,-1.));
#4404 = PLANE('',#4405);
#4405 = AXIS2_PLACEMENT_3D('',#4406,#4407,#4408);
#4406 = CARTESIAN_POINT('',(5.61,0.8,0.8));
#4407 = DIRECTION('',(-1.,0.,0.));
#4408 = DIRECTION('',(0.,0.,-1.));
#4409 = ADVANCED_FACE('',(#4410),#4429,.T.);
#4410 = FACE_BOUND('',#4411,.T.);
#4411 = EDGE_LOOP('',(#4412,#4413,#4421,#4428));
#4412 = ORIENTED_EDGE('',*,*,#4396,.T.);
#4413 = ORIENTED_EDGE('',*,*,#4414,.T.);
#4414 = EDGE_CURVE('',#4397,#4415,#4417,.T.);
#4415 = VERTEX_POINT('',#4416);
#4416 = CARTESIAN_POINT('',(6.87,0.,0.55));
#4417 = LINE('',#4418,#4419);
#4418 = CARTESIAN_POINT('',(0.75,0.,0.55));
#4419 = VECTOR('',#4420,1.);
#4420 = DIRECTION('',(1.,0.,0.));
#4421 = ORIENTED_EDGE('',*,*,#4422,.F.);
#4422 = EDGE_CURVE('',#4415,#4415,#4423,.T.);
#4423 = CIRCLE('',#4424,0.25);
#4424 = AXIS2_PLACEMENT_3D('',#4425,#4426,#4427);
#4425 = CARTESIAN_POINT('',(6.87,0.,0.8));
#4426 = DIRECTION('',(1.,-0.,0.));
#4427 = DIRECTION('',(0.,0.,-1.));
#4428 = ORIENTED_EDGE('',*,*,#4414,.F.);
#4429 = CYLINDRICAL_SURFACE('',#4430,0.25);
#4430 = AXIS2_PLACEMENT_3D('',#4431,#4432,#4433);
#4431 = CARTESIAN_POINT('',(0.75,0.,0.8));
#4432 = DIRECTION('',(1.,0.,0.));
#4433 = DIRECTION('',(0.,0.,-1.));
#4434 = ADVANCED_FACE('',(#4435),#4455,.T.);
#4435 = FACE_BOUND('',#4436,.T.);
#4436 = EDGE_LOOP('',(#4437,#4446,#4453,#4454));
#4437 = ORIENTED_EDGE('',*,*,#4438,.T.);
#4438 = EDGE_CURVE('',#4415,#4439,#4441,.T.);
#4439 = VERTEX_POINT('',#4440);
#4440 = CARTESIAN_POINT('',(7.37,0.,5.E-02));
#4441 = CIRCLE('',#4442,0.5);
#4442 = AXIS2_PLACEMENT_3D('',#4443,#4444,#4445);
#4443 = CARTESIAN_POINT('',(6.87,9.184850993605E-17,5.E-02));
#4444 = DIRECTION('',(0.,1.,0.));
#4445 = DIRECTION('',(0.,-0.,1.));
#4446 = ORIENTED_EDGE('',*,*,#4447,.T.);
#4447 = EDGE_CURVE('',#4439,#4439,#4448,.T.);
#4448 = CIRCLE('',#4449,0.25);
#4449 = AXIS2_PLACEMENT_3D('',#4450,#4451,#4452);
#4450 = CARTESIAN_POINT('',(7.62,0.,5.E-02));
#4451 = DIRECTION('',(6.049014748177E-16,-0.,1.));
#4452 = DIRECTION('',(1.,0.,-6.049014748177E-16));
#4453 = ORIENTED_EDGE('',*,*,#4438,.F.);
#4454 = ORIENTED_EDGE('',*,*,#4422,.T.);
#4455 = TOROIDAL_SURFACE('',#4456,0.75,0.25);
#4456 = AXIS2_PLACEMENT_3D('',#4457,#4458,#4459);
#4457 = CARTESIAN_POINT('',(6.87,0.,5.E-02));
#4458 = DIRECTION('',(0.,1.,0.));
#4459 = DIRECTION('',(0.,-0.,1.));
#4460 = ADVANCED_FACE('',(#4461),#4480,.T.);
#4461 = FACE_BOUND('',#4462,.T.);
#4462 = EDGE_LOOP('',(#4463,#4471,#4478,#4479));
#4463 = ORIENTED_EDGE('',*,*,#4464,.T.);
#4464 = EDGE_CURVE('',#4439,#4465,#4467,.T.);
#4465 = VERTEX_POINT('',#4466);
#4466 = CARTESIAN_POINT('',(7.37,-6.123233995737E-17,-3.));
#4467 = LINE('',#4468,#4469);
#4468 = CARTESIAN_POINT('',(7.37,0.,5.E-02));
#4469 = VECTOR('',#4470,1.);
#4470 = DIRECTION('',(0.,0.,-1.));
#4471 = ORIENTED_EDGE('',*,*,#4472,.F.);
#4472 = EDGE_CURVE('',#4465,#4465,#4473,.T.);
#4473 = CIRCLE('',#4474,0.25);
#4474 = AXIS2_PLACEMENT_3D('',#4475,#4476,#4477);
#4475 = CARTESIAN_POINT('',(7.62,0.,-3.));
#4476 = DIRECTION('',(0.,0.,-1.));
#4477 = DIRECTION('',(-1.,0.,0.));
#4478 = ORIENTED_EDGE('',*,*,#4464,.F.);
#4479 = ORIENTED_EDGE('',*,*,#4447,.F.);
#4480 = CYLINDRICAL_SURFACE('',#4481,0.25);
#4481 = AXIS2_PLACEMENT_3D('',#4482,#4483,#4484);
#4482 = CARTESIAN_POINT('',(7.62,0.,5.E-02));
#4483 = DIRECTION('',(0.,0.,-1.));
#4484 = DIRECTION('',(-1.,0.,0.));
#4485 = ADVANCED_FACE('',(#4486),#4489,.F.);
#4486 = FACE_BOUND('',#4487,.T.);
#4487 = EDGE_LOOP('',(#4488));
#4488 = ORIENTED_EDGE('',*,*,#4472,.T.);
#4489 = PLANE('',#4490);
#4490 = AXIS2_PLACEMENT_3D('',#4491,#4492,#4493);
#4491 = CARTESIAN_POINT('',(7.37,0.,-3.));
#4492 = DIRECTION('',(0.,0.,1.));
#4493 = DIRECTION('',(1.,0.,-0.));
#4494 = ( GEOMETRIC_REPRESENTATION_CONTEXT(3) 
GLOBAL_UNCERTAINTY_ASSIGNED_CONTEXT((#4498)) 
GLOBAL_UNIT_ASSIGNED_CONTEXT((#4495,#4496,#4497)) REPRESENTATION_CONTEXT
('Context #1','3D Context with UNIT and UNCERTAINTY') );
#4495 = ( LENGTH_UNIT() NAMED_UNIT(*) SI_UNIT(.MILLI.,.METRE.) );
#4496 = ( NAMED_UNIT(*) PLANE_ANGLE_UNIT() SI_UNIT($,.RADIAN.) );
#4497 = ( NAMED_UNIT(*) SI_UNIT($,.STERADIAN.) SOLID_ANGLE_UNIT() );
#4498 = UNCERTAINTY_MEASURE_WITH_UNIT(LENGTH_MEASURE(1.E-07),#4495,
  'distance_accuracy_value','confusion accuracy');
#4499 = CONTEXT_DEPENDENT_SHAPE_REPRESENTATION(#4500,#4502);
#4500 = ( REPRESENTATION_RELATIONSHIP('','',#4106,#4083) 
REPRESENTATION_RELATIONSHIP_WITH_TRANSFORMATION(#4501) 
SHAPE_REPRESENTATION_RELATIONSHIP() );
#4501 = ITEM_DEFINED_TRANSFORMATION('','',#11,#4084);
#4502 = PRODUCT_DEFINITION_SHAPE('Placement','Placement of an item',
  #4503);
#4503 = NEXT_ASSEMBLY_USAGE_OCCURRENCE('5','=>[0:1:1:7]','',#4078,#4101,
  $);
#4504 = PRODUCT_RELATED_PRODUCT_CATEGORY('part',$,(#4103));
#4505 = CONTEXT_DEPENDENT_SHAPE_REPRESENTATION(#4506,#4508);
#4506 = ( REPRESENTATION_RELATIONSHIP('','',#4083,#10) 
REPRESENTATION_RELATIONSHIP_WITH_TRANSFORMATION(#4507) 
SHAPE_REPRESENTATION_RELATIONSHIP() );
#4507 = ITEM_DEFINED_TRANSFORMATION('','',#11,#27);
#4508 = PRODUCT_DEFINITION_SHAPE('Placement','Placement of an item',
  #4509);
#4509 = NEXT_ASSEMBLY_USAGE_OCCURRENCE('7','R1 (sw)','',#5,#4078,$);
#4510 = SHAPE_DEFINITION_REPRESENTATION(#4511,#4517);
#4511 = PRODUCT_DEFINITION_SHAPE('','',#4512);
#4512 = PRODUCT_DEFINITION('design','',#4513,#4516);
#4513 = PRODUCT_DEFINITION_FORMATION('','',#4514);
#4514 = PRODUCT('SOIC-8_3.9x4.9mm_P1.27mm','SOIC-8_3.9x4.9mm_P1.27mm',''
  ,(#4515));
#4515 = PRODUCT_CONTEXT('',#2,'mechanical');
#4516 = PRODUCT_DEFINITION_CONTEXT('part definition',#2,'design');
#4517 = SHAPE_REPRESENTATION('',(#11,#4518),#4522);
#4518 = AXIS2_PLACEMENT_3D('',#4519,#4520,#4521);
#4519 = CARTESIAN_POINT('',(0.,0.,0.));
#4520 = DIRECTION('',(0.,0.,1.));
#4521 = DIRECTION('',(1.,0.,-0.));
#4522 = ( GEOMETRIC_REPRESENTATION_CONTEXT(3) 
GLOBAL_UNCERTAINTY_ASSIGNED_CONTEXT((#4526)) 
GLOBAL_UNIT_ASSIGNED_CONTEXT((#4523,#4524,#4525)) REPRESENTATION_CONTEXT
('Context #1','3D Context with UNIT and UNCERTAINTY') );
#4523 = ( LENGTH_UNIT() NAMED_UNIT(*) SI_UNIT(.MILLI.,.METRE.) );
#4524 = ( NAMED_UNIT(*) PLANE_ANGLE_UNIT() SI_UNIT($,.RADIAN.) );
#4525 = ( NAMED_UNIT(*) SI_UNIT($,.STERADIAN.) SOLID_ANGLE_UNIT() );
#4526 = UNCERTAINTY_MEASURE_WITH_UNIT(LENGTH_MEASURE(1.E-07),#4523,
  'distance_accuracy_value','confusion accuracy');
#4527 = CONTEXT_DEPENDENT_SHAPE_REPRESENTATION(#4528,#4530);
#4528 = ( REPRESENTATION_RELATIONSHIP('','',#4517,#10) 
REPRESENTATION_RELATIONSHIP_WITH_TRANSFORMATION(#4529) 
SHAPE_REPRESENTATION_RELATIONSHIP() );
#4529 = ITEM_DEFINED_TRANSFORMATION('','',#11,#31);
#4530 = PRODUCT_DEFINITION_SHAPE('Placement','Placement of an item',
  #4531);
#4531 = NEXT_ASSEMBLY_USAGE_OCCURRENCE('9','U1','',#5,#4512,$);
#4532 = PRODUCT_RELATED_PRODUCT_CATEGORY('part',$,(#4514));
#4533 = SHAPE_DEFINITION_REPRESENTATION(#4534,#4540);
#4534 = PRODUCT_DEFINITION_SHAPE('','',#4535);
#4535 = PRODUCT_DEFINITION('design','',#4536,#4539);
#4536 = PRODUCT_DEFINITION_FORMATION('','',#4537);
#4537 = PRODUCT('SOIC-8_3.9x4.9mm_P1.27mm','SOIC-8_3.9x4.9mm_P1.27mm',''
  ,(#4538));
#4538 = PRODUCT_CONTEXT('',#2,'mechanical');
#4539 = PRODUCT_DEFINITION_CONTEXT('part definition',#2,'design');
#4540 = ADVANCED_BREP_SHAPE_REPRESENTATION('',(#11,#4541),#9009);
#4541 = MANIFOLD_SOLID_BREP('',#4542);
#4542 = CLOSED_SHELL('',(#4543,#4581,#4644,#4667,#4696,#4719,#4806,#4893
    ,#4916,#4939,#4956,#4979,#5067,#5083,#5113,#5144,#5175,#5206,#5237,
    #5268,#5299,#5330,#5347,#5364,#5395,#5426,#5457,#5488,#5519,#5550,
    #5581,#5611,#5634,#5657,#5674,#5719,#5805,#5828,#5851,#5874,#5961,
    #5999,#6048,#6140,#6165,#6249,#6271,#6363,#6388,#6472,#6494,#6586,
    #6611,#6695,#6712,#6797,#6822,#6899,#6984,#7009,#7086,#7103,#7195,
    #7220,#7304,#7326,#7418,#7443,#7527,#7549,#7641,#7666,#7750,#7767,
    #7786,#7805,#7824,#7870,#7886,#7905,#7924,#7943,#7959,#7976,#7988,
    #8005,#8022,#8039,#8056,#8073,#8090,#8107,#8119,#8136,#8153,#8170,
    #8187,#8204,#8221,#8238,#8250,#8267,#8284,#8301,#8318,#8335,#8352,
    #8369,#8381,#8398,#8415,#8432,#8449,#8466,#8483,#8495,#8512,#8529,
    #8546,#8563,#8580,#8597,#8609,#8626,#8643,#8660,#8677,#8694,#8711,
    #8728,#8740,#8757,#8774,#8791,#8808,#8825,#8842,#8859,#8871,#8888,
    #8905,#8922,#8939,#8956,#8973,#8990,#9002));
#4543 = ADVANCED_FACE('',(#4544),#4576,.F.);
#4544 = FACE_BOUND('',#4545,.F.);
#4545 = EDGE_LOOP('',(#4546,#4556,#4563,#4571));
#4546 = ORIENTED_EDGE('',*,*,#4547,.T.);
#4547 = EDGE_CURVE('',#4548,#4550,#4552,.T.);
#4548 = VERTEX_POINT('',#4549);
#4549 = CARTESIAN_POINT('',(-1.717585640382,2.335171280765,0.1));
#4550 = VERTEX_POINT('',#4551);
#4551 = CARTESIAN_POINT('',(1.717585640382,2.335171280765,0.1));
#4552 = LINE('',#4553,#4554);
#4553 = CARTESIAN_POINT('',(-1.717585640382,2.335171280765,0.1));
#4554 = VECTOR('',#4555,1.);
#4555 = DIRECTION('',(1.,1.110223024625E-16,0.));
#4556 = ORIENTED_EDGE('',*,*,#4557,.T.);
#4557 = EDGE_CURVE('',#4550,#4558,#4560,.T.);
#4558 = VERTEX_POINT('',#4559);
#4559 = CARTESIAN_POINT('',(1.775,2.45,0.825));
#4560 = B_SPLINE_CURVE_WITH_KNOTS('',1,(#4561,#4562),.UNSPECIFIED.,.F.,
  .F.,(2,2),(0.,1.),.PIECEWISE_BEZIER_KNOTS.);
#4561 = CARTESIAN_POINT('',(1.717585640382,2.335171280765,0.1));
#4562 = CARTESIAN_POINT('',(1.775,2.45,0.825));
#4563 = ORIENTED_EDGE('',*,*,#4564,.F.);
#4564 = EDGE_CURVE('',#4565,#4558,#4567,.T.);
#4565 = VERTEX_POINT('',#4566);
#4566 = CARTESIAN_POINT('',(-1.775,2.45,0.825));
#4567 = LINE('',#4568,#4569);
#4568 = CARTESIAN_POINT('',(-1.775,2.45,0.825));
#4569 = VECTOR('',#4570,1.);
#4570 = DIRECTION('',(1.,1.110223024625E-16,0.));
#4571 = ORIENTED_EDGE('',*,*,#4572,.F.);
#4572 = EDGE_CURVE('',#4548,#4565,#4573,.T.);
#4573 = B_SPLINE_CURVE_WITH_KNOTS('',1,(#4574,#4575),.UNSPECIFIED.,.F.,
  .F.,(2,2),(0.,1.),.PIECEWISE_BEZIER_KNOTS.);
#4574 = CARTESIAN_POINT('',(-1.717585640382,2.335171280765,0.1));
#4575 = CARTESIAN_POINT('',(-1.775,2.45,0.825));
#4576 = B_SPLINE_SURFACE_WITH_KNOTS('',1,1,(
    (#4577,#4578)
    ,(#4579,#4580
    )),.UNSPECIFIED.,.F.,.F.,.F.,(2,2),(2,2),(0.,3.55),(0.,1.),
  .PIECEWISE_BEZIER_KNOTS.);
#4577 = CARTESIAN_POINT('',(-1.717585640382,2.335171280765,0.1));
#4578 = CARTESIAN_POINT('',(-1.775,2.45,0.825));
#4579 = CARTESIAN_POINT('',(1.717585640382,2.335171280765,0.1));
#4580 = CARTESIAN_POINT('',(1.775,2.45,0.825));
#4581 = ADVANCED_FACE('',(#4582),#4639,.F.);
#4582 = FACE_BOUND('',#4583,.T.);
#4583 = EDGE_LOOP('',(#4584,#4585,#4593,#4601,#4609,#4617,#4625,#4633));
#4584 = ORIENTED_EDGE('',*,*,#4547,.T.);
#4585 = ORIENTED_EDGE('',*,*,#4586,.T.);
#4586 = EDGE_CURVE('',#4550,#4587,#4589,.T.);
#4587 = VERTEX_POINT('',#4588);
#4588 = CARTESIAN_POINT('',(1.835171280765,2.217585640382,0.1));
#4589 = LINE('',#4590,#4591);
#4590 = CARTESIAN_POINT('',(1.717585640382,2.335171280765,0.1));
#4591 = VECTOR('',#4592,1.);
#4592 = DIRECTION('',(0.707106781187,-0.707106781187,0.));
#4593 = ORIENTED_EDGE('',*,*,#4594,.T.);
#4594 = EDGE_CURVE('',#4587,#4595,#4597,.T.);
#4595 = VERTEX_POINT('',#4596);
#4596 = CARTESIAN_POINT('',(1.835171280765,-2.217585640382,0.1));
#4597 = LINE('',#4598,#4599);
#4598 = CARTESIAN_POINT('',(1.835171280765,2.217585640382,0.1));
#4599 = VECTOR('',#4600,1.);
#4600 = DIRECTION('',(1.110223024625E-16,-1.,0.));
#4601 = ORIENTED_EDGE('',*,*,#4602,.T.);
#4602 = EDGE_CURVE('',#4595,#4603,#4605,.T.);
#4603 = VERTEX_POINT('',#4604);
#4604 = CARTESIAN_POINT('',(1.717585640382,-2.335171280765,0.1));
#4605 = LINE('',#4606,#4607);
#4606 = CARTESIAN_POINT('',(1.835171280765,-2.217585640382,0.1));
#4607 = VECTOR('',#4608,1.);
#4608 = DIRECTION('',(-0.707106781187,-0.707106781187,0.));
#4609 = ORIENTED_EDGE('',*,*,#4610,.T.);
#4610 = EDGE_CURVE('',#4603,#4611,#4613,.T.);
#4611 = VERTEX_POINT('',#4612);
#4612 = CARTESIAN_POINT('',(-1.717585640382,-2.335171280765,0.1));
#4613 = LINE('',#4614,#4615);
#4614 = CARTESIAN_POINT('',(1.717585640382,-2.335171280765,0.1));
#4615 = VECTOR('',#4616,1.);
#4616 = DIRECTION('',(-1.,-1.110223024625E-16,0.));
#4617 = ORIENTED_EDGE('',*,*,#4618,.T.);
#4618 = EDGE_CURVE('',#4611,#4619,#4621,.T.);
#4619 = VERTEX_POINT('',#4620);
#4620 = CARTESIAN_POINT('',(-1.835171280765,-2.217585640382,0.1));
#4621 = LINE('',#4622,#4623);
#4622 = CARTESIAN_POINT('',(-1.717585640382,-2.335171280765,0.1));
#4623 = VECTOR('',#4624,1.);
#4624 = DIRECTION('',(-0.707106781187,0.707106781187,0.));
#4625 = ORIENTED_EDGE('',*,*,#4626,.T.);
#4626 = EDGE_CURVE('',#4619,#4627,#4629,.T.);
#4627 = VERTEX_POINT('',#4628);
#4628 = CARTESIAN_POINT('',(-1.835171280765,2.217585640382,0.1));
#4629 = LINE('',#4630,#4631);
#4630 = CARTESIAN_POINT('',(-1.835171280765,-2.217585640382,0.1));
#4631 = VECTOR('',#4632,1.);
#4632 = DIRECTION('',(-1.110223024625E-16,1.,0.));
#4633 = ORIENTED_EDGE('',*,*,#4634,.T.);
#4634 = EDGE_CURVE('',#4627,#4548,#4635,.T.);
#4635 = LINE('',#4636,#4637);
#4636 = CARTESIAN_POINT('',(-1.835171280765,2.217585640382,0.1));
#4637 = VECTOR('',#4638,1.);
#4638 = DIRECTION('',(0.707106781187,0.707106781187,0.));
#4639 = PLANE('',#4640);
#4640 = AXIS2_PLACEMENT_3D('',#4641,#4642,#4643);
#4641 = CARTESIAN_POINT('',(-1.717585640382,2.335171280765,0.1));
#4642 = DIRECTION('',(0.,0.,1.));
#4643 = DIRECTION('',(0.592513131498,-0.805560791625,0.));
#4644 = ADVANCED_FACE('',(#4645),#4662,.F.);
#4645 = FACE_BOUND('',#4646,.F.);
#4646 = EDGE_LOOP('',(#4647,#4648,#4655,#4661));
#4647 = ORIENTED_EDGE('',*,*,#4586,.T.);
#4648 = ORIENTED_EDGE('',*,*,#4649,.T.);
#4649 = EDGE_CURVE('',#4587,#4650,#4652,.T.);
#4650 = VERTEX_POINT('',#4651);
#4651 = CARTESIAN_POINT('',(1.95,2.275,0.825));
#4652 = B_SPLINE_CURVE_WITH_KNOTS('',1,(#4653,#4654),.UNSPECIFIED.,.F.,
  .F.,(2,2),(0.,1.),.PIECEWISE_BEZIER_KNOTS.);
#4653 = CARTESIAN_POINT('',(1.835171280765,2.217585640382,0.1));
#4654 = CARTESIAN_POINT('',(1.95,2.275,0.825));
#4655 = ORIENTED_EDGE('',*,*,#4656,.F.);
#4656 = EDGE_CURVE('',#4558,#4650,#4657,.T.);
#4657 = LINE('',#4658,#4659);
#4658 = CARTESIAN_POINT('',(1.775,2.45,0.825));
#4659 = VECTOR('',#4660,1.);
#4660 = DIRECTION('',(0.707106781187,-0.707106781187,0.));
#4661 = ORIENTED_EDGE('',*,*,#4557,.F.);
#4662 = B_SPLINE_SURFACE_WITH_KNOTS('',1,1,(
    (#4663,#4664)
    ,(#4665,#4666
    )),.UNSPECIFIED.,.F.,.F.,.F.,(2,2),(2,2),(0.,0.247487373415),(0.,1.)
  ,.PIECEWISE_BEZIER_KNOTS.);
#4663 = CARTESIAN_POINT('',(1.717585640382,2.335171280765,0.1));
#4664 = CARTESIAN_POINT('',(1.775,2.45,0.825));
#4665 = CARTESIAN_POINT('',(1.835171280765,2.217585640382,0.1));
#4666 = CARTESIAN_POINT('',(1.95,2.275,0.825));
#4667 = ADVANCED_FACE('',(#4668),#4691,.F.);
#4668 = FACE_BOUND('',#4669,.F.);
#4669 = EDGE_LOOP('',(#4670,#4671,#4678,#4686));
#4670 = ORIENTED_EDGE('',*,*,#4564,.T.);
#4671 = ORIENTED_EDGE('',*,*,#4672,.T.);
#4672 = EDGE_CURVE('',#4558,#4673,#4675,.T.);
#4673 = VERTEX_POINT('',#4674);
#4674 = CARTESIAN_POINT('',(1.775,2.45,1.025));
#4675 = B_SPLINE_CURVE_WITH_KNOTS('',1,(#4676,#4677),.UNSPECIFIED.,.F.,
  .F.,(2,2),(0.,1.),.PIECEWISE_BEZIER_KNOTS.);
#4676 = CARTESIAN_POINT('',(1.775,2.45,0.825));
#4677 = CARTESIAN_POINT('',(1.775,2.45,1.025));
#4678 = ORIENTED_EDGE('',*,*,#4679,.F.);
#4679 = EDGE_CURVE('',#4680,#4673,#4682,.T.);
#4680 = VERTEX_POINT('',#4681);
#4681 = CARTESIAN_POINT('',(-1.775,2.45,1.025));
#4682 = LINE('',#4683,#4684);
#4683 = CARTESIAN_POINT('',(-1.775,2.45,1.025));
#4684 = VECTOR('',#4685,1.);
#4685 = DIRECTION('',(1.,1.110223024625E-16,0.));
#4686 = ORIENTED_EDGE('',*,*,#4687,.F.);
#4687 = EDGE_CURVE('',#4565,#4680,#4688,.T.);
#4688 = B_SPLINE_CURVE_WITH_KNOTS('',1,(#4689,#4690),.UNSPECIFIED.,.F.,
  .F.,(2,2),(0.,1.),.PIECEWISE_BEZIER_KNOTS.);
#4689 = CARTESIAN_POINT('',(-1.775,2.45,0.825));
#4690 = CARTESIAN_POINT('',(-1.775,2.45,1.025));
#4691 = PLANE('',#4692);
#4692 = AXIS2_PLACEMENT_3D('',#4693,#4694,#4695);
#4693 = CARTESIAN_POINT('',(-1.775,2.45,1.025));
#4694 = DIRECTION('',(1.110223024625E-16,-1.,0.));
#4695 = DIRECTION('',(1.,1.110223024625E-16,0.));
#4696 = ADVANCED_FACE('',(#4697),#4714,.F.);
#4697 = FACE_BOUND('',#4698,.F.);
#4698 = EDGE_LOOP('',(#4699,#4700,#4701,#4709));
#4699 = ORIENTED_EDGE('',*,*,#4634,.T.);
#4700 = ORIENTED_EDGE('',*,*,#4572,.T.);
#4701 = ORIENTED_EDGE('',*,*,#4702,.F.);
#4702 = EDGE_CURVE('',#4703,#4565,#4705,.T.);
#4703 = VERTEX_POINT('',#4704);
#4704 = CARTESIAN_POINT('',(-1.95,2.275,0.825));
#4705 = LINE('',#4706,#4707);
#4706 = CARTESIAN_POINT('',(-1.95,2.275,0.825));
#4707 = VECTOR('',#4708,1.);
#4708 = DIRECTION('',(0.707106781187,0.707106781187,0.));
#4709 = ORIENTED_EDGE('',*,*,#4710,.F.);
#4710 = EDGE_CURVE('',#4627,#4703,#4711,.T.);
#4711 = B_SPLINE_CURVE_WITH_KNOTS('',1,(#4712,#4713),.UNSPECIFIED.,.F.,
  .F.,(2,2),(0.,1.),.PIECEWISE_BEZIER_KNOTS.);
#4712 = CARTESIAN_POINT('',(-1.835171280765,2.217585640382,0.1));
#4713 = CARTESIAN_POINT('',(-1.95,2.275,0.825));
#4714 = B_SPLINE_SURFACE_WITH_KNOTS('',1,1,(
    (#4715,#4716)
    ,(#4717,#4718
    )),.UNSPECIFIED.,.F.,.F.,.F.,(2,2),(2,2),(0.,0.247487373415),(0.,1.)
  ,.PIECEWISE_BEZIER_KNOTS.);
#4715 = CARTESIAN_POINT('',(-1.835171280765,2.217585640382,0.1));
#4716 = CARTESIAN_POINT('',(-1.95,2.275,0.825));
#4717 = CARTESIAN_POINT('',(-1.717585640382,2.335171280765,0.1));
#4718 = CARTESIAN_POINT('',(-1.775,2.45,0.825));
#4719 = ADVANCED_FACE('',(#4720),#4801,.F.);
#4720 = FACE_BOUND('',#4721,.F.);
#4721 = EDGE_LOOP('',(#4722,#4723,#4724,#4732,#4740,#4748,#4756,#4764,
    #4772,#4780,#4788,#4796));
#4722 = ORIENTED_EDGE('',*,*,#4626,.T.);
#4723 = ORIENTED_EDGE('',*,*,#4710,.T.);
#4724 = ORIENTED_EDGE('',*,*,#4725,.F.);
#4725 = EDGE_CURVE('',#4726,#4703,#4728,.T.);
#4726 = VERTEX_POINT('',#4727);
#4727 = CARTESIAN_POINT('',(-1.95,2.11,0.825));
#4728 = LINE('',#4729,#4730);
#4729 = CARTESIAN_POINT('',(-1.95,-2.275,0.825));
#4730 = VECTOR('',#4731,1.);
#4731 = DIRECTION('',(-1.110223024625E-16,1.,0.));
#4732 = ORIENTED_EDGE('',*,*,#4733,.F.);
#4733 = EDGE_CURVE('',#4734,#4726,#4736,.T.);
#4734 = VERTEX_POINT('',#4735);
#4735 = CARTESIAN_POINT('',(-1.95,1.7,0.825));
#4736 = LINE('',#4737,#4738);
#4737 = CARTESIAN_POINT('',(-1.95,-2.275,0.825));
#4738 = VECTOR('',#4739,1.);
#4739 = DIRECTION('',(-1.110223024625E-16,1.,0.));
#4740 = ORIENTED_EDGE('',*,*,#4741,.F.);
#4741 = EDGE_CURVE('',#4742,#4734,#4744,.T.);
#4742 = VERTEX_POINT('',#4743);
#4743 = CARTESIAN_POINT('',(-1.95,0.84,0.825));
#4744 = LINE('',#4745,#4746);
#4745 = CARTESIAN_POINT('',(-1.95,-2.275,0.825));
#4746 = VECTOR('',#4747,1.);
#4747 = DIRECTION('',(-1.110223024625E-16,1.,0.));
#4748 = ORIENTED_EDGE('',*,*,#4749,.F.);
#4749 = EDGE_CURVE('',#4750,#4742,#4752,.T.);
#4750 = VERTEX_POINT('',#4751);
#4751 = CARTESIAN_POINT('',(-1.95,0.43,0.825));
#4752 = LINE('',#4753,#4754);
#4753 = CARTESIAN_POINT('',(-1.95,-2.275,0.825));
#4754 = VECTOR('',#4755,1.);
#4755 = DIRECTION('',(-1.110223024625E-16,1.,0.));
#4756 = ORIENTED_EDGE('',*,*,#4757,.F.);
#4757 = EDGE_CURVE('',#4758,#4750,#4760,.T.);
#4758 = VERTEX_POINT('',#4759);
#4759 = CARTESIAN_POINT('',(-1.95,-0.43,0.825));
#4760 = LINE('',#4761,#4762);
#4761 = CARTESIAN_POINT('',(-1.95,-2.275,0.825));
#4762 = VECTOR('',#4763,1.);
#4763 = DIRECTION('',(-1.110223024625E-16,1.,0.));
#4764 = ORIENTED_EDGE('',*,*,#4765,.F.);
#4765 = EDGE_CURVE('',#4766,#4758,#4768,.T.);
#4766 = VERTEX_POINT('',#4767);
#4767 = CARTESIAN_POINT('',(-1.95,-0.84,0.825));
#4768 = LINE('',#4769,#4770);
#4769 = CARTESIAN_POINT('',(-1.95,-2.275,0.825));
#4770 = VECTOR('',#4771,1.);
#4771 = DIRECTION('',(-1.110223024625E-16,1.,0.));
#4772 = ORIENTED_EDGE('',*,*,#4773,.F.);
#4773 = EDGE_CURVE('',#4774,#4766,#4776,.T.);
#4774 = VERTEX_POINT('',#4775);
#4775 = CARTESIAN_POINT('',(-1.95,-1.7,0.825));
#4776 = LINE('',#4777,#4778);
#4777 = CARTESIAN_POINT('',(-1.95,-2.275,0.825));
#4778 = VECTOR('',#4779,1.);
#4779 = DIRECTION('',(-1.110223024625E-16,1.,0.));
#4780 = ORIENTED_EDGE('',*,*,#4781,.F.);
#4781 = EDGE_CURVE('',#4782,#4774,#4784,.T.);
#4782 = VERTEX_POINT('',#4783);
#4783 = CARTESIAN_POINT('',(-1.95,-2.11,0.825));
#4784 = LINE('',#4785,#4786);
#4785 = CARTESIAN_POINT('',(-1.95,-2.275,0.825));
#4786 = VECTOR('',#4787,1.);
#4787 = DIRECTION('',(-1.110223024625E-16,1.,0.));
#4788 = ORIENTED_EDGE('',*,*,#4789,.F.);
#4789 = EDGE_CURVE('',#4790,#4782,#4792,.T.);
#4790 = VERTEX_POINT('',#4791);
#4791 = CARTESIAN_POINT('',(-1.95,-2.275,0.825));
#4792 = LINE('',#4793,#4794);
#4793 = CARTESIAN_POINT('',(-1.95,-2.275,0.825));
#4794 = VECTOR('',#4795,1.);
#4795 = DIRECTION('',(-1.110223024625E-16,1.,0.));
#4796 = ORIENTED_EDGE('',*,*,#4797,.F.);
#4797 = EDGE_CURVE('',#4619,#4790,#4798,.T.);
#4798 = B_SPLINE_CURVE_WITH_KNOTS('',1,(#4799,#4800),.UNSPECIFIED.,.F.,
  .F.,(2,2),(0.,1.),.PIECEWISE_BEZIER_KNOTS.);
#4799 = CARTESIAN_POINT('',(-1.835171280765,-2.217585640382,0.1));
#4800 = CARTESIAN_POINT('',(-1.95,-2.275,0.825));
#4801 = B_SPLINE_SURFACE_WITH_KNOTS('',1,1,(
    (#4802,#4803)
    ,(#4804,#4805
    )),.UNSPECIFIED.,.F.,.F.,.F.,(2,2),(2,2),(0.,4.55),(0.,1.),
  .PIECEWISE_BEZIER_KNOTS.);
#4802 = CARTESIAN_POINT('',(-1.835171280765,-2.217585640382,0.1));
#4803 = CARTESIAN_POINT('',(-1.95,-2.275,0.825));
#4804 = CARTESIAN_POINT('',(-1.835171280765,2.217585640382,0.1));
#4805 = CARTESIAN_POINT('',(-1.95,2.275,0.825));
#4806 = ADVANCED_FACE('',(#4807),#4888,.F.);
#4807 = FACE_BOUND('',#4808,.F.);
#4808 = EDGE_LOOP('',(#4809,#4810,#4817,#4825,#4833,#4841,#4849,#4857,
    #4865,#4873,#4881,#4887));
#4809 = ORIENTED_EDGE('',*,*,#4594,.T.);
#4810 = ORIENTED_EDGE('',*,*,#4811,.T.);
#4811 = EDGE_CURVE('',#4595,#4812,#4814,.T.);
#4812 = VERTEX_POINT('',#4813);
#4813 = CARTESIAN_POINT('',(1.95,-2.275,0.825));
#4814 = B_SPLINE_CURVE_WITH_KNOTS('',1,(#4815,#4816),.UNSPECIFIED.,.F.,
  .F.,(2,2),(0.,1.),.PIECEWISE_BEZIER_KNOTS.);
#4815 = CARTESIAN_POINT('',(1.835171280765,-2.217585640382,0.1));
#4816 = CARTESIAN_POINT('',(1.95,-2.275,0.825));
#4817 = ORIENTED_EDGE('',*,*,#4818,.F.);
#4818 = EDGE_CURVE('',#4819,#4812,#4821,.T.);
#4819 = VERTEX_POINT('',#4820);
#4820 = CARTESIAN_POINT('',(1.95,-2.11,0.825));
#4821 = LINE('',#4822,#4823);
#4822 = CARTESIAN_POINT('',(1.95,2.275,0.825));
#4823 = VECTOR('',#4824,1.);
#4824 = DIRECTION('',(1.110223024625E-16,-1.,0.));
#4825 = ORIENTED_EDGE('',*,*,#4826,.F.);
#4826 = EDGE_CURVE('',#4827,#4819,#4829,.T.);
#4827 = VERTEX_POINT('',#4828);
#4828 = CARTESIAN_POINT('',(1.95,-1.7,0.825));
#4829 = LINE('',#4830,#4831);
#4830 = CARTESIAN_POINT('',(1.95,2.275,0.825));
#4831 = VECTOR('',#4832,1.);
#4832 = DIRECTION('',(1.110223024625E-16,-1.,0.));
#4833 = ORIENTED_EDGE('',*,*,#4834,.F.);
#4834 = EDGE_CURVE('',#4835,#4827,#4837,.T.);
#4835 = VERTEX_POINT('',#4836);
#4836 = CARTESIAN_POINT('',(1.95,-0.84,0.825));
#4837 = LINE('',#4838,#4839);
#4838 = CARTESIAN_POINT('',(1.95,2.275,0.825));
#4839 = VECTOR('',#4840,1.);
#4840 = DIRECTION('',(1.110223024625E-16,-1.,0.));
#4841 = ORIENTED_EDGE('',*,*,#4842,.F.);
#4842 = EDGE_CURVE('',#4843,#4835,#4845,.T.);
#4843 = VERTEX_POINT('',#4844);
#4844 = CARTESIAN_POINT('',(1.95,-0.43,0.825));
#4845 = LINE('',#4846,#4847);
#4846 = CARTESIAN_POINT('',(1.95,2.275,0.825));
#4847 = VECTOR('',#4848,1.);
#4848 = DIRECTION('',(1.110223024625E-16,-1.,0.));
#4849 = ORIENTED_EDGE('',*,*,#4850,.F.);
#4850 = EDGE_CURVE('',#4851,#4843,#4853,.T.);
#4851 = VERTEX_POINT('',#4852);
#4852 = CARTESIAN_POINT('',(1.95,0.43,0.825));
#4853 = LINE('',#4854,#4855);
#4854 = CARTESIAN_POINT('',(1.95,2.275,0.825));
#4855 = VECTOR('',#4856,1.);
#4856 = DIRECTION('',(1.110223024625E-16,-1.,0.));
#4857 = ORIENTED_EDGE('',*,*,#4858,.F.);
#4858 = EDGE_CURVE('',#4859,#4851,#4861,.T.);
#4859 = VERTEX_POINT('',#4860);
#4860 = CARTESIAN_POINT('',(1.95,0.84,0.825));
#4861 = LINE('',#4862,#4863);
#4862 = CARTESIAN_POINT('',(1.95,2.275,0.825));
#4863 = VECTOR('',#4864,1.);
#4864 = DIRECTION('',(1.110223024625E-16,-1.,0.));
#4865 = ORIENTED_EDGE('',*,*,#4866,.F.);
#4866 = EDGE_CURVE('',#4867,#4859,#4869,.T.);
#4867 = VERTEX_POINT('',#4868);
#4868 = CARTESIAN_POINT('',(1.95,1.7,0.825));
#4869 = LINE('',#4870,#4871);
#4870 = CARTESIAN_POINT('',(1.95,2.275,0.825));
#4871 = VECTOR('',#4872,1.);
#4872 = DIRECTION('',(1.110223024625E-16,-1.,0.));
#4873 = ORIENTED_EDGE('',*,*,#4874,.F.);
#4874 = EDGE_CURVE('',#4875,#4867,#4877,.T.);
#4875 = VERTEX_POINT('',#4876);
#4876 = CARTESIAN_POINT('',(1.95,2.11,0.825));
#4877 = LINE('',#4878,#4879);
#4878 = CARTESIAN_POINT('',(1.95,2.275,0.825));
#4879 = VECTOR('',#4880,1.);
#4880 = DIRECTION('',(1.110223024625E-16,-1.,0.));
#4881 = ORIENTED_EDGE('',*,*,#4882,.F.);
#4882 = EDGE_CURVE('',#4650,#4875,#4883,.T.);
#4883 = LINE('',#4884,#4885);
#4884 = CARTESIAN_POINT('',(1.95,2.275,0.825));
#4885 = VECTOR('',#4886,1.);
#4886 = DIRECTION('',(1.110223024625E-16,-1.,0.));
#4887 = ORIENTED_EDGE('',*,*,#4649,.F.);
#4888 = B_SPLINE_SURFACE_WITH_KNOTS('',1,1,(
    (#4889,#4890)
    ,(#4891,#4892
    )),.UNSPECIFIED.,.F.,.F.,.F.,(2,2),(2,2),(0.,4.55),(0.,1.),
  .PIECEWISE_BEZIER_KNOTS.);
#4889 = CARTESIAN_POINT('',(1.835171280765,2.217585640382,0.1));
#4890 = CARTESIAN_POINT('',(1.95,2.275,0.825));
#4891 = CARTESIAN_POINT('',(1.835171280765,-2.217585640382,0.1));
#4892 = CARTESIAN_POINT('',(1.95,-2.275,0.825));
#4893 = ADVANCED_FACE('',(#4894),#4911,.F.);
#4894 = FACE_BOUND('',#4895,.F.);
#4895 = EDGE_LOOP('',(#4896,#4897,#4898,#4906));
#4896 = ORIENTED_EDGE('',*,*,#4618,.T.);
#4897 = ORIENTED_EDGE('',*,*,#4797,.T.);
#4898 = ORIENTED_EDGE('',*,*,#4899,.F.);
#4899 = EDGE_CURVE('',#4900,#4790,#4902,.T.);
#4900 = VERTEX_POINT('',#4901);
#4901 = CARTESIAN_POINT('',(-1.775,-2.45,0.825));
#4902 = LINE('',#4903,#4904);
#4903 = CARTESIAN_POINT('',(-1.775,-2.45,0.825));
#4904 = VECTOR('',#4905,1.);
#4905 = DIRECTION('',(-0.707106781187,0.707106781187,0.));
#4906 = ORIENTED_EDGE('',*,*,#4907,.F.);
#4907 = EDGE_CURVE('',#4611,#4900,#4908,.T.);
#4908 = B_SPLINE_CURVE_WITH_KNOTS('',1,(#4909,#4910),.UNSPECIFIED.,.F.,
  .F.,(2,2),(0.,1.),.PIECEWISE_BEZIER_KNOTS.);
#4909 = CARTESIAN_POINT('',(-1.717585640382,-2.335171280765,0.1));
#4910 = CARTESIAN_POINT('',(-1.775,-2.45,0.825));
#4911 = B_SPLINE_SURFACE_WITH_KNOTS('',1,1,(
    (#4912,#4913)
    ,(#4914,#4915
    )),.UNSPECIFIED.,.F.,.F.,.F.,(2,2),(2,2),(0.,0.247487373415),(0.,1.)
  ,.PIECEWISE_BEZIER_KNOTS.);
#4912 = CARTESIAN_POINT('',(-1.717585640382,-2.335171280765,0.1));
#4913 = CARTESIAN_POINT('',(-1.775,-2.45,0.825));
#4914 = CARTESIAN_POINT('',(-1.835171280765,-2.217585640382,0.1));
#4915 = CARTESIAN_POINT('',(-1.95,-2.275,0.825));
#4916 = ADVANCED_FACE('',(#4917),#4934,.F.);
#4917 = FACE_BOUND('',#4918,.F.);
#4918 = EDGE_LOOP('',(#4919,#4920,#4927,#4933));
#4919 = ORIENTED_EDGE('',*,*,#4602,.T.);
#4920 = ORIENTED_EDGE('',*,*,#4921,.T.);
#4921 = EDGE_CURVE('',#4603,#4922,#4924,.T.);
#4922 = VERTEX_POINT('',#4923);
#4923 = CARTESIAN_POINT('',(1.775,-2.45,0.825));
#4924 = B_SPLINE_CURVE_WITH_KNOTS('',1,(#4925,#4926),.UNSPECIFIED.,.F.,
  .F.,(2,2),(0.,1.),.PIECEWISE_BEZIER_KNOTS.);
#4925 = CARTESIAN_POINT('',(1.717585640382,-2.335171280765,0.1));
#4926 = CARTESIAN_POINT('',(1.775,-2.45,0.825));
#4927 = ORIENTED_EDGE('',*,*,#4928,.F.);
#4928 = EDGE_CURVE('',#4812,#4922,#4929,.T.);
#4929 = LINE('',#4930,#4931);
#4930 = CARTESIAN_POINT('',(1.95,-2.275,0.825));
#4931 = VECTOR('',#4932,1.);
#4932 = DIRECTION('',(-0.707106781187,-0.707106781187,0.));
#4933 = ORIENTED_EDGE('',*,*,#4811,.F.);
#4934 = B_SPLINE_SURFACE_WITH_KNOTS('',1,1,(
    (#4935,#4936)
    ,(#4937,#4938
    )),.UNSPECIFIED.,.F.,.F.,.F.,(2,2),(2,2),(0.,0.247487373415),(0.,1.)
  ,.PIECEWISE_BEZIER_KNOTS.);
#4935 = CARTESIAN_POINT('',(1.835171280765,-2.217585640382,0.1));
#4936 = CARTESIAN_POINT('',(1.95,-2.275,0.825));
#4937 = CARTESIAN_POINT('',(1.717585640382,-2.335171280765,0.1));
#4938 = CARTESIAN_POINT('',(1.775,-2.45,0.825));
#4939 = ADVANCED_FACE('',(#4940),#4951,.F.);
#4940 = FACE_BOUND('',#4941,.F.);
#4941 = EDGE_LOOP('',(#4942,#4943,#4944,#4950));
#4942 = ORIENTED_EDGE('',*,*,#4610,.T.);
#4943 = ORIENTED_EDGE('',*,*,#4907,.T.);
#4944 = ORIENTED_EDGE('',*,*,#4945,.F.);
#4945 = EDGE_CURVE('',#4922,#4900,#4946,.T.);
#4946 = LINE('',#4947,#4948);
#4947 = CARTESIAN_POINT('',(1.775,-2.45,0.825));
#4948 = VECTOR('',#4949,1.);
#4949 = DIRECTION('',(-1.,-1.110223024625E-16,0.));
#4950 = ORIENTED_EDGE('',*,*,#4921,.F.);
#4951 = B_SPLINE_SURFACE_WITH_KNOTS('',1,1,(
    (#4952,#4953)
    ,(#4954,#4955
    )),.UNSPECIFIED.,.F.,.F.,.F.,(2,2),(2,2),(0.,3.55),(0.,1.),
  .PIECEWISE_BEZIER_KNOTS.);
#4952 = CARTESIAN_POINT('',(1.717585640382,-2.335171280765,0.1));
#4953 = CARTESIAN_POINT('',(1.775,-2.45,0.825));
#4954 = CARTESIAN_POINT('',(-1.717585640382,-2.335171280765,0.1));
#4955 = CARTESIAN_POINT('',(-1.775,-2.45,0.825));
#4956 = ADVANCED_FACE('',(#4957),#4974,.F.);
#4957 = FACE_BOUND('',#4958,.F.);
#4958 = EDGE_LOOP('',(#4959,#4960,#4967,#4973));
#4959 = ORIENTED_EDGE('',*,*,#4656,.T.);
#4960 = ORIENTED_EDGE('',*,*,#4961,.T.);
#4961 = EDGE_CURVE('',#4650,#4962,#4964,.T.);
#4962 = VERTEX_POINT('',#4963);
#4963 = CARTESIAN_POINT('',(1.95,2.275,1.025));
#4964 = B_SPLINE_CURVE_WITH_KNOTS('',1,(#4965,#4966),.UNSPECIFIED.,.F.,
  .F.,(2,2),(0.,1.),.PIECEWISE_BEZIER_KNOTS.);
#4965 = CARTESIAN_POINT('',(1.95,2.275,0.825));
#4966 = CARTESIAN_POINT('',(1.95,2.275,1.025));
#4967 = ORIENTED_EDGE('',*,*,#4968,.F.);
#4968 = EDGE_CURVE('',#4673,#4962,#4969,.T.);
#4969 = LINE('',#4970,#4971);
#4970 = CARTESIAN_POINT('',(1.775,2.45,1.025));
#4971 = VECTOR('',#4972,1.);
#4972 = DIRECTION('',(0.707106781187,-0.707106781187,0.));
#4973 = ORIENTED_EDGE('',*,*,#4672,.F.);
#4974 = PLANE('',#4975);
#4975 = AXIS2_PLACEMENT_3D('',#4976,#4977,#4978);
#4976 = CARTESIAN_POINT('',(1.775,2.45,1.025));
#4977 = DIRECTION('',(-0.707106781187,-0.707106781187,0.));
#4978 = DIRECTION('',(0.707106781187,-0.707106781187,0.));
#4979 = ADVANCED_FACE('',(#4980),#5062,.F.);
#4980 = FACE_BOUND('',#4981,.F.);
#4981 = EDGE_LOOP('',(#4982,#4990,#4991,#4992,#5000,#5008,#5016,#5024,
    #5032,#5040,#5048,#5056));
#4982 = ORIENTED_EDGE('',*,*,#4983,.T.);
#4983 = EDGE_CURVE('',#4984,#4680,#4986,.T.);
#4984 = VERTEX_POINT('',#4985);
#4985 = CARTESIAN_POINT('',(-1.95,2.275,1.025));
#4986 = LINE('',#4987,#4988);
#4987 = CARTESIAN_POINT('',(-1.95,2.275,1.025));
#4988 = VECTOR('',#4989,1.);
#4989 = DIRECTION('',(0.707106781187,0.707106781187,0.));
#4990 = ORIENTED_EDGE('',*,*,#4679,.T.);
#4991 = ORIENTED_EDGE('',*,*,#4968,.T.);
#4992 = ORIENTED_EDGE('',*,*,#4993,.T.);
#4993 = EDGE_CURVE('',#4962,#4994,#4996,.T.);
#4994 = VERTEX_POINT('',#4995);
#4995 = CARTESIAN_POINT('',(1.95,2.11,1.025));
#4996 = LINE('',#4997,#4998);
#4997 = CARTESIAN_POINT('',(1.95,2.275,1.025));
#4998 = VECTOR('',#4999,1.);
#4999 = DIRECTION('',(1.110223024625E-16,-1.,0.));
#5000 = ORIENTED_EDGE('',*,*,#5001,.T.);
#5001 = EDGE_CURVE('',#4994,#5002,#5004,.T.);
#5002 = VERTEX_POINT('',#5003);
#5003 = CARTESIAN_POINT('',(1.875,2.11,1.025));
#5004 = LINE('',#5005,#5006);
#5005 = CARTESIAN_POINT('',(2.25,2.11,1.025));
#5006 = VECTOR('',#5007,1.);
#5007 = DIRECTION('',(-1.,-1.110223024625E-16,0.));
#5008 = ORIENTED_EDGE('',*,*,#5009,.F.);
#5009 = EDGE_CURVE('',#5010,#5002,#5012,.T.);
#5010 = VERTEX_POINT('',#5011);
#5011 = CARTESIAN_POINT('',(1.875,2.2375,1.025));
#5012 = LINE('',#5013,#5014);
#5013 = CARTESIAN_POINT('',(1.875,2.2375,1.025));
#5014 = VECTOR('',#5015,1.);
#5015 = DIRECTION('',(1.110223024625E-16,-1.,0.));
#5016 = ORIENTED_EDGE('',*,*,#5017,.F.);
#5017 = EDGE_CURVE('',#5018,#5010,#5020,.T.);
#5018 = VERTEX_POINT('',#5019);
#5019 = CARTESIAN_POINT('',(1.7375,2.375,1.025));
#5020 = LINE('',#5021,#5022);
#5021 = CARTESIAN_POINT('',(1.7375,2.375,1.025));
#5022 = VECTOR('',#5023,1.);
#5023 = DIRECTION('',(0.707106781187,-0.707106781187,0.));
#5024 = ORIENTED_EDGE('',*,*,#5025,.F.);
#5025 = EDGE_CURVE('',#5026,#5018,#5028,.T.);
#5026 = VERTEX_POINT('',#5027);
#5027 = CARTESIAN_POINT('',(-1.7375,2.375,1.025));
#5028 = LINE('',#5029,#5030);
#5029 = CARTESIAN_POINT('',(-1.7375,2.375,1.025));
#5030 = VECTOR('',#5031,1.);
#5031 = DIRECTION('',(1.,1.110223024625E-16,0.));
#5032 = ORIENTED_EDGE('',*,*,#5033,.F.);
#5033 = EDGE_CURVE('',#5034,#5026,#5036,.T.);
#5034 = VERTEX_POINT('',#5035);
#5035 = CARTESIAN_POINT('',(-1.875,2.2375,1.025));
#5036 = LINE('',#5037,#5038);
#5037 = CARTESIAN_POINT('',(-1.875,2.2375,1.025));
#5038 = VECTOR('',#5039,1.);
#5039 = DIRECTION('',(0.707106781187,0.707106781187,0.));
#5040 = ORIENTED_EDGE('',*,*,#5041,.F.);
#5041 = EDGE_CURVE('',#5042,#5034,#5044,.T.);
#5042 = VERTEX_POINT('',#5043);
#5043 = CARTESIAN_POINT('',(-1.875,2.11,1.025));
#5044 = LINE('',#5045,#5046);
#5045 = CARTESIAN_POINT('',(-1.875,-2.2375,1.025));
#5046 = VECTOR('',#5047,1.);
#5047 = DIRECTION('',(-1.110223024625E-16,1.,0.));
#5048 = ORIENTED_EDGE('',*,*,#5049,.F.);
#5049 = EDGE_CURVE('',#5050,#5042,#5052,.T.);
#5050 = VERTEX_POINT('',#5051);
#5051 = CARTESIAN_POINT('',(-1.95,2.11,1.025));
#5052 = LINE('',#5053,#5054);
#5053 = CARTESIAN_POINT('',(-2.25,2.11,1.025));
#5054 = VECTOR('',#5055,1.);
#5055 = DIRECTION('',(1.,-1.144237745222E-17,0.));
#5056 = ORIENTED_EDGE('',*,*,#5057,.T.);
#5057 = EDGE_CURVE('',#5050,#4984,#5058,.T.);
#5058 = LINE('',#5059,#5060);
#5059 = CARTESIAN_POINT('',(-1.95,-2.275,1.025));
#5060 = VECTOR('',#5061,1.);
#5061 = DIRECTION('',(-1.110223024625E-16,1.,0.));
#5062 = PLANE('',#5063);
#5063 = AXIS2_PLACEMENT_3D('',#5064,#5065,#5066);
#5064 = CARTESIAN_POINT('',(-3.027078129022E-16,2.4125,1.025));
#5065 = DIRECTION('',(2.007919022429E-31,-7.713306628828E-27,-1.));
#5066 = DIRECTION('',(1.,1.112083013911E-16,2.00791902242E-31));
#5067 = ADVANCED_FACE('',(#5068),#5078,.F.);
#5068 = FACE_BOUND('',#5069,.F.);
#5069 = EDGE_LOOP('',(#5070,#5071,#5072,#5073));
#5070 = ORIENTED_EDGE('',*,*,#4702,.T.);
#5071 = ORIENTED_EDGE('',*,*,#4687,.T.);
#5072 = ORIENTED_EDGE('',*,*,#4983,.F.);
#5073 = ORIENTED_EDGE('',*,*,#5074,.F.);
#5074 = EDGE_CURVE('',#4703,#4984,#5075,.T.);
#5075 = B_SPLINE_CURVE_WITH_KNOTS('',1,(#5076,#5077),.UNSPECIFIED.,.F.,
  .F.,(2,2),(0.,1.),.PIECEWISE_BEZIER_KNOTS.);
#5076 = CARTESIAN_POINT('',(-1.95,2.275,0.825));
#5077 = CARTESIAN_POINT('',(-1.95,2.275,1.025));
#5078 = PLANE('',#5079);
#5079 = AXIS2_PLACEMENT_3D('',#5080,#5081,#5082);
#5080 = CARTESIAN_POINT('',(-1.95,2.275,1.025));
#5081 = DIRECTION('',(0.707106781187,-0.707106781187,0.));
#5082 = DIRECTION('',(0.707106781187,0.707106781187,0.));
#5083 = ADVANCED_FACE('',(#5084),#5108,.F.);
#5084 = FACE_BOUND('',#5085,.F.);
#5085 = EDGE_LOOP('',(#5086,#5093,#5094,#5102));
#5086 = ORIENTED_EDGE('',*,*,#5087,.F.);
#5087 = EDGE_CURVE('',#4790,#5088,#5090,.T.);
#5088 = VERTEX_POINT('',#5089);
#5089 = CARTESIAN_POINT('',(-1.95,-2.275,1.025));
#5090 = B_SPLINE_CURVE_WITH_KNOTS('',1,(#5091,#5092),.UNSPECIFIED.,.F.,
  .F.,(2,2),(0.,1.),.PIECEWISE_BEZIER_KNOTS.);
#5091 = CARTESIAN_POINT('',(-1.95,-2.275,0.825));
#5092 = CARTESIAN_POINT('',(-1.95,-2.275,1.025));
#5093 = ORIENTED_EDGE('',*,*,#4789,.T.);
#5094 = ORIENTED_EDGE('',*,*,#5095,.T.);
#5095 = EDGE_CURVE('',#4782,#5096,#5098,.T.);
#5096 = VERTEX_POINT('',#5097);
#5097 = CARTESIAN_POINT('',(-1.95,-2.11,1.025));
#5098 = LINE('',#5099,#5100);
#5099 = CARTESIAN_POINT('',(-1.95,-2.11,0.786976568901));
#5100 = VECTOR('',#5101,1.);
#5101 = DIRECTION('',(0.,0.,1.));
#5102 = ORIENTED_EDGE('',*,*,#5103,.F.);
#5103 = EDGE_CURVE('',#5088,#5096,#5104,.T.);
#5104 = LINE('',#5105,#5106);
#5105 = CARTESIAN_POINT('',(-1.95,-2.275,1.025));
#5106 = VECTOR('',#5107,1.);
#5107 = DIRECTION('',(-1.110223024625E-16,1.,0.));
#5108 = PLANE('',#5109);
#5109 = AXIS2_PLACEMENT_3D('',#5110,#5111,#5112);
#5110 = CARTESIAN_POINT('',(-1.95,-2.275,1.025));
#5111 = DIRECTION('',(1.,1.110223024625E-16,0.));
#5112 = DIRECTION('',(-1.110223024625E-16,1.,0.));
#5113 = ADVANCED_FACE('',(#5114),#5139,.F.);
#5114 = FACE_BOUND('',#5115,.F.);
#5115 = EDGE_LOOP('',(#5116,#5124,#5125,#5133));
#5116 = ORIENTED_EDGE('',*,*,#5117,.F.);
#5117 = EDGE_CURVE('',#4782,#5118,#5120,.T.);
#5118 = VERTEX_POINT('',#5119);
#5119 = CARTESIAN_POINT('',(-2.25,-2.11,0.825));
#5120 = LINE('',#5121,#5122);
#5121 = CARTESIAN_POINT('',(-1.8,-2.11,0.825));
#5122 = VECTOR('',#5123,1.);
#5123 = DIRECTION('',(-1.,1.144237745222E-17,0.));
#5124 = ORIENTED_EDGE('',*,*,#4781,.T.);
#5125 = ORIENTED_EDGE('',*,*,#5126,.T.);
#5126 = EDGE_CURVE('',#4774,#5127,#5129,.T.);
#5127 = VERTEX_POINT('',#5128);
#5128 = CARTESIAN_POINT('',(-2.25,-1.7,0.825));
#5129 = LINE('',#5130,#5131);
#5130 = CARTESIAN_POINT('',(-1.8,-1.7,0.825));
#5131 = VECTOR('',#5132,1.);
#5132 = DIRECTION('',(-1.,1.144237745222E-17,0.));
#5133 = ORIENTED_EDGE('',*,*,#5134,.F.);
#5134 = EDGE_CURVE('',#5118,#5127,#5135,.T.);
#5135 = LINE('',#5136,#5137);
#5136 = CARTESIAN_POINT('',(-2.25,-2.11,0.825));
#5137 = VECTOR('',#5138,1.);
#5138 = DIRECTION('',(1.144237745222E-17,1.,0.));
#5139 = PLANE('',#5140);
#5140 = AXIS2_PLACEMENT_3D('',#5141,#5142,#5143);
#5141 = CARTESIAN_POINT('',(-1.8,-2.11,0.825));
#5142 = DIRECTION('',(0.,0.,1.));
#5143 = DIRECTION('',(-1.,1.144237745222E-17,0.));
#5144 = ADVANCED_FACE('',(#5145),#5170,.F.);
#5145 = FACE_BOUND('',#5146,.F.);
#5146 = EDGE_LOOP('',(#5147,#5155,#5156,#5164));
#5147 = ORIENTED_EDGE('',*,*,#5148,.F.);
#5148 = EDGE_CURVE('',#4774,#5149,#5151,.T.);
#5149 = VERTEX_POINT('',#5150);
#5150 = CARTESIAN_POINT('',(-1.95,-1.7,1.025));
#5151 = LINE('',#5152,#5153);
#5152 = CARTESIAN_POINT('',(-1.95,-1.7,0.786976568901));
#5153 = VECTOR('',#5154,1.);
#5154 = DIRECTION('',(0.,0.,1.));
#5155 = ORIENTED_EDGE('',*,*,#4773,.T.);
#5156 = ORIENTED_EDGE('',*,*,#5157,.T.);
#5157 = EDGE_CURVE('',#4766,#5158,#5160,.T.);
#5158 = VERTEX_POINT('',#5159);
#5159 = CARTESIAN_POINT('',(-1.95,-0.84,1.025));
#5160 = LINE('',#5161,#5162);
#5161 = CARTESIAN_POINT('',(-1.95,-0.84,0.786976568901));
#5162 = VECTOR('',#5163,1.);
#5163 = DIRECTION('',(0.,0.,1.));
#5164 = ORIENTED_EDGE('',*,*,#5165,.F.);
#5165 = EDGE_CURVE('',#5149,#5158,#5166,.T.);
#5166 = LINE('',#5167,#5168);
#5167 = CARTESIAN_POINT('',(-1.95,-2.275,1.025));
#5168 = VECTOR('',#5169,1.);
#5169 = DIRECTION('',(-1.110223024625E-16,1.,0.));
#5170 = PLANE('',#5171);
#5171 = AXIS2_PLACEMENT_3D('',#5172,#5173,#5174);
#5172 = CARTESIAN_POINT('',(-1.95,-2.275,1.025));
#5173 = DIRECTION('',(1.,1.110223024625E-16,0.));
#5174 = DIRECTION('',(-1.110223024625E-16,1.,0.));
#5175 = ADVANCED_FACE('',(#5176),#5201,.F.);
#5176 = FACE_BOUND('',#5177,.F.);
#5177 = EDGE_LOOP('',(#5178,#5186,#5187,#5195));
#5178 = ORIENTED_EDGE('',*,*,#5179,.F.);
#5179 = EDGE_CURVE('',#4766,#5180,#5182,.T.);
#5180 = VERTEX_POINT('',#5181);
#5181 = CARTESIAN_POINT('',(-2.25,-0.84,0.825));
#5182 = LINE('',#5183,#5184);
#5183 = CARTESIAN_POINT('',(-1.8,-0.84,0.825));
#5184 = VECTOR('',#5185,1.);
#5185 = DIRECTION('',(-1.,1.144237745222E-17,0.));
#5186 = ORIENTED_EDGE('',*,*,#4765,.T.);
#5187 = ORIENTED_EDGE('',*,*,#5188,.T.);
#5188 = EDGE_CURVE('',#4758,#5189,#5191,.T.);
#5189 = VERTEX_POINT('',#5190);
#5190 = CARTESIAN_POINT('',(-2.25,-0.43,0.825));
#5191 = LINE('',#5192,#5193);
#5192 = CARTESIAN_POINT('',(-1.8,-0.43,0.825));
#5193 = VECTOR('',#5194,1.);
#5194 = DIRECTION('',(-1.,1.144237745222E-17,0.));
#5195 = ORIENTED_EDGE('',*,*,#5196,.F.);
#5196 = EDGE_CURVE('',#5180,#5189,#5197,.T.);
#5197 = LINE('',#5198,#5199);
#5198 = CARTESIAN_POINT('',(-2.25,-0.84,0.825));
#5199 = VECTOR('',#5200,1.);
#5200 = DIRECTION('',(1.144237745222E-17,1.,0.));
#5201 = PLANE('',#5202);
#5202 = AXIS2_PLACEMENT_3D('',#5203,#5204,#5205);
#5203 = CARTESIAN_POINT('',(-1.8,-0.84,0.825));
#5204 = DIRECTION('',(0.,0.,1.));
#5205 = DIRECTION('',(-1.,1.144237745222E-17,0.));
#5206 = ADVANCED_FACE('',(#5207),#5232,.F.);
#5207 = FACE_BOUND('',#5208,.F.);
#5208 = EDGE_LOOP('',(#5209,#5217,#5218,#5226));
#5209 = ORIENTED_EDGE('',*,*,#5210,.F.);
#5210 = EDGE_CURVE('',#4758,#5211,#5213,.T.);
#5211 = VERTEX_POINT('',#5212);
#5212 = CARTESIAN_POINT('',(-1.95,-0.43,1.025));
#5213 = LINE('',#5214,#5215);
#5214 = CARTESIAN_POINT('',(-1.95,-0.43,0.786976568901));
#5215 = VECTOR('',#5216,1.);
#5216 = DIRECTION('',(0.,0.,1.));
#5217 = ORIENTED_EDGE('',*,*,#4757,.T.);
#5218 = ORIENTED_EDGE('',*,*,#5219,.T.);
#5219 = EDGE_CURVE('',#4750,#5220,#5222,.T.);
#5220 = VERTEX_POINT('',#5221);
#5221 = CARTESIAN_POINT('',(-1.95,0.43,1.025));
#5222 = LINE('',#5223,#5224);
#5223 = CARTESIAN_POINT('',(-1.95,0.43,0.786976568901));
#5224 = VECTOR('',#5225,1.);
#5225 = DIRECTION('',(0.,0.,1.));
#5226 = ORIENTED_EDGE('',*,*,#5227,.F.);
#5227 = EDGE_CURVE('',#5211,#5220,#5228,.T.);
#5228 = LINE('',#5229,#5230);
#5229 = CARTESIAN_POINT('',(-1.95,-2.275,1.025));
#5230 = VECTOR('',#5231,1.);
#5231 = DIRECTION('',(-1.110223024625E-16,1.,0.));
#5232 = PLANE('',#5233);
#5233 = AXIS2_PLACEMENT_3D('',#5234,#5235,#5236);
#5234 = CARTESIAN_POINT('',(-1.95,-2.275,1.025));
#5235 = DIRECTION('',(1.,1.110223024625E-16,0.));
#5236 = DIRECTION('',(-1.110223024625E-16,1.,0.));
#5237 = ADVANCED_FACE('',(#5238),#5263,.F.);
#5238 = FACE_BOUND('',#5239,.F.);
#5239 = EDGE_LOOP('',(#5240,#5248,#5249,#5257));
#5240 = ORIENTED_EDGE('',*,*,#5241,.F.);
#5241 = EDGE_CURVE('',#4750,#5242,#5244,.T.);
#5242 = VERTEX_POINT('',#5243);
#5243 = CARTESIAN_POINT('',(-2.25,0.43,0.825));
#5244 = LINE('',#5245,#5246);
#5245 = CARTESIAN_POINT('',(-1.8,0.43,0.825));
#5246 = VECTOR('',#5247,1.);
#5247 = DIRECTION('',(-1.,1.144237745222E-17,0.));
#5248 = ORIENTED_EDGE('',*,*,#4749,.T.);
#5249 = ORIENTED_EDGE('',*,*,#5250,.T.);
#5250 = EDGE_CURVE('',#4742,#5251,#5253,.T.);
#5251 = VERTEX_POINT('',#5252);
#5252 = CARTESIAN_POINT('',(-2.25,0.84,0.825));
#5253 = LINE('',#5254,#5255);
#5254 = CARTESIAN_POINT('',(-1.8,0.84,0.825));
#5255 = VECTOR('',#5256,1.);
#5256 = DIRECTION('',(-1.,1.144237745222E-17,0.));
#5257 = ORIENTED_EDGE('',*,*,#5258,.F.);
#5258 = EDGE_CURVE('',#5242,#5251,#5259,.T.);
#5259 = LINE('',#5260,#5261);
#5260 = CARTESIAN_POINT('',(-2.25,0.43,0.825));
#5261 = VECTOR('',#5262,1.);
#5262 = DIRECTION('',(1.144237745222E-17,1.,0.));
#5263 = PLANE('',#5264);
#5264 = AXIS2_PLACEMENT_3D('',#5265,#5266,#5267);
#5265 = CARTESIAN_POINT('',(-1.8,0.43,0.825));
#5266 = DIRECTION('',(0.,0.,1.));
#5267 = DIRECTION('',(-1.,1.144237745222E-17,0.));
#5268 = ADVANCED_FACE('',(#5269),#5294,.F.);
#5269 = FACE_BOUND('',#5270,.F.);
#5270 = EDGE_LOOP('',(#5271,#5279,#5280,#5288));
#5271 = ORIENTED_EDGE('',*,*,#5272,.F.);
#5272 = EDGE_CURVE('',#4742,#5273,#5275,.T.);
#5273 = VERTEX_POINT('',#5274);
#5274 = CARTESIAN_POINT('',(-1.95,0.84,1.025));
#5275 = LINE('',#5276,#5277);
#5276 = CARTESIAN_POINT('',(-1.95,0.84,0.786976568901));
#5277 = VECTOR('',#5278,1.);
#5278 = DIRECTION('',(0.,0.,1.));
#5279 = ORIENTED_EDGE('',*,*,#4741,.T.);
#5280 = ORIENTED_EDGE('',*,*,#5281,.T.);
#5281 = EDGE_CURVE('',#4734,#5282,#5284,.T.);
#5282 = VERTEX_POINT('',#5283);
#5283 = CARTESIAN_POINT('',(-1.95,1.7,1.025));
#5284 = LINE('',#5285,#5286);
#5285 = CARTESIAN_POINT('',(-1.95,1.7,0.786976568901));
#5286 = VECTOR('',#5287,1.);
#5287 = DIRECTION('',(0.,0.,1.));
#5288 = ORIENTED_EDGE('',*,*,#5289,.F.);
#5289 = EDGE_CURVE('',#5273,#5282,#5290,.T.);
#5290 = LINE('',#5291,#5292);
#5291 = CARTESIAN_POINT('',(-1.95,-2.275,1.025));
#5292 = VECTOR('',#5293,1.);
#5293 = DIRECTION('',(-1.110223024625E-16,1.,0.));
#5294 = PLANE('',#5295);
#5295 = AXIS2_PLACEMENT_3D('',#5296,#5297,#5298);
#5296 = CARTESIAN_POINT('',(-1.95,-2.275,1.025));
#5297 = DIRECTION('',(1.,1.110223024625E-16,0.));
#5298 = DIRECTION('',(-1.110223024625E-16,1.,0.));
#5299 = ADVANCED_FACE('',(#5300),#5325,.F.);
#5300 = FACE_BOUND('',#5301,.F.);
#5301 = EDGE_LOOP('',(#5302,#5310,#5311,#5319));
#5302 = ORIENTED_EDGE('',*,*,#5303,.F.);
#5303 = EDGE_CURVE('',#4734,#5304,#5306,.T.);
#5304 = VERTEX_POINT('',#5305);
#5305 = CARTESIAN_POINT('',(-2.25,1.7,0.825));
#5306 = LINE('',#5307,#5308);
#5307 = CARTESIAN_POINT('',(-1.8,1.7,0.825));
#5308 = VECTOR('',#5309,1.);
#5309 = DIRECTION('',(-1.,1.144237745222E-17,0.));
#5310 = ORIENTED_EDGE('',*,*,#4733,.T.);
#5311 = ORIENTED_EDGE('',*,*,#5312,.T.);
#5312 = EDGE_CURVE('',#4726,#5313,#5315,.T.);
#5313 = VERTEX_POINT('',#5314);
#5314 = CARTESIAN_POINT('',(-2.25,2.11,0.825));
#5315 = LINE('',#5316,#5317);
#5316 = CARTESIAN_POINT('',(-1.8,2.11,0.825));
#5317 = VECTOR('',#5318,1.);
#5318 = DIRECTION('',(-1.,1.144237745222E-17,0.));
#5319 = ORIENTED_EDGE('',*,*,#5320,.F.);
#5320 = EDGE_CURVE('',#5304,#5313,#5321,.T.);
#5321 = LINE('',#5322,#5323);
#5322 = CARTESIAN_POINT('',(-2.25,1.7,0.825));
#5323 = VECTOR('',#5324,1.);
#5324 = DIRECTION('',(1.144237745222E-17,1.,0.));
#5325 = PLANE('',#5326);
#5326 = AXIS2_PLACEMENT_3D('',#5327,#5328,#5329);
#5327 = CARTESIAN_POINT('',(-1.8,1.7,0.825));
#5328 = DIRECTION('',(0.,0.,1.));
#5329 = DIRECTION('',(-1.,1.144237745222E-17,0.));
#5330 = ADVANCED_FACE('',(#5331),#5342,.F.);
#5331 = FACE_BOUND('',#5332,.F.);
#5332 = EDGE_LOOP('',(#5333,#5339,#5340,#5341));
#5333 = ORIENTED_EDGE('',*,*,#5334,.F.);
#5334 = EDGE_CURVE('',#4726,#5050,#5335,.T.);
#5335 = LINE('',#5336,#5337);
#5336 = CARTESIAN_POINT('',(-1.95,2.11,0.786976568901));
#5337 = VECTOR('',#5338,1.);
#5338 = DIRECTION('',(0.,0.,1.));
#5339 = ORIENTED_EDGE('',*,*,#4725,.T.);
#5340 = ORIENTED_EDGE('',*,*,#5074,.T.);
#5341 = ORIENTED_EDGE('',*,*,#5057,.F.);
#5342 = PLANE('',#5343);
#5343 = AXIS2_PLACEMENT_3D('',#5344,#5345,#5346);
#5344 = CARTESIAN_POINT('',(-1.95,-2.275,1.025));
#5345 = DIRECTION('',(1.,1.110223024625E-16,0.));
#5346 = DIRECTION('',(-1.110223024625E-16,1.,0.));
#5347 = ADVANCED_FACE('',(#5348),#5359,.F.);
#5348 = FACE_BOUND('',#5349,.F.);
#5349 = EDGE_LOOP('',(#5350,#5351,#5352,#5358));
#5350 = ORIENTED_EDGE('',*,*,#4961,.F.);
#5351 = ORIENTED_EDGE('',*,*,#4882,.T.);
#5352 = ORIENTED_EDGE('',*,*,#5353,.T.);
#5353 = EDGE_CURVE('',#4875,#4994,#5354,.T.);
#5354 = LINE('',#5355,#5356);
#5355 = CARTESIAN_POINT('',(1.95,2.11,0.786976568901));
#5356 = VECTOR('',#5357,1.);
#5357 = DIRECTION('',(0.,0.,1.));
#5358 = ORIENTED_EDGE('',*,*,#4993,.F.);
#5359 = PLANE('',#5360);
#5360 = AXIS2_PLACEMENT_3D('',#5361,#5362,#5363);
#5361 = CARTESIAN_POINT('',(1.95,2.275,1.025));
#5362 = DIRECTION('',(-1.,-1.110223024625E-16,0.));
#5363 = DIRECTION('',(1.110223024625E-16,-1.,0.));
#5364 = ADVANCED_FACE('',(#5365),#5390,.F.);
#5365 = FACE_BOUND('',#5366,.F.);
#5366 = EDGE_LOOP('',(#5367,#5375,#5376,#5384));
#5367 = ORIENTED_EDGE('',*,*,#5368,.F.);
#5368 = EDGE_CURVE('',#4875,#5369,#5371,.T.);
#5369 = VERTEX_POINT('',#5370);
#5370 = CARTESIAN_POINT('',(2.25,2.11,0.825));
#5371 = LINE('',#5372,#5373);
#5372 = CARTESIAN_POINT('',(1.8,2.11,0.825));
#5373 = VECTOR('',#5374,1.);
#5374 = DIRECTION('',(1.,1.110223024625E-16,0.));
#5375 = ORIENTED_EDGE('',*,*,#4874,.T.);
#5376 = ORIENTED_EDGE('',*,*,#5377,.T.);
#5377 = EDGE_CURVE('',#4867,#5378,#5380,.T.);
#5378 = VERTEX_POINT('',#5379);
#5379 = CARTESIAN_POINT('',(2.25,1.7,0.825));
#5380 = LINE('',#5381,#5382);
#5381 = CARTESIAN_POINT('',(1.8,1.7,0.825));
#5382 = VECTOR('',#5383,1.);
#5383 = DIRECTION('',(1.,1.110223024625E-16,0.));
#5384 = ORIENTED_EDGE('',*,*,#5385,.F.);
#5385 = EDGE_CURVE('',#5369,#5378,#5386,.T.);
#5386 = LINE('',#5387,#5388);
#5387 = CARTESIAN_POINT('',(2.25,2.11,0.825));
#5388 = VECTOR('',#5389,1.);
#5389 = DIRECTION('',(1.110223024625E-16,-1.,0.));
#5390 = PLANE('',#5391);
#5391 = AXIS2_PLACEMENT_3D('',#5392,#5393,#5394);
#5392 = CARTESIAN_POINT('',(1.8,2.11,0.825));
#5393 = DIRECTION('',(0.,0.,1.));
#5394 = DIRECTION('',(1.,1.110223024625E-16,-0.));
#5395 = ADVANCED_FACE('',(#5396),#5421,.F.);
#5396 = FACE_BOUND('',#5397,.F.);
#5397 = EDGE_LOOP('',(#5398,#5406,#5407,#5415));
#5398 = ORIENTED_EDGE('',*,*,#5399,.F.);
#5399 = EDGE_CURVE('',#4867,#5400,#5402,.T.);
#5400 = VERTEX_POINT('',#5401);
#5401 = CARTESIAN_POINT('',(1.95,1.7,1.025));
#5402 = LINE('',#5403,#5404);
#5403 = CARTESIAN_POINT('',(1.95,1.7,0.786976568901));
#5404 = VECTOR('',#5405,1.);
#5405 = DIRECTION('',(0.,0.,1.));
#5406 = ORIENTED_EDGE('',*,*,#4866,.T.);
#5407 = ORIENTED_EDGE('',*,*,#5408,.T.);
#5408 = EDGE_CURVE('',#4859,#5409,#5411,.T.);
#5409 = VERTEX_POINT('',#5410);
#5410 = CARTESIAN_POINT('',(1.95,0.84,1.025));
#5411 = LINE('',#5412,#5413);
#5412 = CARTESIAN_POINT('',(1.95,0.84,0.786976568901));
#5413 = VECTOR('',#5414,1.);
#5414 = DIRECTION('',(0.,0.,1.));
#5415 = ORIENTED_EDGE('',*,*,#5416,.F.);
#5416 = EDGE_CURVE('',#5400,#5409,#5417,.T.);
#5417 = LINE('',#5418,#5419);
#5418 = CARTESIAN_POINT('',(1.95,2.275,1.025));
#5419 = VECTOR('',#5420,1.);
#5420 = DIRECTION('',(1.110223024625E-16,-1.,0.));
#5421 = PLANE('',#5422);
#5422 = AXIS2_PLACEMENT_3D('',#5423,#5424,#5425);
#5423 = CARTESIAN_POINT('',(1.95,2.275,1.025));
#5424 = DIRECTION('',(-1.,-1.110223024625E-16,0.));
#5425 = DIRECTION('',(1.110223024625E-16,-1.,0.));
#5426 = ADVANCED_FACE('',(#5427),#5452,.F.);
#5427 = FACE_BOUND('',#5428,.F.);
#5428 = EDGE_LOOP('',(#5429,#5437,#5438,#5446));
#5429 = ORIENTED_EDGE('',*,*,#5430,.F.);
#5430 = EDGE_CURVE('',#4859,#5431,#5433,.T.);
#5431 = VERTEX_POINT('',#5432);
#5432 = CARTESIAN_POINT('',(2.25,0.84,0.825));
#5433 = LINE('',#5434,#5435);
#5434 = CARTESIAN_POINT('',(1.8,0.84,0.825));
#5435 = VECTOR('',#5436,1.);
#5436 = DIRECTION('',(1.,1.110223024625E-16,0.));
#5437 = ORIENTED_EDGE('',*,*,#4858,.T.);
#5438 = ORIENTED_EDGE('',*,*,#5439,.T.);
#5439 = EDGE_CURVE('',#4851,#5440,#5442,.T.);
#5440 = VERTEX_POINT('',#5441);
#5441 = CARTESIAN_POINT('',(2.25,0.43,0.825));
#5442 = LINE('',#5443,#5444);
#5443 = CARTESIAN_POINT('',(1.8,0.43,0.825));
#5444 = VECTOR('',#5445,1.);
#5445 = DIRECTION('',(1.,1.110223024625E-16,0.));
#5446 = ORIENTED_EDGE('',*,*,#5447,.F.);
#5447 = EDGE_CURVE('',#5431,#5440,#5448,.T.);
#5448 = LINE('',#5449,#5450);
#5449 = CARTESIAN_POINT('',(2.25,0.84,0.825));
#5450 = VECTOR('',#5451,1.);
#5451 = DIRECTION('',(1.110223024625E-16,-1.,0.));
#5452 = PLANE('',#5453);
#5453 = AXIS2_PLACEMENT_3D('',#5454,#5455,#5456);
#5454 = CARTESIAN_POINT('',(1.8,0.84,0.825));
#5455 = DIRECTION('',(0.,0.,1.));
#5456 = DIRECTION('',(1.,1.110223024625E-16,-0.));
#5457 = ADVANCED_FACE('',(#5458),#5483,.F.);
#5458 = FACE_BOUND('',#5459,.F.);
#5459 = EDGE_LOOP('',(#5460,#5468,#5469,#5477));
#5460 = ORIENTED_EDGE('',*,*,#5461,.F.);
#5461 = EDGE_CURVE('',#4851,#5462,#5464,.T.);
#5462 = VERTEX_POINT('',#5463);
#5463 = CARTESIAN_POINT('',(1.95,0.43,1.025));
#5464 = LINE('',#5465,#5466);
#5465 = CARTESIAN_POINT('',(1.95,0.43,0.786976568901));
#5466 = VECTOR('',#5467,1.);
#5467 = DIRECTION('',(0.,0.,1.));
#5468 = ORIENTED_EDGE('',*,*,#4850,.T.);
#5469 = ORIENTED_EDGE('',*,*,#5470,.T.);
#5470 = EDGE_CURVE('',#4843,#5471,#5473,.T.);
#5471 = VERTEX_POINT('',#5472);
#5472 = CARTESIAN_POINT('',(1.95,-0.43,1.025));
#5473 = LINE('',#5474,#5475);
#5474 = CARTESIAN_POINT('',(1.95,-0.43,0.786976568901));
#5475 = VECTOR('',#5476,1.);
#5476 = DIRECTION('',(0.,0.,1.));
#5477 = ORIENTED_EDGE('',*,*,#5478,.F.);
#5478 = EDGE_CURVE('',#5462,#5471,#5479,.T.);
#5479 = LINE('',#5480,#5481);
#5480 = CARTESIAN_POINT('',(1.95,2.275,1.025));
#5481 = VECTOR('',#5482,1.);
#5482 = DIRECTION('',(1.110223024625E-16,-1.,0.));
#5483 = PLANE('',#5484);
#5484 = AXIS2_PLACEMENT_3D('',#5485,#5486,#5487);
#5485 = CARTESIAN_POINT('',(1.95,2.275,1.025));
#5486 = DIRECTION('',(-1.,-1.110223024625E-16,0.));
#5487 = DIRECTION('',(1.110223024625E-16,-1.,0.));
#5488 = ADVANCED_FACE('',(#5489),#5514,.F.);
#5489 = FACE_BOUND('',#5490,.F.);
#5490 = EDGE_LOOP('',(#5491,#5499,#5500,#5508));
#5491 = ORIENTED_EDGE('',*,*,#5492,.F.);
#5492 = EDGE_CURVE('',#4843,#5493,#5495,.T.);
#5493 = VERTEX_POINT('',#5494);
#5494 = CARTESIAN_POINT('',(2.25,-0.43,0.825));
#5495 = LINE('',#5496,#5497);
#5496 = CARTESIAN_POINT('',(1.8,-0.43,0.825));
#5497 = VECTOR('',#5498,1.);
#5498 = DIRECTION('',(1.,1.110223024625E-16,0.));
#5499 = ORIENTED_EDGE('',*,*,#4842,.T.);
#5500 = ORIENTED_EDGE('',*,*,#5501,.T.);
#5501 = EDGE_CURVE('',#4835,#5502,#5504,.T.);
#5502 = VERTEX_POINT('',#5503);
#5503 = CARTESIAN_POINT('',(2.25,-0.84,0.825));
#5504 = LINE('',#5505,#5506);
#5505 = CARTESIAN_POINT('',(1.8,-0.84,0.825));
#5506 = VECTOR('',#5507,1.);
#5507 = DIRECTION('',(1.,1.110223024625E-16,0.));
#5508 = ORIENTED_EDGE('',*,*,#5509,.F.);
#5509 = EDGE_CURVE('',#5493,#5502,#5510,.T.);
#5510 = LINE('',#5511,#5512);
#5511 = CARTESIAN_POINT('',(2.25,-0.43,0.825));
#5512 = VECTOR('',#5513,1.);
#5513 = DIRECTION('',(1.110223024625E-16,-1.,0.));
#5514 = PLANE('',#5515);
#5515 = AXIS2_PLACEMENT_3D('',#5516,#5517,#5518);
#5516 = CARTESIAN_POINT('',(1.8,-0.43,0.825));
#5517 = DIRECTION('',(0.,0.,1.));
#5518 = DIRECTION('',(1.,1.110223024625E-16,-0.));
#5519 = ADVANCED_FACE('',(#5520),#5545,.F.);
#5520 = FACE_BOUND('',#5521,.F.);
#5521 = EDGE_LOOP('',(#5522,#5530,#5531,#5539));
#5522 = ORIENTED_EDGE('',*,*,#5523,.F.);
#5523 = EDGE_CURVE('',#4835,#5524,#5526,.T.);
#5524 = VERTEX_POINT('',#5525);
#5525 = CARTESIAN_POINT('',(1.95,-0.84,1.025));
#5526 = LINE('',#5527,#5528);
#5527 = CARTESIAN_POINT('',(1.95,-0.84,0.786976568901));
#5528 = VECTOR('',#5529,1.);
#5529 = DIRECTION('',(0.,0.,1.));
#5530 = ORIENTED_EDGE('',*,*,#4834,.T.);
#5531 = ORIENTED_EDGE('',*,*,#5532,.T.);
#5532 = EDGE_CURVE('',#4827,#5533,#5535,.T.);
#5533 = VERTEX_POINT('',#5534);
#5534 = CARTESIAN_POINT('',(1.95,-1.7,1.025));
#5535 = LINE('',#5536,#5537);
#5536 = CARTESIAN_POINT('',(1.95,-1.7,0.786976568901));
#5537 = VECTOR('',#5538,1.);
#5538 = DIRECTION('',(0.,0.,1.));
#5539 = ORIENTED_EDGE('',*,*,#5540,.F.);
#5540 = EDGE_CURVE('',#5524,#5533,#5541,.T.);
#5541 = LINE('',#5542,#5543);
#5542 = CARTESIAN_POINT('',(1.95,2.275,1.025));
#5543 = VECTOR('',#5544,1.);
#5544 = DIRECTION('',(1.110223024625E-16,-1.,0.));
#5545 = PLANE('',#5546);
#5546 = AXIS2_PLACEMENT_3D('',#5547,#5548,#5549);
#5547 = CARTESIAN_POINT('',(1.95,2.275,1.025));
#5548 = DIRECTION('',(-1.,-1.110223024625E-16,0.));
#5549 = DIRECTION('',(1.110223024625E-16,-1.,0.));
#5550 = ADVANCED_FACE('',(#5551),#5576,.F.);
#5551 = FACE_BOUND('',#5552,.F.);
#5552 = EDGE_LOOP('',(#5553,#5561,#5562,#5570));
#5553 = ORIENTED_EDGE('',*,*,#5554,.F.);
#5554 = EDGE_CURVE('',#4827,#5555,#5557,.T.);
#5555 = VERTEX_POINT('',#5556);
#5556 = CARTESIAN_POINT('',(2.25,-1.7,0.825));
#5557 = LINE('',#5558,#5559);
#5558 = CARTESIAN_POINT('',(1.8,-1.7,0.825));
#5559 = VECTOR('',#5560,1.);
#5560 = DIRECTION('',(1.,1.110223024625E-16,0.));
#5561 = ORIENTED_EDGE('',*,*,#4826,.T.);
#5562 = ORIENTED_EDGE('',*,*,#5563,.T.);
#5563 = EDGE_CURVE('',#4819,#5564,#5566,.T.);
#5564 = VERTEX_POINT('',#5565);
#5565 = CARTESIAN_POINT('',(2.25,-2.11,0.825));
#5566 = LINE('',#5567,#5568);
#5567 = CARTESIAN_POINT('',(1.8,-2.11,0.825));
#5568 = VECTOR('',#5569,1.);
#5569 = DIRECTION('',(1.,1.110223024625E-16,0.));
#5570 = ORIENTED_EDGE('',*,*,#5571,.F.);
#5571 = EDGE_CURVE('',#5555,#5564,#5572,.T.);
#5572 = LINE('',#5573,#5574);
#5573 = CARTESIAN_POINT('',(2.25,-1.7,0.825));
#5574 = VECTOR('',#5575,1.);
#5575 = DIRECTION('',(1.110223024625E-16,-1.,0.));
#5576 = PLANE('',#5577);
#5577 = AXIS2_PLACEMENT_3D('',#5578,#5579,#5580);
#5578 = CARTESIAN_POINT('',(1.8,-1.7,0.825));
#5579 = DIRECTION('',(0.,0.,1.));
#5580 = DIRECTION('',(1.,1.110223024625E-16,-0.));
#5581 = ADVANCED_FACE('',(#5582),#5606,.F.);
#5582 = FACE_BOUND('',#5583,.F.);
#5583 = EDGE_LOOP('',(#5584,#5592,#5593,#5600));
#5584 = ORIENTED_EDGE('',*,*,#5585,.F.);
#5585 = EDGE_CURVE('',#4819,#5586,#5588,.T.);
#5586 = VERTEX_POINT('',#5587);
#5587 = CARTESIAN_POINT('',(1.95,-2.11,1.025));
#5588 = LINE('',#5589,#5590);
#5589 = CARTESIAN_POINT('',(1.95,-2.11,0.786976568901));
#5590 = VECTOR('',#5591,1.);
#5591 = DIRECTION('',(0.,0.,1.));
#5592 = ORIENTED_EDGE('',*,*,#4818,.T.);
#5593 = ORIENTED_EDGE('',*,*,#5594,.T.);
#5594 = EDGE_CURVE('',#4812,#5595,#5597,.T.);
#5595 = VERTEX_POINT('',#5596);
#5596 = CARTESIAN_POINT('',(1.95,-2.275,1.025));
#5597 = B_SPLINE_CURVE_WITH_KNOTS('',1,(#5598,#5599),.UNSPECIFIED.,.F.,
  .F.,(2,2),(0.,1.),.PIECEWISE_BEZIER_KNOTS.);
#5598 = CARTESIAN_POINT('',(1.95,-2.275,0.825));
#5599 = CARTESIAN_POINT('',(1.95,-2.275,1.025));
#5600 = ORIENTED_EDGE('',*,*,#5601,.F.);
#5601 = EDGE_CURVE('',#5586,#5595,#5602,.T.);
#5602 = LINE('',#5603,#5604);
#5603 = CARTESIAN_POINT('',(1.95,2.275,1.025));
#5604 = VECTOR('',#5605,1.);
#5605 = DIRECTION('',(1.110223024625E-16,-1.,0.));
#5606 = PLANE('',#5607);
#5607 = AXIS2_PLACEMENT_3D('',#5608,#5609,#5610);
#5608 = CARTESIAN_POINT('',(1.95,2.275,1.025));
#5609 = DIRECTION('',(-1.,-1.110223024625E-16,0.));
#5610 = DIRECTION('',(1.110223024625E-16,-1.,0.));
#5611 = ADVANCED_FACE('',(#5612),#5629,.F.);
#5612 = FACE_BOUND('',#5613,.F.);
#5613 = EDGE_LOOP('',(#5614,#5615,#5616,#5624));
#5614 = ORIENTED_EDGE('',*,*,#4899,.T.);
#5615 = ORIENTED_EDGE('',*,*,#5087,.T.);
#5616 = ORIENTED_EDGE('',*,*,#5617,.F.);
#5617 = EDGE_CURVE('',#5618,#5088,#5620,.T.);
#5618 = VERTEX_POINT('',#5619);
#5619 = CARTESIAN_POINT('',(-1.775,-2.45,1.025));
#5620 = LINE('',#5621,#5622);
#5621 = CARTESIAN_POINT('',(-1.775,-2.45,1.025));
#5622 = VECTOR('',#5623,1.);
#5623 = DIRECTION('',(-0.707106781187,0.707106781187,0.));
#5624 = ORIENTED_EDGE('',*,*,#5625,.F.);
#5625 = EDGE_CURVE('',#4900,#5618,#5626,.T.);
#5626 = B_SPLINE_CURVE_WITH_KNOTS('',1,(#5627,#5628),.UNSPECIFIED.,.F.,
  .F.,(2,2),(0.,1.),.PIECEWISE_BEZIER_KNOTS.);
#5627 = CARTESIAN_POINT('',(-1.775,-2.45,0.825));
#5628 = CARTESIAN_POINT('',(-1.775,-2.45,1.025));
#5629 = PLANE('',#5630);
#5630 = AXIS2_PLACEMENT_3D('',#5631,#5632,#5633);
#5631 = CARTESIAN_POINT('',(-1.775,-2.45,1.025));
#5632 = DIRECTION('',(0.707106781187,0.707106781187,0.));
#5633 = DIRECTION('',(-0.707106781187,0.707106781187,0.));
#5634 = ADVANCED_FACE('',(#5635),#5652,.F.);
#5635 = FACE_BOUND('',#5636,.F.);
#5636 = EDGE_LOOP('',(#5637,#5638,#5645,#5651));
#5637 = ORIENTED_EDGE('',*,*,#4928,.T.);
#5638 = ORIENTED_EDGE('',*,*,#5639,.T.);
#5639 = EDGE_CURVE('',#4922,#5640,#5642,.T.);
#5640 = VERTEX_POINT('',#5641);
#5641 = CARTESIAN_POINT('',(1.775,-2.45,1.025));
#5642 = B_SPLINE_CURVE_WITH_KNOTS('',1,(#5643,#5644),.UNSPECIFIED.,.F.,
  .F.,(2,2),(0.,1.),.PIECEWISE_BEZIER_KNOTS.);
#5643 = CARTESIAN_POINT('',(1.775,-2.45,0.825));
#5644 = CARTESIAN_POINT('',(1.775,-2.45,1.025));
#5645 = ORIENTED_EDGE('',*,*,#5646,.F.);
#5646 = EDGE_CURVE('',#5595,#5640,#5647,.T.);
#5647 = LINE('',#5648,#5649);
#5648 = CARTESIAN_POINT('',(1.95,-2.275,1.025));
#5649 = VECTOR('',#5650,1.);
#5650 = DIRECTION('',(-0.707106781187,-0.707106781187,0.));
#5651 = ORIENTED_EDGE('',*,*,#5594,.F.);
#5652 = PLANE('',#5653);
#5653 = AXIS2_PLACEMENT_3D('',#5654,#5655,#5656);
#5654 = CARTESIAN_POINT('',(1.95,-2.275,1.025));
#5655 = DIRECTION('',(-0.707106781187,0.707106781187,0.));
#5656 = DIRECTION('',(-0.707106781187,-0.707106781187,0.));
#5657 = ADVANCED_FACE('',(#5658),#5669,.F.);
#5658 = FACE_BOUND('',#5659,.F.);
#5659 = EDGE_LOOP('',(#5660,#5661,#5662,#5668));
#5660 = ORIENTED_EDGE('',*,*,#4945,.T.);
#5661 = ORIENTED_EDGE('',*,*,#5625,.T.);
#5662 = ORIENTED_EDGE('',*,*,#5663,.F.);
#5663 = EDGE_CURVE('',#5640,#5618,#5664,.T.);
#5664 = LINE('',#5665,#5666);
#5665 = CARTESIAN_POINT('',(1.775,-2.45,1.025));
#5666 = VECTOR('',#5667,1.);
#5667 = DIRECTION('',(-1.,-1.110223024625E-16,0.));
#5668 = ORIENTED_EDGE('',*,*,#5639,.F.);
#5669 = PLANE('',#5670);
#5670 = AXIS2_PLACEMENT_3D('',#5671,#5672,#5673);
#5671 = CARTESIAN_POINT('',(1.775,-2.45,1.025));
#5672 = DIRECTION('',(-1.110223024625E-16,1.,0.));
#5673 = DIRECTION('',(-1.,-1.110223024625E-16,0.));
#5674 = ADVANCED_FACE('',(#5675),#5714,.F.);
#5675 = FACE_BOUND('',#5676,.F.);
#5676 = EDGE_LOOP('',(#5677,#5685,#5693,#5699,#5700,#5708));
#5677 = ORIENTED_EDGE('',*,*,#5678,.F.);
#5678 = EDGE_CURVE('',#5679,#5282,#5681,.T.);
#5679 = VERTEX_POINT('',#5680);
#5680 = CARTESIAN_POINT('',(-2.25,1.7,1.025));
#5681 = LINE('',#5682,#5683);
#5682 = CARTESIAN_POINT('',(-2.25,1.7,1.025));
#5683 = VECTOR('',#5684,1.);
#5684 = DIRECTION('',(1.,-1.144237745222E-17,0.));
#5685 = ORIENTED_EDGE('',*,*,#5686,.T.);
#5686 = EDGE_CURVE('',#5679,#5687,#5689,.T.);
#5687 = VERTEX_POINT('',#5688);
#5688 = CARTESIAN_POINT('',(-2.25,2.11,1.025));
#5689 = LINE('',#5690,#5691);
#5690 = CARTESIAN_POINT('',(-2.25,1.7,1.025));
#5691 = VECTOR('',#5692,1.);
#5692 = DIRECTION('',(1.144237745222E-17,1.,0.));
#5693 = ORIENTED_EDGE('',*,*,#5694,.T.);
#5694 = EDGE_CURVE('',#5687,#5050,#5695,.T.);
#5695 = LINE('',#5696,#5697);
#5696 = CARTESIAN_POINT('',(-2.25,2.11,1.025));
#5697 = VECTOR('',#5698,1.);
#5698 = DIRECTION('',(1.,-1.144237745222E-17,0.));
#5699 = ORIENTED_EDGE('',*,*,#5049,.T.);
#5700 = ORIENTED_EDGE('',*,*,#5701,.F.);
#5701 = EDGE_CURVE('',#5702,#5042,#5704,.T.);
#5702 = VERTEX_POINT('',#5703);
#5703 = CARTESIAN_POINT('',(-1.875,1.7,1.025));
#5704 = LINE('',#5705,#5706);
#5705 = CARTESIAN_POINT('',(-1.875,-2.2375,1.025));
#5706 = VECTOR('',#5707,1.);
#5707 = DIRECTION('',(-1.110223024625E-16,1.,0.));
#5708 = ORIENTED_EDGE('',*,*,#5709,.F.);
#5709 = EDGE_CURVE('',#5282,#5702,#5710,.T.);
#5710 = LINE('',#5711,#5712);
#5711 = CARTESIAN_POINT('',(-2.25,1.7,1.025));
#5712 = VECTOR('',#5713,1.);
#5713 = DIRECTION('',(1.,-1.144237745222E-17,0.));
#5714 = PLANE('',#5715);
#5715 = AXIS2_PLACEMENT_3D('',#5716,#5717,#5718);
#5716 = CARTESIAN_POINT('',(-2.25,1.7,1.025));
#5717 = DIRECTION('',(0.,0.,-1.));
#5718 = DIRECTION('',(1.,-1.144237745222E-17,0.));
#5719 = ADVANCED_FACE('',(#5720),#5800,.F.);
#5720 = FACE_BOUND('',#5721,.F.);
#5721 = EDGE_LOOP('',(#5722,#5732,#5740,#5748,#5756,#5764,#5772,#5778,
    #5779,#5780,#5787,#5795));
#5722 = ORIENTED_EDGE('',*,*,#5723,.T.);
#5723 = EDGE_CURVE('',#5724,#5726,#5728,.T.);
#5724 = VERTEX_POINT('',#5725);
#5725 = CARTESIAN_POINT('',(-1.875,-2.2375,1.025));
#5726 = VERTEX_POINT('',#5727);
#5727 = CARTESIAN_POINT('',(-1.875,-2.11,1.025));
#5728 = LINE('',#5729,#5730);
#5729 = CARTESIAN_POINT('',(-1.875,-2.2375,1.025));
#5730 = VECTOR('',#5731,1.);
#5731 = DIRECTION('',(-1.110223024625E-16,1.,0.));
#5732 = ORIENTED_EDGE('',*,*,#5733,.T.);
#5733 = EDGE_CURVE('',#5726,#5734,#5736,.T.);
#5734 = VERTEX_POINT('',#5735);
#5735 = CARTESIAN_POINT('',(-1.875,-1.7,1.025));
#5736 = LINE('',#5737,#5738);
#5737 = CARTESIAN_POINT('',(-1.875,-2.2375,1.025));
#5738 = VECTOR('',#5739,1.);
#5739 = DIRECTION('',(-1.110223024625E-16,1.,0.));
#5740 = ORIENTED_EDGE('',*,*,#5741,.T.);
#5741 = EDGE_CURVE('',#5734,#5742,#5744,.T.);
#5742 = VERTEX_POINT('',#5743);
#5743 = CARTESIAN_POINT('',(-1.875,-0.84,1.025));
#5744 = LINE('',#5745,#5746);
#5745 = CARTESIAN_POINT('',(-1.875,-2.2375,1.025));
#5746 = VECTOR('',#5747,1.);
#5747 = DIRECTION('',(-1.110223024625E-16,1.,0.));
#5748 = ORIENTED_EDGE('',*,*,#5749,.T.);
#5749 = EDGE_CURVE('',#5742,#5750,#5752,.T.);
#5750 = VERTEX_POINT('',#5751);
#5751 = CARTESIAN_POINT('',(-1.875,-0.43,1.025));
#5752 = LINE('',#5753,#5754);
#5753 = CARTESIAN_POINT('',(-1.875,-2.2375,1.025));
#5754 = VECTOR('',#5755,1.);
#5755 = DIRECTION('',(-1.110223024625E-16,1.,0.));
#5756 = ORIENTED_EDGE('',*,*,#5757,.T.);
#5757 = EDGE_CURVE('',#5750,#5758,#5760,.T.);
#5758 = VERTEX_POINT('',#5759);
#5759 = CARTESIAN_POINT('',(-1.875,0.43,1.025));
#5760 = LINE('',#5761,#5762);
#5761 = CARTESIAN_POINT('',(-1.875,-2.2375,1.025));
#5762 = VECTOR('',#5763,1.);
#5763 = DIRECTION('',(-1.110223024625E-16,1.,0.));
#5764 = ORIENTED_EDGE('',*,*,#5765,.T.);
#5765 = EDGE_CURVE('',#5758,#5766,#5768,.T.);
#5766 = VERTEX_POINT('',#5767);
#5767 = CARTESIAN_POINT('',(-1.875,0.84,1.025));
#5768 = LINE('',#5769,#5770);
#5769 = CARTESIAN_POINT('',(-1.875,-2.2375,1.025));
#5770 = VECTOR('',#5771,1.);
#5771 = DIRECTION('',(-1.110223024625E-16,1.,0.));
#5772 = ORIENTED_EDGE('',*,*,#5773,.T.);
#5773 = EDGE_CURVE('',#5766,#5702,#5774,.T.);
#5774 = LINE('',#5775,#5776);
#5775 = CARTESIAN_POINT('',(-1.875,-2.2375,1.025));
#5776 = VECTOR('',#5777,1.);
#5777 = DIRECTION('',(-1.110223024625E-16,1.,0.));
#5778 = ORIENTED_EDGE('',*,*,#5701,.T.);
#5779 = ORIENTED_EDGE('',*,*,#5041,.T.);
#5780 = ORIENTED_EDGE('',*,*,#5781,.T.);
#5781 = EDGE_CURVE('',#5034,#5782,#5784,.T.);
#5782 = VERTEX_POINT('',#5783);
#5783 = CARTESIAN_POINT('',(-1.760171280765,2.180085640382,1.75));
#5784 = B_SPLINE_CURVE_WITH_KNOTS('',1,(#5785,#5786),.UNSPECIFIED.,.F.,
  .F.,(2,2),(0.,1.),.PIECEWISE_BEZIER_KNOTS.);
#5785 = CARTESIAN_POINT('',(-1.875,2.2375,1.025));
#5786 = CARTESIAN_POINT('',(-1.760171280765,2.180085640382,1.75));
#5787 = ORIENTED_EDGE('',*,*,#5788,.F.);
#5788 = EDGE_CURVE('',#5789,#5782,#5791,.T.);
#5789 = VERTEX_POINT('',#5790);
#5790 = CARTESIAN_POINT('',(-1.760171280765,-2.180085640382,1.75));
#5791 = LINE('',#5792,#5793);
#5792 = CARTESIAN_POINT('',(-1.760171280765,-2.180085640382,1.75));
#5793 = VECTOR('',#5794,1.);
#5794 = DIRECTION('',(-1.110223024625E-16,1.,0.));
#5795 = ORIENTED_EDGE('',*,*,#5796,.F.);
#5796 = EDGE_CURVE('',#5724,#5789,#5797,.T.);
#5797 = B_SPLINE_CURVE_WITH_KNOTS('',1,(#5798,#5799),.UNSPECIFIED.,.F.,
  .F.,(2,2),(0.,1.),.PIECEWISE_BEZIER_KNOTS.);
#5798 = CARTESIAN_POINT('',(-1.875,-2.2375,1.025));
#5799 = CARTESIAN_POINT('',(-1.760171280765,-2.180085640382,1.75));
#5800 = B_SPLINE_SURFACE_WITH_KNOTS('',1,1,(
    (#5801,#5802)
    ,(#5803,#5804
    )),.UNSPECIFIED.,.F.,.F.,.F.,(2,2),(2,2),(0.,4.475),(0.,1.),
  .PIECEWISE_BEZIER_KNOTS.);
#5801 = CARTESIAN_POINT('',(-1.875,-2.2375,1.025));
#5802 = CARTESIAN_POINT('',(-1.760171280765,-2.180085640382,1.75));
#5803 = CARTESIAN_POINT('',(-1.875,2.2375,1.025));
#5804 = CARTESIAN_POINT('',(-1.760171280765,2.180085640382,1.75));
#5805 = ADVANCED_FACE('',(#5806),#5823,.F.);
#5806 = FACE_BOUND('',#5807,.F.);
#5807 = EDGE_LOOP('',(#5808,#5809,#5816,#5822));
#5808 = ORIENTED_EDGE('',*,*,#5033,.T.);
#5809 = ORIENTED_EDGE('',*,*,#5810,.T.);
#5810 = EDGE_CURVE('',#5026,#5811,#5813,.T.);
#5811 = VERTEX_POINT('',#5812);
#5812 = CARTESIAN_POINT('',(-1.680085640382,2.260171280765,1.75));
#5813 = B_SPLINE_CURVE_WITH_KNOTS('',1,(#5814,#5815),.UNSPECIFIED.,.F.,
  .F.,(2,2),(0.,1.),.PIECEWISE_BEZIER_KNOTS.);
#5814 = CARTESIAN_POINT('',(-1.7375,2.375,1.025));
#5815 = CARTESIAN_POINT('',(-1.680085640382,2.260171280765,1.75));
#5816 = ORIENTED_EDGE('',*,*,#5817,.F.);
#5817 = EDGE_CURVE('',#5782,#5811,#5818,.T.);
#5818 = LINE('',#5819,#5820);
#5819 = CARTESIAN_POINT('',(-1.760171280765,2.180085640382,1.75));
#5820 = VECTOR('',#5821,1.);
#5821 = DIRECTION('',(0.707106781187,0.707106781187,0.));
#5822 = ORIENTED_EDGE('',*,*,#5781,.F.);
#5823 = B_SPLINE_SURFACE_WITH_KNOTS('',1,1,(
    (#5824,#5825)
    ,(#5826,#5827
    )),.UNSPECIFIED.,.F.,.F.,.F.,(2,2),(2,2),(0.,0.194454364826),(0.,1.)
  ,.PIECEWISE_BEZIER_KNOTS.);
#5824 = CARTESIAN_POINT('',(-1.875,2.2375,1.025));
#5825 = CARTESIAN_POINT('',(-1.760171280765,2.180085640382,1.75));
#5826 = CARTESIAN_POINT('',(-1.7375,2.375,1.025));
#5827 = CARTESIAN_POINT('',(-1.680085640382,2.260171280765,1.75));
#5828 = ADVANCED_FACE('',(#5829),#5846,.F.);
#5829 = FACE_BOUND('',#5830,.F.);
#5830 = EDGE_LOOP('',(#5831,#5832,#5839,#5845));
#5831 = ORIENTED_EDGE('',*,*,#5025,.T.);
#5832 = ORIENTED_EDGE('',*,*,#5833,.T.);
#5833 = EDGE_CURVE('',#5018,#5834,#5836,.T.);
#5834 = VERTEX_POINT('',#5835);
#5835 = CARTESIAN_POINT('',(1.680085640382,2.260171280765,1.75));
#5836 = B_SPLINE_CURVE_WITH_KNOTS('',1,(#5837,#5838),.UNSPECIFIED.,.F.,
  .F.,(2,2),(0.,1.),.PIECEWISE_BEZIER_KNOTS.);
#5837 = CARTESIAN_POINT('',(1.7375,2.375,1.025));
#5838 = CARTESIAN_POINT('',(1.680085640382,2.260171280765,1.75));
#5839 = ORIENTED_EDGE('',*,*,#5840,.F.);
#5840 = EDGE_CURVE('',#5811,#5834,#5841,.T.);
#5841 = LINE('',#5842,#5843);
#5842 = CARTESIAN_POINT('',(-1.680085640382,2.260171280765,1.75));
#5843 = VECTOR('',#5844,1.);
#5844 = DIRECTION('',(1.,1.110223024625E-16,0.));
#5845 = ORIENTED_EDGE('',*,*,#5810,.F.);
#5846 = B_SPLINE_SURFACE_WITH_KNOTS('',1,1,(
    (#5847,#5848)
    ,(#5849,#5850
    )),.UNSPECIFIED.,.F.,.F.,.F.,(2,2),(2,2),(0.,3.475),(0.,1.),
  .PIECEWISE_BEZIER_KNOTS.);
#5847 = CARTESIAN_POINT('',(-1.7375,2.375,1.025));
#5848 = CARTESIAN_POINT('',(-1.680085640382,2.260171280765,1.75));
#5849 = CARTESIAN_POINT('',(1.7375,2.375,1.025));
#5850 = CARTESIAN_POINT('',(1.680085640382,2.260171280765,1.75));
#5851 = ADVANCED_FACE('',(#5852),#5869,.F.);
#5852 = FACE_BOUND('',#5853,.F.);
#5853 = EDGE_LOOP('',(#5854,#5855,#5862,#5868));
#5854 = ORIENTED_EDGE('',*,*,#5017,.T.);
#5855 = ORIENTED_EDGE('',*,*,#5856,.T.);
#5856 = EDGE_CURVE('',#5010,#5857,#5859,.T.);
#5857 = VERTEX_POINT('',#5858);
#5858 = CARTESIAN_POINT('',(1.760171280765,2.180085640382,1.75));
#5859 = B_SPLINE_CURVE_WITH_KNOTS('',1,(#5860,#5861),.UNSPECIFIED.,.F.,
  .F.,(2,2),(0.,1.),.PIECEWISE_BEZIER_KNOTS.);
#5860 = CARTESIAN_POINT('',(1.875,2.2375,1.025));
#5861 = CARTESIAN_POINT('',(1.760171280765,2.180085640382,1.75));
#5862 = ORIENTED_EDGE('',*,*,#5863,.F.);
#5863 = EDGE_CURVE('',#5834,#5857,#5864,.T.);
#5864 = LINE('',#5865,#5866);
#5865 = CARTESIAN_POINT('',(1.680085640382,2.260171280765,1.75));
#5866 = VECTOR('',#5867,1.);
#5867 = DIRECTION('',(0.707106781187,-0.707106781187,0.));
#5868 = ORIENTED_EDGE('',*,*,#5833,.F.);
#5869 = B_SPLINE_SURFACE_WITH_KNOTS('',1,1,(
    (#5870,#5871)
    ,(#5872,#5873
    )),.UNSPECIFIED.,.F.,.F.,.F.,(2,2),(2,2),(0.,0.194454364826),(0.,1.)
  ,.PIECEWISE_BEZIER_KNOTS.);
#5870 = CARTESIAN_POINT('',(1.7375,2.375,1.025));
#5871 = CARTESIAN_POINT('',(1.680085640382,2.260171280765,1.75));
#5872 = CARTESIAN_POINT('',(1.875,2.2375,1.025));
#5873 = CARTESIAN_POINT('',(1.760171280765,2.180085640382,1.75));
#5874 = ADVANCED_FACE('',(#5875),#5956,.F.);
#5875 = FACE_BOUND('',#5876,.F.);
#5876 = EDGE_LOOP('',(#5877,#5878,#5886,#5894,#5902,#5910,#5918,#5926,
    #5934,#5942,#5949,#5955));
#5877 = ORIENTED_EDGE('',*,*,#5009,.T.);
#5878 = ORIENTED_EDGE('',*,*,#5879,.T.);
#5879 = EDGE_CURVE('',#5002,#5880,#5882,.T.);
#5880 = VERTEX_POINT('',#5881);
#5881 = CARTESIAN_POINT('',(1.875,1.7,1.025));
#5882 = LINE('',#5883,#5884);
#5883 = CARTESIAN_POINT('',(1.875,2.2375,1.025));
#5884 = VECTOR('',#5885,1.);
#5885 = DIRECTION('',(1.110223024625E-16,-1.,0.));
#5886 = ORIENTED_EDGE('',*,*,#5887,.T.);
#5887 = EDGE_CURVE('',#5880,#5888,#5890,.T.);
#5888 = VERTEX_POINT('',#5889);
#5889 = CARTESIAN_POINT('',(1.875,0.84,1.025));
#5890 = LINE('',#5891,#5892);
#5891 = CARTESIAN_POINT('',(1.875,2.2375,1.025));
#5892 = VECTOR('',#5893,1.);
#5893 = DIRECTION('',(1.110223024625E-16,-1.,0.));
#5894 = ORIENTED_EDGE('',*,*,#5895,.T.);
#5895 = EDGE_CURVE('',#5888,#5896,#5898,.T.);
#5896 = VERTEX_POINT('',#5897);
#5897 = CARTESIAN_POINT('',(1.875,0.43,1.025));
#5898 = LINE('',#5899,#5900);
#5899 = CARTESIAN_POINT('',(1.875,2.2375,1.025));
#5900 = VECTOR('',#5901,1.);
#5901 = DIRECTION('',(1.110223024625E-16,-1.,0.));
#5902 = ORIENTED_EDGE('',*,*,#5903,.T.);
#5903 = EDGE_CURVE('',#5896,#5904,#5906,.T.);
#5904 = VERTEX_POINT('',#5905);
#5905 = CARTESIAN_POINT('',(1.875,-0.43,1.025));
#5906 = LINE('',#5907,#5908);
#5907 = CARTESIAN_POINT('',(1.875,2.2375,1.025));
#5908 = VECTOR('',#5909,1.);
#5909 = DIRECTION('',(1.110223024625E-16,-1.,0.));
#5910 = ORIENTED_EDGE('',*,*,#5911,.T.);
#5911 = EDGE_CURVE('',#5904,#5912,#5914,.T.);
#5912 = VERTEX_POINT('',#5913);
#5913 = CARTESIAN_POINT('',(1.875,-0.84,1.025));
#5914 = LINE('',#5915,#5916);
#5915 = CARTESIAN_POINT('',(1.875,2.2375,1.025));
#5916 = VECTOR('',#5917,1.);
#5917 = DIRECTION('',(1.110223024625E-16,-1.,0.));
#5918 = ORIENTED_EDGE('',*,*,#5919,.T.);
#5919 = EDGE_CURVE('',#5912,#5920,#5922,.T.);
#5920 = VERTEX_POINT('',#5921);
#5921 = CARTESIAN_POINT('',(1.875,-1.7,1.025));
#5922 = LINE('',#5923,#5924);
#5923 = CARTESIAN_POINT('',(1.875,2.2375,1.025));
#5924 = VECTOR('',#5925,1.);
#5925 = DIRECTION('',(1.110223024625E-16,-1.,0.));
#5926 = ORIENTED_EDGE('',*,*,#5927,.T.);
#5927 = EDGE_CURVE('',#5920,#5928,#5930,.T.);
#5928 = VERTEX_POINT('',#5929);
#5929 = CARTESIAN_POINT('',(1.875,-2.11,1.025));
#5930 = LINE('',#5931,#5932);
#5931 = CARTESIAN_POINT('',(1.875,2.2375,1.025));
#5932 = VECTOR('',#5933,1.);
#5933 = DIRECTION('',(1.110223024625E-16,-1.,0.));
#5934 = ORIENTED_EDGE('',*,*,#5935,.T.);
#5935 = EDGE_CURVE('',#5928,#5936,#5938,.T.);
#5936 = VERTEX_POINT('',#5937);
#5937 = CARTESIAN_POINT('',(1.875,-2.2375,1.025));
#5938 = LINE('',#5939,#5940);
#5939 = CARTESIAN_POINT('',(1.875,2.2375,1.025));
#5940 = VECTOR('',#5941,1.);
#5941 = DIRECTION('',(1.110223024625E-16,-1.,0.));
#5942 = ORIENTED_EDGE('',*,*,#5943,.T.);
#5943 = EDGE_CURVE('',#5936,#5944,#5946,.T.);
#5944 = VERTEX_POINT('',#5945);
#5945 = CARTESIAN_POINT('',(1.760171280765,-2.180085640382,1.75));
#5946 = B_SPLINE_CURVE_WITH_KNOTS('',1,(#5947,#5948),.UNSPECIFIED.,.F.,
  .F.,(2,2),(0.,1.),.PIECEWISE_BEZIER_KNOTS.);
#5947 = CARTESIAN_POINT('',(1.875,-2.2375,1.025));
#5948 = CARTESIAN_POINT('',(1.760171280765,-2.180085640382,1.75));
#5949 = ORIENTED_EDGE('',*,*,#5950,.F.);
#5950 = EDGE_CURVE('',#5857,#5944,#5951,.T.);
#5951 = LINE('',#5952,#5953);
#5952 = CARTESIAN_POINT('',(1.760171280765,2.180085640382,1.75));
#5953 = VECTOR('',#5954,1.);
#5954 = DIRECTION('',(1.110223024625E-16,-1.,0.));
#5955 = ORIENTED_EDGE('',*,*,#5856,.F.);
#5956 = B_SPLINE_SURFACE_WITH_KNOTS('',1,1,(
    (#5957,#5958)
    ,(#5959,#5960
    )),.UNSPECIFIED.,.F.,.F.,.F.,(2,2),(2,2),(0.,4.475),(0.,1.),
  .PIECEWISE_BEZIER_KNOTS.);
#5957 = CARTESIAN_POINT('',(1.875,2.2375,1.025));
#5958 = CARTESIAN_POINT('',(1.760171280765,2.180085640382,1.75));
#5959 = CARTESIAN_POINT('',(1.875,-2.2375,1.025));
#5960 = CARTESIAN_POINT('',(1.760171280765,-2.180085640382,1.75));
#5961 = ADVANCED_FACE('',(#5962),#5994,.F.);
#5962 = FACE_BOUND('',#5963,.F.);
#5963 = EDGE_LOOP('',(#5964,#5972,#5980,#5986,#5992,#5993));
#5964 = ORIENTED_EDGE('',*,*,#5965,.F.);
#5965 = EDGE_CURVE('',#5966,#4994,#5968,.T.);
#5966 = VERTEX_POINT('',#5967);
#5967 = CARTESIAN_POINT('',(2.25,2.11,1.025));
#5968 = LINE('',#5969,#5970);
#5969 = CARTESIAN_POINT('',(2.25,2.11,1.025));
#5970 = VECTOR('',#5971,1.);
#5971 = DIRECTION('',(-1.,-1.110223024625E-16,0.));
#5972 = ORIENTED_EDGE('',*,*,#5973,.T.);
#5973 = EDGE_CURVE('',#5966,#5974,#5976,.T.);
#5974 = VERTEX_POINT('',#5975);
#5975 = CARTESIAN_POINT('',(2.25,1.7,1.025));
#5976 = LINE('',#5977,#5978);
#5977 = CARTESIAN_POINT('',(2.25,2.11,1.025));
#5978 = VECTOR('',#5979,1.);
#5979 = DIRECTION('',(1.110223024625E-16,-1.,0.));
#5980 = ORIENTED_EDGE('',*,*,#5981,.T.);
#5981 = EDGE_CURVE('',#5974,#5400,#5982,.T.);
#5982 = LINE('',#5983,#5984);
#5983 = CARTESIAN_POINT('',(2.25,1.7,1.025));
#5984 = VECTOR('',#5985,1.);
#5985 = DIRECTION('',(-1.,-1.110223024625E-16,0.));
#5986 = ORIENTED_EDGE('',*,*,#5987,.T.);
#5987 = EDGE_CURVE('',#5400,#5880,#5988,.T.);
#5988 = LINE('',#5989,#5990);
#5989 = CARTESIAN_POINT('',(2.25,1.7,1.025));
#5990 = VECTOR('',#5991,1.);
#5991 = DIRECTION('',(-1.,-1.110223024625E-16,0.));
#5992 = ORIENTED_EDGE('',*,*,#5879,.F.);
#5993 = ORIENTED_EDGE('',*,*,#5001,.F.);
#5994 = PLANE('',#5995);
#5995 = AXIS2_PLACEMENT_3D('',#5996,#5997,#5998);
#5996 = CARTESIAN_POINT('',(2.25,2.11,1.025));
#5997 = DIRECTION('',(0.,0.,-1.));
#5998 = DIRECTION('',(-1.,-1.110223024625E-16,-0.));
#5999 = ADVANCED_FACE('',(#6000),#6043,.F.);
#6000 = FACE_BOUND('',#6001,.F.);
#6001 = EDGE_LOOP('',(#6002,#6003,#6009,#6010,#6018,#6026,#6032,#6033,
    #6039,#6040,#6041,#6042));
#6002 = ORIENTED_EDGE('',*,*,#5103,.T.);
#6003 = ORIENTED_EDGE('',*,*,#6004,.T.);
#6004 = EDGE_CURVE('',#5096,#5726,#6005,.T.);
#6005 = LINE('',#6006,#6007);
#6006 = CARTESIAN_POINT('',(-2.25,-2.11,1.025));
#6007 = VECTOR('',#6008,1.);
#6008 = DIRECTION('',(1.,-1.144237745222E-17,0.));
#6009 = ORIENTED_EDGE('',*,*,#5723,.F.);
#6010 = ORIENTED_EDGE('',*,*,#6011,.F.);
#6011 = EDGE_CURVE('',#6012,#5724,#6014,.T.);
#6012 = VERTEX_POINT('',#6013);
#6013 = CARTESIAN_POINT('',(-1.7375,-2.375,1.025));
#6014 = LINE('',#6015,#6016);
#6015 = CARTESIAN_POINT('',(-1.7375,-2.375,1.025));
#6016 = VECTOR('',#6017,1.);
#6017 = DIRECTION('',(-0.707106781187,0.707106781187,0.));
#6018 = ORIENTED_EDGE('',*,*,#6019,.F.);
#6019 = EDGE_CURVE('',#6020,#6012,#6022,.T.);
#6020 = VERTEX_POINT('',#6021);
#6021 = CARTESIAN_POINT('',(1.7375,-2.375,1.025));
#6022 = LINE('',#6023,#6024);
#6023 = CARTESIAN_POINT('',(1.7375,-2.375,1.025));
#6024 = VECTOR('',#6025,1.);
#6025 = DIRECTION('',(-1.,-1.110223024625E-16,0.));
#6026 = ORIENTED_EDGE('',*,*,#6027,.F.);
#6027 = EDGE_CURVE('',#5936,#6020,#6028,.T.);
#6028 = LINE('',#6029,#6030);
#6029 = CARTESIAN_POINT('',(1.875,-2.2375,1.025));
#6030 = VECTOR('',#6031,1.);
#6031 = DIRECTION('',(-0.707106781187,-0.707106781187,0.));
#6032 = ORIENTED_EDGE('',*,*,#5935,.F.);
#6033 = ORIENTED_EDGE('',*,*,#6034,.F.);
#6034 = EDGE_CURVE('',#5586,#5928,#6035,.T.);
#6035 = LINE('',#6036,#6037);
#6036 = CARTESIAN_POINT('',(2.25,-2.11,1.025));
#6037 = VECTOR('',#6038,1.);
#6038 = DIRECTION('',(-1.,-1.110223024625E-16,0.));
#6039 = ORIENTED_EDGE('',*,*,#5601,.T.);
#6040 = ORIENTED_EDGE('',*,*,#5646,.T.);
#6041 = ORIENTED_EDGE('',*,*,#5663,.T.);
#6042 = ORIENTED_EDGE('',*,*,#5617,.T.);
#6043 = PLANE('',#6044);
#6044 = AXIS2_PLACEMENT_3D('',#6045,#6046,#6047);
#6045 = CARTESIAN_POINT('',(-3.027078129022E-16,2.4125,1.025));
#6046 = DIRECTION('',(2.007919022429E-31,-7.713306628828E-27,-1.));
#6047 = DIRECTION('',(1.,1.112083013911E-16,2.00791902242E-31));
#6048 = ADVANCED_FACE('',(#6049),#6135,.F.);
#6049 = FACE_BOUND('',#6050,.F.);
#6050 = EDGE_LOOP('',(#6051,#6052,#6053,#6062,#6070,#6079,#6087,#6095,
    #6103,#6112,#6120,#6129));
#6051 = ORIENTED_EDGE('',*,*,#5095,.F.);
#6052 = ORIENTED_EDGE('',*,*,#5117,.T.);
#6053 = ORIENTED_EDGE('',*,*,#6054,.T.);
#6054 = EDGE_CURVE('',#5118,#6055,#6057,.T.);
#6055 = VERTEX_POINT('',#6056);
#6056 = CARTESIAN_POINT('',(-2.348480775301,-2.11,0.742364817767));
#6057 = CIRCLE('',#6058,0.1);
#6058 = AXIS2_PLACEMENT_3D('',#6059,#6060,#6061);
#6059 = CARTESIAN_POINT('',(-2.25,-2.11,0.725));
#6060 = DIRECTION('',(-1.144237745222E-17,-1.,3.284293275761E-47));
#6061 = DIRECTION('',(-4.440892098501E-15,5.081436361563E-32,1.));
#6062 = ORIENTED_EDGE('',*,*,#6063,.T.);
#6063 = EDGE_CURVE('',#6055,#6064,#6066,.T.);
#6064 = VERTEX_POINT('',#6065);
#6065 = CARTESIAN_POINT('',(-2.429496640897,-2.11,0.2479055467));
#6066 = LINE('',#6067,#6068);
#6067 = CARTESIAN_POINT('',(-2.348480775301,-2.11,0.742364817767));
#6068 = VECTOR('',#6069,1.);
#6069 = DIRECTION('',(-0.161691392282,1.85013394127E-18,-0.986841372087)
  );
#6070 = ORIENTED_EDGE('',*,*,#6071,.T.);
#6071 = EDGE_CURVE('',#6064,#6072,#6074,.T.);
#6072 = VERTEX_POINT('',#6073);
#6073 = CARTESIAN_POINT('',(-2.724938966801,-2.11,-1.665334536938E-16));
#6074 = CIRCLE('',#6075,0.3);
#6075 = AXIS2_PLACEMENT_3D('',#6076,#6077,#6078);
#6076 = CARTESIAN_POINT('',(-2.724938966801,-2.11,0.3));
#6077 = DIRECTION('',(1.144237745222E-17,1.,7.703719777549E-34));
#6078 = DIRECTION('',(0.984807753012,-1.126854202784E-17,-0.173648177667
    ));
#6079 = ORIENTED_EDGE('',*,*,#6080,.T.);
#6080 = EDGE_CURVE('',#6072,#6081,#6083,.T.);
#6081 = VERTEX_POINT('',#6082);
#6082 = CARTESIAN_POINT('',(-3.,-2.11,-1.665334536938E-16));
#6083 = LINE('',#6084,#6085);
#6084 = CARTESIAN_POINT('',(-2.724938966801,-2.11,-1.665334536938E-16));
#6085 = VECTOR('',#6086,1.);
#6086 = DIRECTION('',(-1.,1.144237745222E-17,0.));
#6087 = ORIENTED_EDGE('',*,*,#6088,.T.);
#6088 = EDGE_CURVE('',#6081,#6089,#6091,.T.);
#6089 = VERTEX_POINT('',#6090);
#6090 = CARTESIAN_POINT('',(-3.,-2.11,0.2));
#6091 = LINE('',#6092,#6093);
#6092 = CARTESIAN_POINT('',(-3.,-2.11,-1.665334536938E-16));
#6093 = VECTOR('',#6094,1.);
#6094 = DIRECTION('',(0.,0.,1.));
#6095 = ORIENTED_EDGE('',*,*,#6096,.T.);
#6096 = EDGE_CURVE('',#6089,#6097,#6099,.T.);
#6097 = VERTEX_POINT('',#6098);
#6098 = CARTESIAN_POINT('',(-2.724938966801,-2.11,0.2));
#6099 = LINE('',#6100,#6101);
#6100 = CARTESIAN_POINT('',(-3.,-2.11,0.2));
#6101 = VECTOR('',#6102,1.);
#6102 = DIRECTION('',(1.,-1.144237745222E-17,0.));
#6103 = ORIENTED_EDGE('',*,*,#6104,.T.);
#6104 = EDGE_CURVE('',#6097,#6105,#6107,.T.);
#6105 = VERTEX_POINT('',#6106);
#6106 = CARTESIAN_POINT('',(-2.6264581915,-2.11,0.282635182233));
#6107 = CIRCLE('',#6108,0.1);
#6108 = AXIS2_PLACEMENT_3D('',#6109,#6110,#6111);
#6109 = CARTESIAN_POINT('',(-2.724938966801,-2.11,0.3));
#6110 = DIRECTION('',(-1.144237745222E-17,-1.,-0.));
#6111 = DIRECTION('',(0.,0.,-1.));
#6112 = ORIENTED_EDGE('',*,*,#6113,.T.);
#6113 = EDGE_CURVE('',#6105,#6114,#6116,.T.);
#6114 = VERTEX_POINT('',#6115);
#6115 = CARTESIAN_POINT('',(-2.545442325904,-2.11,0.7770944533));
#6116 = LINE('',#6117,#6118);
#6117 = CARTESIAN_POINT('',(-2.6264581915,-2.11,0.282635182233));
#6118 = VECTOR('',#6119,1.);
#6119 = DIRECTION('',(0.161691392282,-1.85013394127E-18,0.986841372087)
  );
#6120 = ORIENTED_EDGE('',*,*,#6121,.T.);
#6121 = EDGE_CURVE('',#6114,#6122,#6124,.T.);
#6122 = VERTEX_POINT('',#6123);
#6123 = CARTESIAN_POINT('',(-2.25,-2.11,1.025));
#6124 = CIRCLE('',#6125,0.3);
#6125 = AXIS2_PLACEMENT_3D('',#6126,#6127,#6128);
#6126 = CARTESIAN_POINT('',(-2.25,-2.11,0.725));
#6127 = DIRECTION('',(1.144237745222E-17,1.,7.703719777549E-34));
#6128 = DIRECTION('',(-0.984807753012,1.126854202784E-17,0.173648177667)
  );
#6129 = ORIENTED_EDGE('',*,*,#6130,.T.);
#6130 = EDGE_CURVE('',#6122,#5096,#6131,.T.);
#6131 = LINE('',#6132,#6133);
#6132 = CARTESIAN_POINT('',(-2.25,-2.11,1.025));
#6133 = VECTOR('',#6134,1.);
#6134 = DIRECTION('',(1.,-1.144237745222E-17,0.));
#6135 = PLANE('',#6136);
#6136 = AXIS2_PLACEMENT_3D('',#6137,#6138,#6139);
#6137 = CARTESIAN_POINT('',(-2.42560961319,-2.11,0.548953137803));
#6138 = DIRECTION('',(1.144237745222E-17,1.,0.));
#6139 = DIRECTION('',(0.,-0.,1.));
#6140 = ADVANCED_FACE('',(#6141),#6160,.F.);
#6141 = FACE_BOUND('',#6142,.F.);
#6142 = EDGE_LOOP('',(#6143,#6144,#6153,#6159));
#6143 = ORIENTED_EDGE('',*,*,#5134,.T.);
#6144 = ORIENTED_EDGE('',*,*,#6145,.T.);
#6145 = EDGE_CURVE('',#5127,#6146,#6148,.T.);
#6146 = VERTEX_POINT('',#6147);
#6147 = CARTESIAN_POINT('',(-2.348480775301,-1.7,0.742364817767));
#6148 = CIRCLE('',#6149,0.1);
#6149 = AXIS2_PLACEMENT_3D('',#6150,#6151,#6152);
#6150 = CARTESIAN_POINT('',(-2.25,-1.7,0.725));
#6151 = DIRECTION('',(-1.144237745222E-17,-1.,3.284293275761E-47));
#6152 = DIRECTION('',(-4.440892098501E-15,5.081436361563E-32,1.));
#6153 = ORIENTED_EDGE('',*,*,#6154,.F.);
#6154 = EDGE_CURVE('',#6055,#6146,#6155,.T.);
#6155 = LINE('',#6156,#6157);
#6156 = CARTESIAN_POINT('',(-2.348480775301,-2.11,0.742364817767));
#6157 = VECTOR('',#6158,1.);
#6158 = DIRECTION('',(1.144237745222E-17,1.,0.));
#6159 = ORIENTED_EDGE('',*,*,#6054,.F.);
#6160 = CYLINDRICAL_SURFACE('',#6161,0.1);
#6161 = AXIS2_PLACEMENT_3D('',#6162,#6163,#6164);
#6162 = CARTESIAN_POINT('',(-2.25,-2.11,0.725));
#6163 = DIRECTION('',(-1.144237745222E-17,-1.,0.));
#6164 = DIRECTION('',(-4.440892098501E-15,5.081436361563E-32,1.));
#6165 = ADVANCED_FACE('',(#6166),#6244,.T.);
#6166 = FACE_BOUND('',#6167,.T.);
#6167 = EDGE_LOOP('',(#6168,#6169,#6170,#6171,#6179,#6188,#6196,#6204,
    #6212,#6221,#6229,#6238));
#6168 = ORIENTED_EDGE('',*,*,#5148,.F.);
#6169 = ORIENTED_EDGE('',*,*,#5126,.T.);
#6170 = ORIENTED_EDGE('',*,*,#6145,.T.);
#6171 = ORIENTED_EDGE('',*,*,#6172,.T.);
#6172 = EDGE_CURVE('',#6146,#6173,#6175,.T.);
#6173 = VERTEX_POINT('',#6174);
#6174 = CARTESIAN_POINT('',(-2.429496640897,-1.7,0.2479055467));
#6175 = LINE('',#6176,#6177);
#6176 = CARTESIAN_POINT('',(-2.348480775301,-1.7,0.742364817767));
#6177 = VECTOR('',#6178,1.);
#6178 = DIRECTION('',(-0.161691392282,1.85013394127E-18,-0.986841372087)
  );
#6179 = ORIENTED_EDGE('',*,*,#6180,.T.);
#6180 = EDGE_CURVE('',#6173,#6181,#6183,.T.);
#6181 = VERTEX_POINT('',#6182);
#6182 = CARTESIAN_POINT('',(-2.724938966801,-1.7,-1.665334536938E-16));
#6183 = CIRCLE('',#6184,0.3);
#6184 = AXIS2_PLACEMENT_3D('',#6185,#6186,#6187);
#6185 = CARTESIAN_POINT('',(-2.724938966801,-1.7,0.3));
#6186 = DIRECTION('',(1.144237745222E-17,1.,7.703719777549E-34));
#6187 = DIRECTION('',(0.984807753012,-1.126854202784E-17,-0.173648177667
    ));
#6188 = ORIENTED_EDGE('',*,*,#6189,.T.);
#6189 = EDGE_CURVE('',#6181,#6190,#6192,.T.);
#6190 = VERTEX_POINT('',#6191);
#6191 = CARTESIAN_POINT('',(-3.,-1.7,-1.665334536938E-16));
#6192 = LINE('',#6193,#6194);
#6193 = CARTESIAN_POINT('',(-2.724938966801,-1.7,-1.665334536938E-16));
#6194 = VECTOR('',#6195,1.);
#6195 = DIRECTION('',(-1.,1.144237745222E-17,0.));
#6196 = ORIENTED_EDGE('',*,*,#6197,.T.);
#6197 = EDGE_CURVE('',#6190,#6198,#6200,.T.);
#6198 = VERTEX_POINT('',#6199);
#6199 = CARTESIAN_POINT('',(-3.,-1.7,0.2));
#6200 = LINE('',#6201,#6202);
#6201 = CARTESIAN_POINT('',(-3.,-1.7,-1.665334536938E-16));
#6202 = VECTOR('',#6203,1.);
#6203 = DIRECTION('',(0.,0.,1.));
#6204 = ORIENTED_EDGE('',*,*,#6205,.T.);
#6205 = EDGE_CURVE('',#6198,#6206,#6208,.T.);
#6206 = VERTEX_POINT('',#6207);
#6207 = CARTESIAN_POINT('',(-2.724938966801,-1.7,0.2));
#6208 = LINE('',#6209,#6210);
#6209 = CARTESIAN_POINT('',(-3.,-1.7,0.2));
#6210 = VECTOR('',#6211,1.);
#6211 = DIRECTION('',(1.,-1.144237745222E-17,0.));
#6212 = ORIENTED_EDGE('',*,*,#6213,.T.);
#6213 = EDGE_CURVE('',#6206,#6214,#6216,.T.);
#6214 = VERTEX_POINT('',#6215);
#6215 = CARTESIAN_POINT('',(-2.6264581915,-1.7,0.282635182233));
#6216 = CIRCLE('',#6217,0.1);
#6217 = AXIS2_PLACEMENT_3D('',#6218,#6219,#6220);
#6218 = CARTESIAN_POINT('',(-2.724938966801,-1.7,0.3));
#6219 = DIRECTION('',(-1.144237745222E-17,-1.,-0.));
#6220 = DIRECTION('',(0.,0.,-1.));
#6221 = ORIENTED_EDGE('',*,*,#6222,.T.);
#6222 = EDGE_CURVE('',#6214,#6223,#6225,.T.);
#6223 = VERTEX_POINT('',#6224);
#6224 = CARTESIAN_POINT('',(-2.545442325904,-1.7,0.7770944533));
#6225 = LINE('',#6226,#6227);
#6226 = CARTESIAN_POINT('',(-2.6264581915,-1.7,0.282635182233));
#6227 = VECTOR('',#6228,1.);
#6228 = DIRECTION('',(0.161691392282,-1.85013394127E-18,0.986841372087)
  );
#6229 = ORIENTED_EDGE('',*,*,#6230,.T.);
#6230 = EDGE_CURVE('',#6223,#6231,#6233,.T.);
#6231 = VERTEX_POINT('',#6232);
#6232 = CARTESIAN_POINT('',(-2.25,-1.7,1.025));
#6233 = CIRCLE('',#6234,0.3);
#6234 = AXIS2_PLACEMENT_3D('',#6235,#6236,#6237);
#6235 = CARTESIAN_POINT('',(-2.25,-1.7,0.725));
#6236 = DIRECTION('',(1.144237745222E-17,1.,7.703719777549E-34));
#6237 = DIRECTION('',(-0.984807753012,1.126854202784E-17,0.173648177667)
  );
#6238 = ORIENTED_EDGE('',*,*,#6239,.T.);
#6239 = EDGE_CURVE('',#6231,#5149,#6240,.T.);
#6240 = LINE('',#6241,#6242);
#6241 = CARTESIAN_POINT('',(-2.25,-1.7,1.025));
#6242 = VECTOR('',#6243,1.);
#6243 = DIRECTION('',(1.,-1.144237745222E-17,0.));
#6244 = PLANE('',#6245);
#6245 = AXIS2_PLACEMENT_3D('',#6246,#6247,#6248);
#6246 = CARTESIAN_POINT('',(-2.42560961319,-1.7,0.548953137803));
#6247 = DIRECTION('',(1.144237745222E-17,1.,0.));
#6248 = DIRECTION('',(0.,-0.,1.));
#6249 = ADVANCED_FACE('',(#6250),#6266,.F.);
#6250 = FACE_BOUND('',#6251,.F.);
#6251 = EDGE_LOOP('',(#6252,#6253,#6259,#6260));
#6252 = ORIENTED_EDGE('',*,*,#5165,.T.);
#6253 = ORIENTED_EDGE('',*,*,#6254,.T.);
#6254 = EDGE_CURVE('',#5158,#5742,#6255,.T.);
#6255 = LINE('',#6256,#6257);
#6256 = CARTESIAN_POINT('',(-2.25,-0.84,1.025));
#6257 = VECTOR('',#6258,1.);
#6258 = DIRECTION('',(1.,-1.144237745222E-17,0.));
#6259 = ORIENTED_EDGE('',*,*,#5741,.F.);
#6260 = ORIENTED_EDGE('',*,*,#6261,.F.);
#6261 = EDGE_CURVE('',#5149,#5734,#6262,.T.);
#6262 = LINE('',#6263,#6264);
#6263 = CARTESIAN_POINT('',(-2.25,-1.7,1.025));
#6264 = VECTOR('',#6265,1.);
#6265 = DIRECTION('',(1.,-1.144237745222E-17,0.));
#6266 = PLANE('',#6267);
#6267 = AXIS2_PLACEMENT_3D('',#6268,#6269,#6270);
#6268 = CARTESIAN_POINT('',(-3.027078129022E-16,2.4125,1.025));
#6269 = DIRECTION('',(2.007919022429E-31,-7.713306628828E-27,-1.));
#6270 = DIRECTION('',(1.,1.112083013911E-16,2.00791902242E-31));
#6271 = ADVANCED_FACE('',(#6272),#6358,.F.);
#6272 = FACE_BOUND('',#6273,.F.);
#6273 = EDGE_LOOP('',(#6274,#6275,#6276,#6285,#6293,#6302,#6310,#6318,
    #6326,#6335,#6343,#6352));
#6274 = ORIENTED_EDGE('',*,*,#5157,.F.);
#6275 = ORIENTED_EDGE('',*,*,#5179,.T.);
#6276 = ORIENTED_EDGE('',*,*,#6277,.T.);
#6277 = EDGE_CURVE('',#5180,#6278,#6280,.T.);
#6278 = VERTEX_POINT('',#6279);
#6279 = CARTESIAN_POINT('',(-2.348480775301,-0.84,0.742364817767));
#6280 = CIRCLE('',#6281,0.1);
#6281 = AXIS2_PLACEMENT_3D('',#6282,#6283,#6284);
#6282 = CARTESIAN_POINT('',(-2.25,-0.84,0.725));
#6283 = DIRECTION('',(-1.144237745222E-17,-1.,3.284293275761E-47));
#6284 = DIRECTION('',(-4.440892098501E-15,5.081436361563E-32,1.));
#6285 = ORIENTED_EDGE('',*,*,#6286,.T.);
#6286 = EDGE_CURVE('',#6278,#6287,#6289,.T.);
#6287 = VERTEX_POINT('',#6288);
#6288 = CARTESIAN_POINT('',(-2.429496640897,-0.84,0.2479055467));
#6289 = LINE('',#6290,#6291);
#6290 = CARTESIAN_POINT('',(-2.348480775301,-0.84,0.742364817767));
#6291 = VECTOR('',#6292,1.);
#6292 = DIRECTION('',(-0.161691392282,1.85013394127E-18,-0.986841372087)
  );
#6293 = ORIENTED_EDGE('',*,*,#6294,.T.);
#6294 = EDGE_CURVE('',#6287,#6295,#6297,.T.);
#6295 = VERTEX_POINT('',#6296);
#6296 = CARTESIAN_POINT('',(-2.724938966801,-0.84,-1.665334536938E-16));
#6297 = CIRCLE('',#6298,0.3);
#6298 = AXIS2_PLACEMENT_3D('',#6299,#6300,#6301);
#6299 = CARTESIAN_POINT('',(-2.724938966801,-0.84,0.3));
#6300 = DIRECTION('',(1.144237745222E-17,1.,7.703719777549E-34));
#6301 = DIRECTION('',(0.984807753012,-1.126854202784E-17,-0.173648177667
    ));
#6302 = ORIENTED_EDGE('',*,*,#6303,.T.);
#6303 = EDGE_CURVE('',#6295,#6304,#6306,.T.);
#6304 = VERTEX_POINT('',#6305);
#6305 = CARTESIAN_POINT('',(-3.,-0.84,-1.665334536938E-16));
#6306 = LINE('',#6307,#6308);
#6307 = CARTESIAN_POINT('',(-2.724938966801,-0.84,-1.665334536938E-16));
#6308 = VECTOR('',#6309,1.);
#6309 = DIRECTION('',(-1.,1.144237745222E-17,0.));
#6310 = ORIENTED_EDGE('',*,*,#6311,.T.);
#6311 = EDGE_CURVE('',#6304,#6312,#6314,.T.);
#6312 = VERTEX_POINT('',#6313);
#6313 = CARTESIAN_POINT('',(-3.,-0.84,0.2));
#6314 = LINE('',#6315,#6316);
#6315 = CARTESIAN_POINT('',(-3.,-0.84,-1.665334536938E-16));
#6316 = VECTOR('',#6317,1.);
#6317 = DIRECTION('',(0.,0.,1.));
#6318 = ORIENTED_EDGE('',*,*,#6319,.T.);
#6319 = EDGE_CURVE('',#6312,#6320,#6322,.T.);
#6320 = VERTEX_POINT('',#6321);
#6321 = CARTESIAN_POINT('',(-2.724938966801,-0.84,0.2));
#6322 = LINE('',#6323,#6324);
#6323 = CARTESIAN_POINT('',(-3.,-0.84,0.2));
#6324 = VECTOR('',#6325,1.);
#6325 = DIRECTION('',(1.,-1.144237745222E-17,0.));
#6326 = ORIENTED_EDGE('',*,*,#6327,.T.);
#6327 = EDGE_CURVE('',#6320,#6328,#6330,.T.);
#6328 = VERTEX_POINT('',#6329);
#6329 = CARTESIAN_POINT('',(-2.6264581915,-0.84,0.282635182233));
#6330 = CIRCLE('',#6331,0.1);
#6331 = AXIS2_PLACEMENT_3D('',#6332,#6333,#6334);
#6332 = CARTESIAN_POINT('',(-2.724938966801,-0.84,0.3));
#6333 = DIRECTION('',(-1.144237745222E-17,-1.,-0.));
#6334 = DIRECTION('',(0.,0.,-1.));
#6335 = ORIENTED_EDGE('',*,*,#6336,.T.);
#6336 = EDGE_CURVE('',#6328,#6337,#6339,.T.);
#6337 = VERTEX_POINT('',#6338);
#6338 = CARTESIAN_POINT('',(-2.545442325904,-0.84,0.7770944533));
#6339 = LINE('',#6340,#6341);
#6340 = CARTESIAN_POINT('',(-2.6264581915,-0.84,0.282635182233));
#6341 = VECTOR('',#6342,1.);
#6342 = DIRECTION('',(0.161691392282,-1.85013394127E-18,0.986841372087)
  );
#6343 = ORIENTED_EDGE('',*,*,#6344,.T.);
#6344 = EDGE_CURVE('',#6337,#6345,#6347,.T.);
#6345 = VERTEX_POINT('',#6346);
#6346 = CARTESIAN_POINT('',(-2.25,-0.84,1.025));
#6347 = CIRCLE('',#6348,0.3);
#6348 = AXIS2_PLACEMENT_3D('',#6349,#6350,#6351);
#6349 = CARTESIAN_POINT('',(-2.25,-0.84,0.725));
#6350 = DIRECTION('',(1.144237745222E-17,1.,7.703719777549E-34));
#6351 = DIRECTION('',(-0.984807753012,1.126854202784E-17,0.173648177667)
  );
#6352 = ORIENTED_EDGE('',*,*,#6353,.T.);
#6353 = EDGE_CURVE('',#6345,#5158,#6354,.T.);
#6354 = LINE('',#6355,#6356);
#6355 = CARTESIAN_POINT('',(-2.25,-0.84,1.025));
#6356 = VECTOR('',#6357,1.);
#6357 = DIRECTION('',(1.,-1.144237745222E-17,0.));
#6358 = PLANE('',#6359);
#6359 = AXIS2_PLACEMENT_3D('',#6360,#6361,#6362);
#6360 = CARTESIAN_POINT('',(-2.42560961319,-0.84,0.548953137803));
#6361 = DIRECTION('',(1.144237745222E-17,1.,0.));
#6362 = DIRECTION('',(0.,-0.,1.));
#6363 = ADVANCED_FACE('',(#6364),#6383,.F.);
#6364 = FACE_BOUND('',#6365,.F.);
#6365 = EDGE_LOOP('',(#6366,#6367,#6376,#6382));
#6366 = ORIENTED_EDGE('',*,*,#5196,.T.);
#6367 = ORIENTED_EDGE('',*,*,#6368,.T.);
#6368 = EDGE_CURVE('',#5189,#6369,#6371,.T.);
#6369 = VERTEX_POINT('',#6370);
#6370 = CARTESIAN_POINT('',(-2.348480775301,-0.43,0.742364817767));
#6371 = CIRCLE('',#6372,0.1);
#6372 = AXIS2_PLACEMENT_3D('',#6373,#6374,#6375);
#6373 = CARTESIAN_POINT('',(-2.25,-0.43,0.725));
#6374 = DIRECTION('',(-1.144237745222E-17,-1.,3.284293275761E-47));
#6375 = DIRECTION('',(-4.440892098501E-15,5.081436361563E-32,1.));
#6376 = ORIENTED_EDGE('',*,*,#6377,.F.);
#6377 = EDGE_CURVE('',#6278,#6369,#6378,.T.);
#6378 = LINE('',#6379,#6380);
#6379 = CARTESIAN_POINT('',(-2.348480775301,-0.84,0.742364817767));
#6380 = VECTOR('',#6381,1.);
#6381 = DIRECTION('',(1.144237745222E-17,1.,0.));
#6382 = ORIENTED_EDGE('',*,*,#6277,.F.);
#6383 = CYLINDRICAL_SURFACE('',#6384,0.1);
#6384 = AXIS2_PLACEMENT_3D('',#6385,#6386,#6387);
#6385 = CARTESIAN_POINT('',(-2.25,-0.84,0.725));
#6386 = DIRECTION('',(-1.144237745222E-17,-1.,0.));
#6387 = DIRECTION('',(-4.440892098501E-15,5.081436361563E-32,1.));
#6388 = ADVANCED_FACE('',(#6389),#6467,.T.);
#6389 = FACE_BOUND('',#6390,.T.);
#6390 = EDGE_LOOP('',(#6391,#6392,#6393,#6394,#6402,#6411,#6419,#6427,
    #6435,#6444,#6452,#6461));
#6391 = ORIENTED_EDGE('',*,*,#5210,.F.);
#6392 = ORIENTED_EDGE('',*,*,#5188,.T.);
#6393 = ORIENTED_EDGE('',*,*,#6368,.T.);
#6394 = ORIENTED_EDGE('',*,*,#6395,.T.);
#6395 = EDGE_CURVE('',#6369,#6396,#6398,.T.);
#6396 = VERTEX_POINT('',#6397);
#6397 = CARTESIAN_POINT('',(-2.429496640897,-0.43,0.2479055467));
#6398 = LINE('',#6399,#6400);
#6399 = CARTESIAN_POINT('',(-2.348480775301,-0.43,0.742364817767));
#6400 = VECTOR('',#6401,1.);
#6401 = DIRECTION('',(-0.161691392282,1.85013394127E-18,-0.986841372087)
  );
#6402 = ORIENTED_EDGE('',*,*,#6403,.T.);
#6403 = EDGE_CURVE('',#6396,#6404,#6406,.T.);
#6404 = VERTEX_POINT('',#6405);
#6405 = CARTESIAN_POINT('',(-2.724938966801,-0.43,-1.665334536938E-16));
#6406 = CIRCLE('',#6407,0.3);
#6407 = AXIS2_PLACEMENT_3D('',#6408,#6409,#6410);
#6408 = CARTESIAN_POINT('',(-2.724938966801,-0.43,0.3));
#6409 = DIRECTION('',(1.144237745222E-17,1.,7.703719777549E-34));
#6410 = DIRECTION('',(0.984807753012,-1.126854202784E-17,-0.173648177667
    ));
#6411 = ORIENTED_EDGE('',*,*,#6412,.T.);
#6412 = EDGE_CURVE('',#6404,#6413,#6415,.T.);
#6413 = VERTEX_POINT('',#6414);
#6414 = CARTESIAN_POINT('',(-3.,-0.43,-1.665334536938E-16));
#6415 = LINE('',#6416,#6417);
#6416 = CARTESIAN_POINT('',(-2.724938966801,-0.43,-1.665334536938E-16));
#6417 = VECTOR('',#6418,1.);
#6418 = DIRECTION('',(-1.,1.144237745222E-17,0.));
#6419 = ORIENTED_EDGE('',*,*,#6420,.T.);
#6420 = EDGE_CURVE('',#6413,#6421,#6423,.T.);
#6421 = VERTEX_POINT('',#6422);
#6422 = CARTESIAN_POINT('',(-3.,-0.43,0.2));
#6423 = LINE('',#6424,#6425);
#6424 = CARTESIAN_POINT('',(-3.,-0.43,-1.665334536938E-16));
#6425 = VECTOR('',#6426,1.);
#6426 = DIRECTION('',(0.,0.,1.));
#6427 = ORIENTED_EDGE('',*,*,#6428,.T.);
#6428 = EDGE_CURVE('',#6421,#6429,#6431,.T.);
#6429 = VERTEX_POINT('',#6430);
#6430 = CARTESIAN_POINT('',(-2.724938966801,-0.43,0.2));
#6431 = LINE('',#6432,#6433);
#6432 = CARTESIAN_POINT('',(-3.,-0.43,0.2));
#6433 = VECTOR('',#6434,1.);
#6434 = DIRECTION('',(1.,-1.144237745222E-17,0.));
#6435 = ORIENTED_EDGE('',*,*,#6436,.T.);
#6436 = EDGE_CURVE('',#6429,#6437,#6439,.T.);
#6437 = VERTEX_POINT('',#6438);
#6438 = CARTESIAN_POINT('',(-2.6264581915,-0.43,0.282635182233));
#6439 = CIRCLE('',#6440,0.1);
#6440 = AXIS2_PLACEMENT_3D('',#6441,#6442,#6443);
#6441 = CARTESIAN_POINT('',(-2.724938966801,-0.43,0.3));
#6442 = DIRECTION('',(-1.144237745222E-17,-1.,-0.));
#6443 = DIRECTION('',(0.,0.,-1.));
#6444 = ORIENTED_EDGE('',*,*,#6445,.T.);
#6445 = EDGE_CURVE('',#6437,#6446,#6448,.T.);
#6446 = VERTEX_POINT('',#6447);
#6447 = CARTESIAN_POINT('',(-2.545442325904,-0.43,0.7770944533));
#6448 = LINE('',#6449,#6450);
#6449 = CARTESIAN_POINT('',(-2.6264581915,-0.43,0.282635182233));
#6450 = VECTOR('',#6451,1.);
#6451 = DIRECTION('',(0.161691392282,-1.85013394127E-18,0.986841372087)
  );
#6452 = ORIENTED_EDGE('',*,*,#6453,.T.);
#6453 = EDGE_CURVE('',#6446,#6454,#6456,.T.);
#6454 = VERTEX_POINT('',#6455);
#6455 = CARTESIAN_POINT('',(-2.25,-0.43,1.025));
#6456 = CIRCLE('',#6457,0.3);
#6457 = AXIS2_PLACEMENT_3D('',#6458,#6459,#6460);
#6458 = CARTESIAN_POINT('',(-2.25,-0.43,0.725));
#6459 = DIRECTION('',(1.144237745222E-17,1.,7.703719777549E-34));
#6460 = DIRECTION('',(-0.984807753012,1.126854202784E-17,0.173648177667)
  );
#6461 = ORIENTED_EDGE('',*,*,#6462,.T.);
#6462 = EDGE_CURVE('',#6454,#5211,#6463,.T.);
#6463 = LINE('',#6464,#6465);
#6464 = CARTESIAN_POINT('',(-2.25,-0.43,1.025));
#6465 = VECTOR('',#6466,1.);
#6466 = DIRECTION('',(1.,-1.144237745222E-17,0.));
#6467 = PLANE('',#6468);
#6468 = AXIS2_PLACEMENT_3D('',#6469,#6470,#6471);
#6469 = CARTESIAN_POINT('',(-2.42560961319,-0.43,0.548953137803));
#6470 = DIRECTION('',(1.144237745222E-17,1.,0.));
#6471 = DIRECTION('',(0.,-0.,1.));
#6472 = ADVANCED_FACE('',(#6473),#6489,.F.);
#6473 = FACE_BOUND('',#6474,.F.);
#6474 = EDGE_LOOP('',(#6475,#6476,#6482,#6483));
#6475 = ORIENTED_EDGE('',*,*,#5227,.T.);
#6476 = ORIENTED_EDGE('',*,*,#6477,.T.);
#6477 = EDGE_CURVE('',#5220,#5758,#6478,.T.);
#6478 = LINE('',#6479,#6480);
#6479 = CARTESIAN_POINT('',(-2.25,0.43,1.025));
#6480 = VECTOR('',#6481,1.);
#6481 = DIRECTION('',(1.,-1.144237745222E-17,0.));
#6482 = ORIENTED_EDGE('',*,*,#5757,.F.);
#6483 = ORIENTED_EDGE('',*,*,#6484,.F.);
#6484 = EDGE_CURVE('',#5211,#5750,#6485,.T.);
#6485 = LINE('',#6486,#6487);
#6486 = CARTESIAN_POINT('',(-2.25,-0.43,1.025));
#6487 = VECTOR('',#6488,1.);
#6488 = DIRECTION('',(1.,-1.144237745222E-17,0.));
#6489 = PLANE('',#6490);
#6490 = AXIS2_PLACEMENT_3D('',#6491,#6492,#6493);
#6491 = CARTESIAN_POINT('',(-3.027078129022E-16,2.4125,1.025));
#6492 = DIRECTION('',(2.007919022429E-31,-7.713306628828E-27,-1.));
#6493 = DIRECTION('',(1.,1.112083013911E-16,2.00791902242E-31));
#6494 = ADVANCED_FACE('',(#6495),#6581,.F.);
#6495 = FACE_BOUND('',#6496,.F.);
#6496 = EDGE_LOOP('',(#6497,#6498,#6499,#6508,#6516,#6525,#6533,#6541,
    #6549,#6558,#6566,#6575));
#6497 = ORIENTED_EDGE('',*,*,#5219,.F.);
#6498 = ORIENTED_EDGE('',*,*,#5241,.T.);
#6499 = ORIENTED_EDGE('',*,*,#6500,.T.);
#6500 = EDGE_CURVE('',#5242,#6501,#6503,.T.);
#6501 = VERTEX_POINT('',#6502);
#6502 = CARTESIAN_POINT('',(-2.348480775301,0.43,0.742364817767));
#6503 = CIRCLE('',#6504,0.1);
#6504 = AXIS2_PLACEMENT_3D('',#6505,#6506,#6507);
#6505 = CARTESIAN_POINT('',(-2.25,0.43,0.725));
#6506 = DIRECTION('',(-1.144237745222E-17,-1.,3.284293275761E-47));
#6507 = DIRECTION('',(-4.440892098501E-15,5.081436361563E-32,1.));
#6508 = ORIENTED_EDGE('',*,*,#6509,.T.);
#6509 = EDGE_CURVE('',#6501,#6510,#6512,.T.);
#6510 = VERTEX_POINT('',#6511);
#6511 = CARTESIAN_POINT('',(-2.429496640897,0.43,0.2479055467));
#6512 = LINE('',#6513,#6514);
#6513 = CARTESIAN_POINT('',(-2.348480775301,0.43,0.742364817767));
#6514 = VECTOR('',#6515,1.);
#6515 = DIRECTION('',(-0.161691392282,1.85013394127E-18,-0.986841372087)
  );
#6516 = ORIENTED_EDGE('',*,*,#6517,.T.);
#6517 = EDGE_CURVE('',#6510,#6518,#6520,.T.);
#6518 = VERTEX_POINT('',#6519);
#6519 = CARTESIAN_POINT('',(-2.724938966801,0.43,-1.665334536938E-16));
#6520 = CIRCLE('',#6521,0.3);
#6521 = AXIS2_PLACEMENT_3D('',#6522,#6523,#6524);
#6522 = CARTESIAN_POINT('',(-2.724938966801,0.43,0.3));
#6523 = DIRECTION('',(1.144237745222E-17,1.,7.703719777549E-34));
#6524 = DIRECTION('',(0.984807753012,-1.126854202784E-17,-0.173648177667
    ));
#6525 = ORIENTED_EDGE('',*,*,#6526,.T.);
#6526 = EDGE_CURVE('',#6518,#6527,#6529,.T.);
#6527 = VERTEX_POINT('',#6528);
#6528 = CARTESIAN_POINT('',(-3.,0.43,-1.665334536938E-16));
#6529 = LINE('',#6530,#6531);
#6530 = CARTESIAN_POINT('',(-2.724938966801,0.43,-1.665334536938E-16));
#6531 = VECTOR('',#6532,1.);
#6532 = DIRECTION('',(-1.,1.144237745222E-17,0.));
#6533 = ORIENTED_EDGE('',*,*,#6534,.T.);
#6534 = EDGE_CURVE('',#6527,#6535,#6537,.T.);
#6535 = VERTEX_POINT('',#6536);
#6536 = CARTESIAN_POINT('',(-3.,0.43,0.2));
#6537 = LINE('',#6538,#6539);
#6538 = CARTESIAN_POINT('',(-3.,0.43,-1.665334536938E-16));
#6539 = VECTOR('',#6540,1.);
#6540 = DIRECTION('',(0.,0.,1.));
#6541 = ORIENTED_EDGE('',*,*,#6542,.T.);
#6542 = EDGE_CURVE('',#6535,#6543,#6545,.T.);
#6543 = VERTEX_POINT('',#6544);
#6544 = CARTESIAN_POINT('',(-2.724938966801,0.43,0.2));
#6545 = LINE('',#6546,#6547);
#6546 = CARTESIAN_POINT('',(-3.,0.43,0.2));
#6547 = VECTOR('',#6548,1.);
#6548 = DIRECTION('',(1.,-1.144237745222E-17,0.));
#6549 = ORIENTED_EDGE('',*,*,#6550,.T.);
#6550 = EDGE_CURVE('',#6543,#6551,#6553,.T.);
#6551 = VERTEX_POINT('',#6552);
#6552 = CARTESIAN_POINT('',(-2.6264581915,0.43,0.282635182233));
#6553 = CIRCLE('',#6554,0.1);
#6554 = AXIS2_PLACEMENT_3D('',#6555,#6556,#6557);
#6555 = CARTESIAN_POINT('',(-2.724938966801,0.43,0.3));
#6556 = DIRECTION('',(-1.144237745222E-17,-1.,-0.));
#6557 = DIRECTION('',(0.,0.,-1.));
#6558 = ORIENTED_EDGE('',*,*,#6559,.T.);
#6559 = EDGE_CURVE('',#6551,#6560,#6562,.T.);
#6560 = VERTEX_POINT('',#6561);
#6561 = CARTESIAN_POINT('',(-2.545442325904,0.43,0.7770944533));
#6562 = LINE('',#6563,#6564);
#6563 = CARTESIAN_POINT('',(-2.6264581915,0.43,0.282635182233));
#6564 = VECTOR('',#6565,1.);
#6565 = DIRECTION('',(0.161691392282,-1.85013394127E-18,0.986841372087)
  );
#6566 = ORIENTED_EDGE('',*,*,#6567,.T.);
#6567 = EDGE_CURVE('',#6560,#6568,#6570,.T.);
#6568 = VERTEX_POINT('',#6569);
#6569 = CARTESIAN_POINT('',(-2.25,0.43,1.025));
#6570 = CIRCLE('',#6571,0.3);
#6571 = AXIS2_PLACEMENT_3D('',#6572,#6573,#6574);
#6572 = CARTESIAN_POINT('',(-2.25,0.43,0.725));
#6573 = DIRECTION('',(1.144237745222E-17,1.,7.703719777549E-34));
#6574 = DIRECTION('',(-0.984807753012,1.126854202784E-17,0.173648177667)
  );
#6575 = ORIENTED_EDGE('',*,*,#6576,.T.);
#6576 = EDGE_CURVE('',#6568,#5220,#6577,.T.);
#6577 = LINE('',#6578,#6579);
#6578 = CARTESIAN_POINT('',(-2.25,0.43,1.025));
#6579 = VECTOR('',#6580,1.);
#6580 = DIRECTION('',(1.,-1.144237745222E-17,0.));
#6581 = PLANE('',#6582);
#6582 = AXIS2_PLACEMENT_3D('',#6583,#6584,#6585);
#6583 = CARTESIAN_POINT('',(-2.42560961319,0.43,0.548953137803));
#6584 = DIRECTION('',(1.144237745222E-17,1.,0.));
#6585 = DIRECTION('',(0.,-0.,1.));
#6586 = ADVANCED_FACE('',(#6587),#6606,.F.);
#6587 = FACE_BOUND('',#6588,.F.);
#6588 = EDGE_LOOP('',(#6589,#6590,#6599,#6605));
#6589 = ORIENTED_EDGE('',*,*,#5258,.T.);
#6590 = ORIENTED_EDGE('',*,*,#6591,.T.);
#6591 = EDGE_CURVE('',#5251,#6592,#6594,.T.);
#6592 = VERTEX_POINT('',#6593);
#6593 = CARTESIAN_POINT('',(-2.348480775301,0.84,0.742364817767));
#6594 = CIRCLE('',#6595,0.1);
#6595 = AXIS2_PLACEMENT_3D('',#6596,#6597,#6598);
#6596 = CARTESIAN_POINT('',(-2.25,0.84,0.725));
#6597 = DIRECTION('',(-1.144237745222E-17,-1.,3.284293275761E-47));
#6598 = DIRECTION('',(-4.440892098501E-15,5.081436361563E-32,1.));
#6599 = ORIENTED_EDGE('',*,*,#6600,.F.);
#6600 = EDGE_CURVE('',#6501,#6592,#6601,.T.);
#6601 = LINE('',#6602,#6603);
#6602 = CARTESIAN_POINT('',(-2.348480775301,0.43,0.742364817767));
#6603 = VECTOR('',#6604,1.);
#6604 = DIRECTION('',(1.144237745222E-17,1.,0.));
#6605 = ORIENTED_EDGE('',*,*,#6500,.F.);
#6606 = CYLINDRICAL_SURFACE('',#6607,0.1);
#6607 = AXIS2_PLACEMENT_3D('',#6608,#6609,#6610);
#6608 = CARTESIAN_POINT('',(-2.25,0.43,0.725));
#6609 = DIRECTION('',(-1.144237745222E-17,-1.,0.));
#6610 = DIRECTION('',(-4.440892098501E-15,5.081436361563E-32,1.));
#6611 = ADVANCED_FACE('',(#6612),#6690,.T.);
#6612 = FACE_BOUND('',#6613,.T.);
#6613 = EDGE_LOOP('',(#6614,#6615,#6616,#6617,#6625,#6634,#6642,#6650,
    #6658,#6667,#6675,#6684));
#6614 = ORIENTED_EDGE('',*,*,#5272,.F.);
#6615 = ORIENTED_EDGE('',*,*,#5250,.T.);
#6616 = ORIENTED_EDGE('',*,*,#6591,.T.);
#6617 = ORIENTED_EDGE('',*,*,#6618,.T.);
#6618 = EDGE_CURVE('',#6592,#6619,#6621,.T.);
#6619 = VERTEX_POINT('',#6620);
#6620 = CARTESIAN_POINT('',(-2.429496640897,0.84,0.2479055467));
#6621 = LINE('',#6622,#6623);
#6622 = CARTESIAN_POINT('',(-2.348480775301,0.84,0.742364817767));
#6623 = VECTOR('',#6624,1.);
#6624 = DIRECTION('',(-0.161691392282,1.85013394127E-18,-0.986841372087)
  );
#6625 = ORIENTED_EDGE('',*,*,#6626,.T.);
#6626 = EDGE_CURVE('',#6619,#6627,#6629,.T.);
#6627 = VERTEX_POINT('',#6628);
#6628 = CARTESIAN_POINT('',(-2.724938966801,0.84,-1.665334536938E-16));
#6629 = CIRCLE('',#6630,0.3);
#6630 = AXIS2_PLACEMENT_3D('',#6631,#6632,#6633);
#6631 = CARTESIAN_POINT('',(-2.724938966801,0.84,0.3));
#6632 = DIRECTION('',(1.144237745222E-17,1.,7.703719777549E-34));
#6633 = DIRECTION('',(0.984807753012,-1.126854202784E-17,-0.173648177667
    ));
#6634 = ORIENTED_EDGE('',*,*,#6635,.T.);
#6635 = EDGE_CURVE('',#6627,#6636,#6638,.T.);
#6636 = VERTEX_POINT('',#6637);
#6637 = CARTESIAN_POINT('',(-3.,0.84,-1.665334536938E-16));
#6638 = LINE('',#6639,#6640);
#6639 = CARTESIAN_POINT('',(-2.724938966801,0.84,-1.665334536938E-16));
#6640 = VECTOR('',#6641,1.);
#6641 = DIRECTION('',(-1.,1.144237745222E-17,0.));
#6642 = ORIENTED_EDGE('',*,*,#6643,.T.);
#6643 = EDGE_CURVE('',#6636,#6644,#6646,.T.);
#6644 = VERTEX_POINT('',#6645);
#6645 = CARTESIAN_POINT('',(-3.,0.84,0.2));
#6646 = LINE('',#6647,#6648);
#6647 = CARTESIAN_POINT('',(-3.,0.84,-1.665334536938E-16));
#6648 = VECTOR('',#6649,1.);
#6649 = DIRECTION('',(0.,0.,1.));
#6650 = ORIENTED_EDGE('',*,*,#6651,.T.);
#6651 = EDGE_CURVE('',#6644,#6652,#6654,.T.);
#6652 = VERTEX_POINT('',#6653);
#6653 = CARTESIAN_POINT('',(-2.724938966801,0.84,0.2));
#6654 = LINE('',#6655,#6656);
#6655 = CARTESIAN_POINT('',(-3.,0.84,0.2));
#6656 = VECTOR('',#6657,1.);
#6657 = DIRECTION('',(1.,-1.144237745222E-17,0.));
#6658 = ORIENTED_EDGE('',*,*,#6659,.T.);
#6659 = EDGE_CURVE('',#6652,#6660,#6662,.T.);
#6660 = VERTEX_POINT('',#6661);
#6661 = CARTESIAN_POINT('',(-2.6264581915,0.84,0.282635182233));
#6662 = CIRCLE('',#6663,0.1);
#6663 = AXIS2_PLACEMENT_3D('',#6664,#6665,#6666);
#6664 = CARTESIAN_POINT('',(-2.724938966801,0.84,0.3));
#6665 = DIRECTION('',(-1.144237745222E-17,-1.,-0.));
#6666 = DIRECTION('',(0.,0.,-1.));
#6667 = ORIENTED_EDGE('',*,*,#6668,.T.);
#6668 = EDGE_CURVE('',#6660,#6669,#6671,.T.);
#6669 = VERTEX_POINT('',#6670);
#6670 = CARTESIAN_POINT('',(-2.545442325904,0.84,0.7770944533));
#6671 = LINE('',#6672,#6673);
#6672 = CARTESIAN_POINT('',(-2.6264581915,0.84,0.282635182233));
#6673 = VECTOR('',#6674,1.);
#6674 = DIRECTION('',(0.161691392282,-1.85013394127E-18,0.986841372087)
  );
#6675 = ORIENTED_EDGE('',*,*,#6676,.T.);
#6676 = EDGE_CURVE('',#6669,#6677,#6679,.T.);
#6677 = VERTEX_POINT('',#6678);
#6678 = CARTESIAN_POINT('',(-2.25,0.84,1.025));
#6679 = CIRCLE('',#6680,0.3);
#6680 = AXIS2_PLACEMENT_3D('',#6681,#6682,#6683);
#6681 = CARTESIAN_POINT('',(-2.25,0.84,0.725));
#6682 = DIRECTION('',(1.144237745222E-17,1.,7.703719777549E-34));
#6683 = DIRECTION('',(-0.984807753012,1.126854202784E-17,0.173648177667)
  );
#6684 = ORIENTED_EDGE('',*,*,#6685,.T.);
#6685 = EDGE_CURVE('',#6677,#5273,#6686,.T.);
#6686 = LINE('',#6687,#6688);
#6687 = CARTESIAN_POINT('',(-2.25,0.84,1.025));
#6688 = VECTOR('',#6689,1.);
#6689 = DIRECTION('',(1.,-1.144237745222E-17,0.));
#6690 = PLANE('',#6691);
#6691 = AXIS2_PLACEMENT_3D('',#6692,#6693,#6694);
#6692 = CARTESIAN_POINT('',(-2.42560961319,0.84,0.548953137803));
#6693 = DIRECTION('',(1.144237745222E-17,1.,0.));
#6694 = DIRECTION('',(0.,-0.,1.));
#6695 = ADVANCED_FACE('',(#6696),#6707,.F.);
#6696 = FACE_BOUND('',#6697,.F.);
#6697 = EDGE_LOOP('',(#6698,#6699,#6700,#6701));
#6698 = ORIENTED_EDGE('',*,*,#5289,.T.);
#6699 = ORIENTED_EDGE('',*,*,#5709,.T.);
#6700 = ORIENTED_EDGE('',*,*,#5773,.F.);
#6701 = ORIENTED_EDGE('',*,*,#6702,.F.);
#6702 = EDGE_CURVE('',#5273,#5766,#6703,.T.);
#6703 = LINE('',#6704,#6705);
#6704 = CARTESIAN_POINT('',(-2.25,0.84,1.025));
#6705 = VECTOR('',#6706,1.);
#6706 = DIRECTION('',(1.,-1.144237745222E-17,0.));
#6707 = PLANE('',#6708);
#6708 = AXIS2_PLACEMENT_3D('',#6709,#6710,#6711);
#6709 = CARTESIAN_POINT('',(-3.027078129022E-16,2.4125,1.025));
#6710 = DIRECTION('',(2.007919022429E-31,-7.713306628828E-27,-1.));
#6711 = DIRECTION('',(1.,1.112083013911E-16,2.00791902242E-31));
#6712 = ADVANCED_FACE('',(#6713),#6792,.F.);
#6713 = FACE_BOUND('',#6714,.F.);
#6714 = EDGE_LOOP('',(#6715,#6716,#6717,#6726,#6734,#6743,#6751,#6759,
    #6767,#6776,#6784,#6791));
#6715 = ORIENTED_EDGE('',*,*,#5281,.F.);
#6716 = ORIENTED_EDGE('',*,*,#5303,.T.);
#6717 = ORIENTED_EDGE('',*,*,#6718,.T.);
#6718 = EDGE_CURVE('',#5304,#6719,#6721,.T.);
#6719 = VERTEX_POINT('',#6720);
#6720 = CARTESIAN_POINT('',(-2.348480775301,1.7,0.742364817767));
#6721 = CIRCLE('',#6722,0.1);
#6722 = AXIS2_PLACEMENT_3D('',#6723,#6724,#6725);
#6723 = CARTESIAN_POINT('',(-2.25,1.7,0.725));
#6724 = DIRECTION('',(-1.144237745222E-17,-1.,3.284293275761E-47));
#6725 = DIRECTION('',(-4.440892098501E-15,5.081436361563E-32,1.));
#6726 = ORIENTED_EDGE('',*,*,#6727,.T.);
#6727 = EDGE_CURVE('',#6719,#6728,#6730,.T.);
#6728 = VERTEX_POINT('',#6729);
#6729 = CARTESIAN_POINT('',(-2.429496640897,1.7,0.2479055467));
#6730 = LINE('',#6731,#6732);
#6731 = CARTESIAN_POINT('',(-2.348480775301,1.7,0.742364817767));
#6732 = VECTOR('',#6733,1.);
#6733 = DIRECTION('',(-0.161691392282,1.85013394127E-18,-0.986841372087)
  );
#6734 = ORIENTED_EDGE('',*,*,#6735,.T.);
#6735 = EDGE_CURVE('',#6728,#6736,#6738,.T.);
#6736 = VERTEX_POINT('',#6737);
#6737 = CARTESIAN_POINT('',(-2.724938966801,1.7,-1.665334536938E-16));
#6738 = CIRCLE('',#6739,0.3);
#6739 = AXIS2_PLACEMENT_3D('',#6740,#6741,#6742);
#6740 = CARTESIAN_POINT('',(-2.724938966801,1.7,0.3));
#6741 = DIRECTION('',(1.144237745222E-17,1.,7.703719777549E-34));
#6742 = DIRECTION('',(0.984807753012,-1.126854202784E-17,-0.173648177667
    ));
#6743 = ORIENTED_EDGE('',*,*,#6744,.T.);
#6744 = EDGE_CURVE('',#6736,#6745,#6747,.T.);
#6745 = VERTEX_POINT('',#6746);
#6746 = CARTESIAN_POINT('',(-3.,1.7,-1.665334536938E-16));
#6747 = LINE('',#6748,#6749);
#6748 = CARTESIAN_POINT('',(-2.724938966801,1.7,-1.665334536938E-16));
#6749 = VECTOR('',#6750,1.);
#6750 = DIRECTION('',(-1.,1.144237745222E-17,0.));
#6751 = ORIENTED_EDGE('',*,*,#6752,.T.);
#6752 = EDGE_CURVE('',#6745,#6753,#6755,.T.);
#6753 = VERTEX_POINT('',#6754);
#6754 = CARTESIAN_POINT('',(-3.,1.7,0.2));
#6755 = LINE('',#6756,#6757);
#6756 = CARTESIAN_POINT('',(-3.,1.7,-1.665334536938E-16));
#6757 = VECTOR('',#6758,1.);
#6758 = DIRECTION('',(0.,0.,1.));
#6759 = ORIENTED_EDGE('',*,*,#6760,.T.);
#6760 = EDGE_CURVE('',#6753,#6761,#6763,.T.);
#6761 = VERTEX_POINT('',#6762);
#6762 = CARTESIAN_POINT('',(-2.724938966801,1.7,0.2));
#6763 = LINE('',#6764,#6765);
#6764 = CARTESIAN_POINT('',(-3.,1.7,0.2));
#6765 = VECTOR('',#6766,1.);
#6766 = DIRECTION('',(1.,-1.144237745222E-17,0.));
#6767 = ORIENTED_EDGE('',*,*,#6768,.T.);
#6768 = EDGE_CURVE('',#6761,#6769,#6771,.T.);
#6769 = VERTEX_POINT('',#6770);
#6770 = CARTESIAN_POINT('',(-2.6264581915,1.7,0.282635182233));
#6771 = CIRCLE('',#6772,0.1);
#6772 = AXIS2_PLACEMENT_3D('',#6773,#6774,#6775);
#6773 = CARTESIAN_POINT('',(-2.724938966801,1.7,0.3));
#6774 = DIRECTION('',(-1.144237745222E-17,-1.,-0.));
#6775 = DIRECTION('',(0.,0.,-1.));
#6776 = ORIENTED_EDGE('',*,*,#6777,.T.);
#6777 = EDGE_CURVE('',#6769,#6778,#6780,.T.);
#6778 = VERTEX_POINT('',#6779);
#6779 = CARTESIAN_POINT('',(-2.545442325904,1.7,0.7770944533));
#6780 = LINE('',#6781,#6782);
#6781 = CARTESIAN_POINT('',(-2.6264581915,1.7,0.282635182233));
#6782 = VECTOR('',#6783,1.);
#6783 = DIRECTION('',(0.161691392282,-1.85013394127E-18,0.986841372087)
  );
#6784 = ORIENTED_EDGE('',*,*,#6785,.T.);
#6785 = EDGE_CURVE('',#6778,#5679,#6786,.T.);
#6786 = CIRCLE('',#6787,0.3);
#6787 = AXIS2_PLACEMENT_3D('',#6788,#6789,#6790);
#6788 = CARTESIAN_POINT('',(-2.25,1.7,0.725));
#6789 = DIRECTION('',(1.144237745222E-17,1.,7.703719777549E-34));
#6790 = DIRECTION('',(-0.984807753012,1.126854202784E-17,0.173648177667)
  );
#6791 = ORIENTED_EDGE('',*,*,#5678,.T.);
#6792 = PLANE('',#6793);
#6793 = AXIS2_PLACEMENT_3D('',#6794,#6795,#6796);
#6794 = CARTESIAN_POINT('',(-2.42560961319,1.7,0.548953137803));
#6795 = DIRECTION('',(1.144237745222E-17,1.,0.));
#6796 = DIRECTION('',(0.,-0.,1.));
#6797 = ADVANCED_FACE('',(#6798),#6817,.F.);
#6798 = FACE_BOUND('',#6799,.F.);
#6799 = EDGE_LOOP('',(#6800,#6801,#6810,#6816));
#6800 = ORIENTED_EDGE('',*,*,#5320,.T.);
#6801 = ORIENTED_EDGE('',*,*,#6802,.T.);
#6802 = EDGE_CURVE('',#5313,#6803,#6805,.T.);
#6803 = VERTEX_POINT('',#6804);
#6804 = CARTESIAN_POINT('',(-2.348480775301,2.11,0.742364817767));
#6805 = CIRCLE('',#6806,0.1);
#6806 = AXIS2_PLACEMENT_3D('',#6807,#6808,#6809);
#6807 = CARTESIAN_POINT('',(-2.25,2.11,0.725));
#6808 = DIRECTION('',(-1.144237745222E-17,-1.,3.284293275761E-47));
#6809 = DIRECTION('',(-4.440892098501E-15,5.081436361563E-32,1.));
#6810 = ORIENTED_EDGE('',*,*,#6811,.F.);
#6811 = EDGE_CURVE('',#6719,#6803,#6812,.T.);
#6812 = LINE('',#6813,#6814);
#6813 = CARTESIAN_POINT('',(-2.348480775301,1.7,0.742364817767));
#6814 = VECTOR('',#6815,1.);
#6815 = DIRECTION('',(1.144237745222E-17,1.,0.));
#6816 = ORIENTED_EDGE('',*,*,#6718,.F.);
#6817 = CYLINDRICAL_SURFACE('',#6818,0.1);
#6818 = AXIS2_PLACEMENT_3D('',#6819,#6820,#6821);
#6819 = CARTESIAN_POINT('',(-2.25,1.7,0.725));
#6820 = DIRECTION('',(-1.144237745222E-17,-1.,0.));
#6821 = DIRECTION('',(-4.440892098501E-15,5.081436361563E-32,1.));
#6822 = ADVANCED_FACE('',(#6823),#6894,.T.);
#6823 = FACE_BOUND('',#6824,.T.);
#6824 = EDGE_LOOP('',(#6825,#6826,#6827,#6828,#6836,#6845,#6853,#6861,
    #6869,#6878,#6886,#6893));
#6825 = ORIENTED_EDGE('',*,*,#5334,.F.);
#6826 = ORIENTED_EDGE('',*,*,#5312,.T.);
#6827 = ORIENTED_EDGE('',*,*,#6802,.T.);
#6828 = ORIENTED_EDGE('',*,*,#6829,.T.);
#6829 = EDGE_CURVE('',#6803,#6830,#6832,.T.);
#6830 = VERTEX_POINT('',#6831);
#6831 = CARTESIAN_POINT('',(-2.429496640897,2.11,0.2479055467));
#6832 = LINE('',#6833,#6834);
#6833 = CARTESIAN_POINT('',(-2.348480775301,2.11,0.742364817767));
#6834 = VECTOR('',#6835,1.);
#6835 = DIRECTION('',(-0.161691392282,1.85013394127E-18,-0.986841372087)
  );
#6836 = ORIENTED_EDGE('',*,*,#6837,.T.);
#6837 = EDGE_CURVE('',#6830,#6838,#6840,.T.);
#6838 = VERTEX_POINT('',#6839);
#6839 = CARTESIAN_POINT('',(-2.724938966801,2.11,-1.665334536938E-16));
#6840 = CIRCLE('',#6841,0.3);
#6841 = AXIS2_PLACEMENT_3D('',#6842,#6843,#6844);
#6842 = CARTESIAN_POINT('',(-2.724938966801,2.11,0.3));
#6843 = DIRECTION('',(1.144237745222E-17,1.,7.703719777549E-34));
#6844 = DIRECTION('',(0.984807753012,-1.126854202784E-17,-0.173648177667
    ));
#6845 = ORIENTED_EDGE('',*,*,#6846,.T.);
#6846 = EDGE_CURVE('',#6838,#6847,#6849,.T.);
#6847 = VERTEX_POINT('',#6848);
#6848 = CARTESIAN_POINT('',(-3.,2.11,-1.665334536938E-16));
#6849 = LINE('',#6850,#6851);
#6850 = CARTESIAN_POINT('',(-2.724938966801,2.11,-1.665334536938E-16));
#6851 = VECTOR('',#6852,1.);
#6852 = DIRECTION('',(-1.,1.144237745222E-17,0.));
#6853 = ORIENTED_EDGE('',*,*,#6854,.T.);
#6854 = EDGE_CURVE('',#6847,#6855,#6857,.T.);
#6855 = VERTEX_POINT('',#6856);
#6856 = CARTESIAN_POINT('',(-3.,2.11,0.2));
#6857 = LINE('',#6858,#6859);
#6858 = CARTESIAN_POINT('',(-3.,2.11,-1.665334536938E-16));
#6859 = VECTOR('',#6860,1.);
#6860 = DIRECTION('',(0.,0.,1.));
#6861 = ORIENTED_EDGE('',*,*,#6862,.T.);
#6862 = EDGE_CURVE('',#6855,#6863,#6865,.T.);
#6863 = VERTEX_POINT('',#6864);
#6864 = CARTESIAN_POINT('',(-2.724938966801,2.11,0.2));
#6865 = LINE('',#6866,#6867);
#6866 = CARTESIAN_POINT('',(-3.,2.11,0.2));
#6867 = VECTOR('',#6868,1.);
#6868 = DIRECTION('',(1.,-1.144237745222E-17,0.));
#6869 = ORIENTED_EDGE('',*,*,#6870,.T.);
#6870 = EDGE_CURVE('',#6863,#6871,#6873,.T.);
#6871 = VERTEX_POINT('',#6872);
#6872 = CARTESIAN_POINT('',(-2.6264581915,2.11,0.282635182233));
#6873 = CIRCLE('',#6874,0.1);
#6874 = AXIS2_PLACEMENT_3D('',#6875,#6876,#6877);
#6875 = CARTESIAN_POINT('',(-2.724938966801,2.11,0.3));
#6876 = DIRECTION('',(-1.144237745222E-17,-1.,-0.));
#6877 = DIRECTION('',(0.,0.,-1.));
#6878 = ORIENTED_EDGE('',*,*,#6879,.T.);
#6879 = EDGE_CURVE('',#6871,#6880,#6882,.T.);
#6880 = VERTEX_POINT('',#6881);
#6881 = CARTESIAN_POINT('',(-2.545442325904,2.11,0.7770944533));
#6882 = LINE('',#6883,#6884);
#6883 = CARTESIAN_POINT('',(-2.6264581915,2.11,0.282635182233));
#6884 = VECTOR('',#6885,1.);
#6885 = DIRECTION('',(0.161691392282,-1.85013394127E-18,0.986841372087)
  );
#6886 = ORIENTED_EDGE('',*,*,#6887,.T.);
#6887 = EDGE_CURVE('',#6880,#5687,#6888,.T.);
#6888 = CIRCLE('',#6889,0.3);
#6889 = AXIS2_PLACEMENT_3D('',#6890,#6891,#6892);
#6890 = CARTESIAN_POINT('',(-2.25,2.11,0.725));
#6891 = DIRECTION('',(1.144237745222E-17,1.,7.703719777549E-34));
#6892 = DIRECTION('',(-0.984807753012,1.126854202784E-17,0.173648177667)
  );
#6893 = ORIENTED_EDGE('',*,*,#5694,.T.);
#6894 = PLANE('',#6895);
#6895 = AXIS2_PLACEMENT_3D('',#6896,#6897,#6898);
#6896 = CARTESIAN_POINT('',(-2.42560961319,2.11,0.548953137803));
#6897 = DIRECTION('',(1.144237745222E-17,1.,0.));
#6898 = DIRECTION('',(0.,-0.,1.));
#6899 = ADVANCED_FACE('',(#6900),#6979,.F.);
#6900 = FACE_BOUND('',#6901,.F.);
#6901 = EDGE_LOOP('',(#6902,#6903,#6904,#6913,#6921,#6930,#6938,#6946,
    #6954,#6963,#6971,#6978));
#6902 = ORIENTED_EDGE('',*,*,#5353,.F.);
#6903 = ORIENTED_EDGE('',*,*,#5368,.T.);
#6904 = ORIENTED_EDGE('',*,*,#6905,.T.);
#6905 = EDGE_CURVE('',#5369,#6906,#6908,.T.);
#6906 = VERTEX_POINT('',#6907);
#6907 = CARTESIAN_POINT('',(2.348480775301,2.11,0.742364817767));
#6908 = CIRCLE('',#6909,0.1);
#6909 = AXIS2_PLACEMENT_3D('',#6910,#6911,#6912);
#6910 = CARTESIAN_POINT('',(2.25,2.11,0.725));
#6911 = DIRECTION('',(-1.110223024625E-16,1.,0.));
#6912 = DIRECTION('',(4.440892098501E-15,4.930380657631E-31,1.));
#6913 = ORIENTED_EDGE('',*,*,#6914,.T.);
#6914 = EDGE_CURVE('',#6906,#6915,#6917,.T.);
#6915 = VERTEX_POINT('',#6916);
#6916 = CARTESIAN_POINT('',(2.429496640897,2.11,0.2479055467));
#6917 = LINE('',#6918,#6919);
#6918 = CARTESIAN_POINT('',(2.348480775301,2.11,0.742364817767));
#6919 = VECTOR('',#6920,1.);
#6920 = DIRECTION('',(0.161691392282,1.795135065956E-17,-0.986841372087)
  );
#6921 = ORIENTED_EDGE('',*,*,#6922,.T.);
#6922 = EDGE_CURVE('',#6915,#6923,#6925,.T.);
#6923 = VERTEX_POINT('',#6924);
#6924 = CARTESIAN_POINT('',(2.724938966801,2.11,-1.665334536938E-16));
#6925 = CIRCLE('',#6926,0.3);
#6926 = AXIS2_PLACEMENT_3D('',#6927,#6928,#6929);
#6927 = CARTESIAN_POINT('',(2.724938966801,2.11,0.3));
#6928 = DIRECTION('',(1.110223024625E-16,-1.,0.));
#6929 = DIRECTION('',(-0.984807753012,-1.093356242223E-16,
    -0.173648177667));
#6930 = ORIENTED_EDGE('',*,*,#6931,.T.);
#6931 = EDGE_CURVE('',#6923,#6932,#6934,.T.);
#6932 = VERTEX_POINT('',#6933);
#6933 = CARTESIAN_POINT('',(3.,2.11,-1.665334536938E-16));
#6934 = LINE('',#6935,#6936);
#6935 = CARTESIAN_POINT('',(2.724938966801,2.11,-1.665334536938E-16));
#6936 = VECTOR('',#6937,1.);
#6937 = DIRECTION('',(1.,1.110223024625E-16,0.));
#6938 = ORIENTED_EDGE('',*,*,#6939,.T.);
#6939 = EDGE_CURVE('',#6932,#6940,#6942,.T.);
#6940 = VERTEX_POINT('',#6941);
#6941 = CARTESIAN_POINT('',(3.,2.11,0.2));
#6942 = LINE('',#6943,#6944);
#6943 = CARTESIAN_POINT('',(3.,2.11,-1.665334536938E-16));
#6944 = VECTOR('',#6945,1.);
#6945 = DIRECTION('',(0.,0.,1.));
#6946 = ORIENTED_EDGE('',*,*,#6947,.T.);
#6947 = EDGE_CURVE('',#6940,#6948,#6950,.T.);
#6948 = VERTEX_POINT('',#6949);
#6949 = CARTESIAN_POINT('',(2.724938966801,2.11,0.2));
#6950 = LINE('',#6951,#6952);
#6951 = CARTESIAN_POINT('',(3.,2.11,0.2));
#6952 = VECTOR('',#6953,1.);
#6953 = DIRECTION('',(-1.,-1.110223024625E-16,0.));
#6954 = ORIENTED_EDGE('',*,*,#6955,.T.);
#6955 = EDGE_CURVE('',#6948,#6956,#6958,.T.);
#6956 = VERTEX_POINT('',#6957);
#6957 = CARTESIAN_POINT('',(2.6264581915,2.11,0.282635182233));
#6958 = CIRCLE('',#6959,0.1);
#6959 = AXIS2_PLACEMENT_3D('',#6960,#6961,#6962);
#6960 = CARTESIAN_POINT('',(2.724938966801,2.11,0.3));
#6961 = DIRECTION('',(-1.110223024625E-16,1.,0.));
#6962 = DIRECTION('',(0.,0.,-1.));
#6963 = ORIENTED_EDGE('',*,*,#6964,.T.);
#6964 = EDGE_CURVE('',#6956,#6965,#6967,.T.);
#6965 = VERTEX_POINT('',#6966);
#6966 = CARTESIAN_POINT('',(2.545442325904,2.11,0.7770944533));
#6967 = LINE('',#6968,#6969);
#6968 = CARTESIAN_POINT('',(2.6264581915,2.11,0.282635182233));
#6969 = VECTOR('',#6970,1.);
#6970 = DIRECTION('',(-0.161691392282,-1.795135065956E-17,0.986841372087
    ));
#6971 = ORIENTED_EDGE('',*,*,#6972,.T.);
#6972 = EDGE_CURVE('',#6965,#5966,#6973,.T.);
#6973 = CIRCLE('',#6974,0.3);
#6974 = AXIS2_PLACEMENT_3D('',#6975,#6976,#6977);
#6975 = CARTESIAN_POINT('',(2.25,2.11,0.725));
#6976 = DIRECTION('',(1.110223024625E-16,-1.,0.));
#6977 = DIRECTION('',(0.984807753012,1.093356242223E-16,0.173648177667)
  );
#6978 = ORIENTED_EDGE('',*,*,#5965,.T.);
#6979 = PLANE('',#6980);
#6980 = AXIS2_PLACEMENT_3D('',#6981,#6982,#6983);
#6981 = CARTESIAN_POINT('',(2.42560961319,2.11,0.548953137803));
#6982 = DIRECTION('',(1.110223024625E-16,-1.,0.));
#6983 = DIRECTION('',(0.,0.,1.));
#6984 = ADVANCED_FACE('',(#6985),#7004,.F.);
#6985 = FACE_BOUND('',#6986,.F.);
#6986 = EDGE_LOOP('',(#6987,#6988,#6997,#7003));
#6987 = ORIENTED_EDGE('',*,*,#5385,.T.);
#6988 = ORIENTED_EDGE('',*,*,#6989,.T.);
#6989 = EDGE_CURVE('',#5378,#6990,#6992,.T.);
#6990 = VERTEX_POINT('',#6991);
#6991 = CARTESIAN_POINT('',(2.348480775301,1.7,0.742364817767));
#6992 = CIRCLE('',#6993,0.1);
#6993 = AXIS2_PLACEMENT_3D('',#6994,#6995,#6996);
#6994 = CARTESIAN_POINT('',(2.25,1.7,0.725));
#6995 = DIRECTION('',(-1.110223024625E-16,1.,0.));
#6996 = DIRECTION('',(4.440892098501E-15,4.930380657631E-31,1.));
#6997 = ORIENTED_EDGE('',*,*,#6998,.F.);
#6998 = EDGE_CURVE('',#6906,#6990,#6999,.T.);
#6999 = LINE('',#7000,#7001);
#7000 = CARTESIAN_POINT('',(2.348480775301,2.11,0.742364817767));
#7001 = VECTOR('',#7002,1.);
#7002 = DIRECTION('',(1.110223024625E-16,-1.,0.));
#7003 = ORIENTED_EDGE('',*,*,#6905,.F.);
#7004 = CYLINDRICAL_SURFACE('',#7005,0.1);
#7005 = AXIS2_PLACEMENT_3D('',#7006,#7007,#7008);
#7006 = CARTESIAN_POINT('',(2.25,2.11,0.725));
#7007 = DIRECTION('',(-1.110223024625E-16,1.,0.));
#7008 = DIRECTION('',(4.440892098501E-15,4.930380657631E-31,1.));
#7009 = ADVANCED_FACE('',(#7010),#7081,.T.);
#7010 = FACE_BOUND('',#7011,.T.);
#7011 = EDGE_LOOP('',(#7012,#7013,#7014,#7015,#7023,#7032,#7040,#7048,
    #7056,#7065,#7073,#7080));
#7012 = ORIENTED_EDGE('',*,*,#5399,.F.);
#7013 = ORIENTED_EDGE('',*,*,#5377,.T.);
#7014 = ORIENTED_EDGE('',*,*,#6989,.T.);
#7015 = ORIENTED_EDGE('',*,*,#7016,.T.);
#7016 = EDGE_CURVE('',#6990,#7017,#7019,.T.);
#7017 = VERTEX_POINT('',#7018);
#7018 = CARTESIAN_POINT('',(2.429496640897,1.7,0.2479055467));
#7019 = LINE('',#7020,#7021);
#7020 = CARTESIAN_POINT('',(2.348480775301,1.7,0.742364817767));
#7021 = VECTOR('',#7022,1.);
#7022 = DIRECTION('',(0.161691392282,1.795135065956E-17,-0.986841372087)
  );
#7023 = ORIENTED_EDGE('',*,*,#7024,.T.);
#7024 = EDGE_CURVE('',#7017,#7025,#7027,.T.);
#7025 = VERTEX_POINT('',#7026);
#7026 = CARTESIAN_POINT('',(2.724938966801,1.7,-1.665334536938E-16));
#7027 = CIRCLE('',#7028,0.3);
#7028 = AXIS2_PLACEMENT_3D('',#7029,#7030,#7031);
#7029 = CARTESIAN_POINT('',(2.724938966801,1.7,0.3));
#7030 = DIRECTION('',(1.110223024625E-16,-1.,0.));
#7031 = DIRECTION('',(-0.984807753012,-1.093356242223E-16,
    -0.173648177667));
#7032 = ORIENTED_EDGE('',*,*,#7033,.T.);
#7033 = EDGE_CURVE('',#7025,#7034,#7036,.T.);
#7034 = VERTEX_POINT('',#7035);
#7035 = CARTESIAN_POINT('',(3.,1.7,-1.665334536938E-16));
#7036 = LINE('',#7037,#7038);
#7037 = CARTESIAN_POINT('',(2.724938966801,1.7,-1.665334536938E-16));
#7038 = VECTOR('',#7039,1.);
#7039 = DIRECTION('',(1.,1.110223024625E-16,0.));
#7040 = ORIENTED_EDGE('',*,*,#7041,.T.);
#7041 = EDGE_CURVE('',#7034,#7042,#7044,.T.);
#7042 = VERTEX_POINT('',#7043);
#7043 = CARTESIAN_POINT('',(3.,1.7,0.2));
#7044 = LINE('',#7045,#7046);
#7045 = CARTESIAN_POINT('',(3.,1.7,-1.665334536938E-16));
#7046 = VECTOR('',#7047,1.);
#7047 = DIRECTION('',(0.,0.,1.));
#7048 = ORIENTED_EDGE('',*,*,#7049,.T.);
#7049 = EDGE_CURVE('',#7042,#7050,#7052,.T.);
#7050 = VERTEX_POINT('',#7051);
#7051 = CARTESIAN_POINT('',(2.724938966801,1.7,0.2));
#7052 = LINE('',#7053,#7054);
#7053 = CARTESIAN_POINT('',(3.,1.7,0.2));
#7054 = VECTOR('',#7055,1.);
#7055 = DIRECTION('',(-1.,-1.110223024625E-16,0.));
#7056 = ORIENTED_EDGE('',*,*,#7057,.T.);
#7057 = EDGE_CURVE('',#7050,#7058,#7060,.T.);
#7058 = VERTEX_POINT('',#7059);
#7059 = CARTESIAN_POINT('',(2.6264581915,1.7,0.282635182233));
#7060 = CIRCLE('',#7061,0.1);
#7061 = AXIS2_PLACEMENT_3D('',#7062,#7063,#7064);
#7062 = CARTESIAN_POINT('',(2.724938966801,1.7,0.3));
#7063 = DIRECTION('',(-1.110223024625E-16,1.,0.));
#7064 = DIRECTION('',(0.,0.,-1.));
#7065 = ORIENTED_EDGE('',*,*,#7066,.T.);
#7066 = EDGE_CURVE('',#7058,#7067,#7069,.T.);
#7067 = VERTEX_POINT('',#7068);
#7068 = CARTESIAN_POINT('',(2.545442325904,1.7,0.7770944533));
#7069 = LINE('',#7070,#7071);
#7070 = CARTESIAN_POINT('',(2.6264581915,1.7,0.282635182233));
#7071 = VECTOR('',#7072,1.);
#7072 = DIRECTION('',(-0.161691392282,-1.795135065956E-17,0.986841372087
    ));
#7073 = ORIENTED_EDGE('',*,*,#7074,.T.);
#7074 = EDGE_CURVE('',#7067,#5974,#7075,.T.);
#7075 = CIRCLE('',#7076,0.3);
#7076 = AXIS2_PLACEMENT_3D('',#7077,#7078,#7079);
#7077 = CARTESIAN_POINT('',(2.25,1.7,0.725));
#7078 = DIRECTION('',(1.110223024625E-16,-1.,0.));
#7079 = DIRECTION('',(0.984807753012,1.093356242223E-16,0.173648177667)
  );
#7080 = ORIENTED_EDGE('',*,*,#5981,.T.);
#7081 = PLANE('',#7082);
#7082 = AXIS2_PLACEMENT_3D('',#7083,#7084,#7085);
#7083 = CARTESIAN_POINT('',(2.42560961319,1.7,0.548953137803));
#7084 = DIRECTION('',(1.110223024625E-16,-1.,0.));
#7085 = DIRECTION('',(0.,0.,1.));
#7086 = ADVANCED_FACE('',(#7087),#7098,.F.);
#7087 = FACE_BOUND('',#7088,.F.);
#7088 = EDGE_LOOP('',(#7089,#7090,#7091,#7097));
#7089 = ORIENTED_EDGE('',*,*,#5987,.F.);
#7090 = ORIENTED_EDGE('',*,*,#5416,.T.);
#7091 = ORIENTED_EDGE('',*,*,#7092,.T.);
#7092 = EDGE_CURVE('',#5409,#5888,#7093,.T.);
#7093 = LINE('',#7094,#7095);
#7094 = CARTESIAN_POINT('',(2.25,0.84,1.025));
#7095 = VECTOR('',#7096,1.);
#7096 = DIRECTION('',(-1.,-1.110223024625E-16,0.));
#7097 = ORIENTED_EDGE('',*,*,#5887,.F.);
#7098 = PLANE('',#7099);
#7099 = AXIS2_PLACEMENT_3D('',#7100,#7101,#7102);
#7100 = CARTESIAN_POINT('',(-3.027078129022E-16,2.4125,1.025));
#7101 = DIRECTION('',(2.007919022429E-31,-7.713306628828E-27,-1.));
#7102 = DIRECTION('',(1.,1.112083013911E-16,2.00791902242E-31));
#7103 = ADVANCED_FACE('',(#7104),#7190,.F.);
#7104 = FACE_BOUND('',#7105,.F.);
#7105 = EDGE_LOOP('',(#7106,#7107,#7108,#7117,#7125,#7134,#7142,#7150,
    #7158,#7167,#7175,#7184));
#7106 = ORIENTED_EDGE('',*,*,#5408,.F.);
#7107 = ORIENTED_EDGE('',*,*,#5430,.T.);
#7108 = ORIENTED_EDGE('',*,*,#7109,.T.);
#7109 = EDGE_CURVE('',#5431,#7110,#7112,.T.);
#7110 = VERTEX_POINT('',#7111);
#7111 = CARTESIAN_POINT('',(2.348480775301,0.84,0.742364817767));
#7112 = CIRCLE('',#7113,0.1);
#7113 = AXIS2_PLACEMENT_3D('',#7114,#7115,#7116);
#7114 = CARTESIAN_POINT('',(2.25,0.84,0.725));
#7115 = DIRECTION('',(-1.110223024625E-16,1.,0.));
#7116 = DIRECTION('',(4.440892098501E-15,4.930380657631E-31,1.));
#7117 = ORIENTED_EDGE('',*,*,#7118,.T.);
#7118 = EDGE_CURVE('',#7110,#7119,#7121,.T.);
#7119 = VERTEX_POINT('',#7120);
#7120 = CARTESIAN_POINT('',(2.429496640897,0.84,0.2479055467));
#7121 = LINE('',#7122,#7123);
#7122 = CARTESIAN_POINT('',(2.348480775301,0.84,0.742364817767));
#7123 = VECTOR('',#7124,1.);
#7124 = DIRECTION('',(0.161691392282,1.795135065956E-17,-0.986841372087)
  );
#7125 = ORIENTED_EDGE('',*,*,#7126,.T.);
#7126 = EDGE_CURVE('',#7119,#7127,#7129,.T.);
#7127 = VERTEX_POINT('',#7128);
#7128 = CARTESIAN_POINT('',(2.724938966801,0.84,-1.665334536938E-16));
#7129 = CIRCLE('',#7130,0.3);
#7130 = AXIS2_PLACEMENT_3D('',#7131,#7132,#7133);
#7131 = CARTESIAN_POINT('',(2.724938966801,0.84,0.3));
#7132 = DIRECTION('',(1.110223024625E-16,-1.,0.));
#7133 = DIRECTION('',(-0.984807753012,-1.093356242223E-16,
    -0.173648177667));
#7134 = ORIENTED_EDGE('',*,*,#7135,.T.);
#7135 = EDGE_CURVE('',#7127,#7136,#7138,.T.);
#7136 = VERTEX_POINT('',#7137);
#7137 = CARTESIAN_POINT('',(3.,0.84,-1.665334536938E-16));
#7138 = LINE('',#7139,#7140);
#7139 = CARTESIAN_POINT('',(2.724938966801,0.84,-1.665334536938E-16));
#7140 = VECTOR('',#7141,1.);
#7141 = DIRECTION('',(1.,1.110223024625E-16,0.));
#7142 = ORIENTED_EDGE('',*,*,#7143,.T.);
#7143 = EDGE_CURVE('',#7136,#7144,#7146,.T.);
#7144 = VERTEX_POINT('',#7145);
#7145 = CARTESIAN_POINT('',(3.,0.84,0.2));
#7146 = LINE('',#7147,#7148);
#7147 = CARTESIAN_POINT('',(3.,0.84,-1.665334536938E-16));
#7148 = VECTOR('',#7149,1.);
#7149 = DIRECTION('',(0.,0.,1.));
#7150 = ORIENTED_EDGE('',*,*,#7151,.T.);
#7151 = EDGE_CURVE('',#7144,#7152,#7154,.T.);
#7152 = VERTEX_POINT('',#7153);
#7153 = CARTESIAN_POINT('',(2.724938966801,0.84,0.2));
#7154 = LINE('',#7155,#7156);
#7155 = CARTESIAN_POINT('',(3.,0.84,0.2));
#7156 = VECTOR('',#7157,1.);
#7157 = DIRECTION('',(-1.,-1.110223024625E-16,0.));
#7158 = ORIENTED_EDGE('',*,*,#7159,.T.);
#7159 = EDGE_CURVE('',#7152,#7160,#7162,.T.);
#7160 = VERTEX_POINT('',#7161);
#7161 = CARTESIAN_POINT('',(2.6264581915,0.84,0.282635182233));
#7162 = CIRCLE('',#7163,0.1);
#7163 = AXIS2_PLACEMENT_3D('',#7164,#7165,#7166);
#7164 = CARTESIAN_POINT('',(2.724938966801,0.84,0.3));
#7165 = DIRECTION('',(-1.110223024625E-16,1.,0.));
#7166 = DIRECTION('',(0.,0.,-1.));
#7167 = ORIENTED_EDGE('',*,*,#7168,.T.);
#7168 = EDGE_CURVE('',#7160,#7169,#7171,.T.);
#7169 = VERTEX_POINT('',#7170);
#7170 = CARTESIAN_POINT('',(2.545442325904,0.84,0.7770944533));
#7171 = LINE('',#7172,#7173);
#7172 = CARTESIAN_POINT('',(2.6264581915,0.84,0.282635182233));
#7173 = VECTOR('',#7174,1.);
#7174 = DIRECTION('',(-0.161691392282,-1.795135065956E-17,0.986841372087
    ));
#7175 = ORIENTED_EDGE('',*,*,#7176,.T.);
#7176 = EDGE_CURVE('',#7169,#7177,#7179,.T.);
#7177 = VERTEX_POINT('',#7178);
#7178 = CARTESIAN_POINT('',(2.25,0.84,1.025));
#7179 = CIRCLE('',#7180,0.3);
#7180 = AXIS2_PLACEMENT_3D('',#7181,#7182,#7183);
#7181 = CARTESIAN_POINT('',(2.25,0.84,0.725));
#7182 = DIRECTION('',(1.110223024625E-16,-1.,0.));
#7183 = DIRECTION('',(0.984807753012,1.093356242223E-16,0.173648177667)
  );
#7184 = ORIENTED_EDGE('',*,*,#7185,.T.);
#7185 = EDGE_CURVE('',#7177,#5409,#7186,.T.);
#7186 = LINE('',#7187,#7188);
#7187 = CARTESIAN_POINT('',(2.25,0.84,1.025));
#7188 = VECTOR('',#7189,1.);
#7189 = DIRECTION('',(-1.,-1.110223024625E-16,0.));
#7190 = PLANE('',#7191);
#7191 = AXIS2_PLACEMENT_3D('',#7192,#7193,#7194);
#7192 = CARTESIAN_POINT('',(2.42560961319,0.84,0.548953137803));
#7193 = DIRECTION('',(1.110223024625E-16,-1.,0.));
#7194 = DIRECTION('',(0.,0.,1.));
#7195 = ADVANCED_FACE('',(#7196),#7215,.F.);
#7196 = FACE_BOUND('',#7197,.F.);
#7197 = EDGE_LOOP('',(#7198,#7199,#7208,#7214));
#7198 = ORIENTED_EDGE('',*,*,#5447,.T.);
#7199 = ORIENTED_EDGE('',*,*,#7200,.T.);
#7200 = EDGE_CURVE('',#5440,#7201,#7203,.T.);
#7201 = VERTEX_POINT('',#7202);
#7202 = CARTESIAN_POINT('',(2.348480775301,0.43,0.742364817767));
#7203 = CIRCLE('',#7204,0.1);
#7204 = AXIS2_PLACEMENT_3D('',#7205,#7206,#7207);
#7205 = CARTESIAN_POINT('',(2.25,0.43,0.725));
#7206 = DIRECTION('',(-1.110223024625E-16,1.,0.));
#7207 = DIRECTION('',(4.440892098501E-15,4.930380657631E-31,1.));
#7208 = ORIENTED_EDGE('',*,*,#7209,.F.);
#7209 = EDGE_CURVE('',#7110,#7201,#7210,.T.);
#7210 = LINE('',#7211,#7212);
#7211 = CARTESIAN_POINT('',(2.348480775301,0.84,0.742364817767));
#7212 = VECTOR('',#7213,1.);
#7213 = DIRECTION('',(1.110223024625E-16,-1.,0.));
#7214 = ORIENTED_EDGE('',*,*,#7109,.F.);
#7215 = CYLINDRICAL_SURFACE('',#7216,0.1);
#7216 = AXIS2_PLACEMENT_3D('',#7217,#7218,#7219);
#7217 = CARTESIAN_POINT('',(2.25,0.84,0.725));
#7218 = DIRECTION('',(-1.110223024625E-16,1.,0.));
#7219 = DIRECTION('',(4.440892098501E-15,4.930380657631E-31,1.));
#7220 = ADVANCED_FACE('',(#7221),#7299,.T.);
#7221 = FACE_BOUND('',#7222,.T.);
#7222 = EDGE_LOOP('',(#7223,#7224,#7225,#7226,#7234,#7243,#7251,#7259,
    #7267,#7276,#7284,#7293));
#7223 = ORIENTED_EDGE('',*,*,#5461,.F.);
#7224 = ORIENTED_EDGE('',*,*,#5439,.T.);
#7225 = ORIENTED_EDGE('',*,*,#7200,.T.);
#7226 = ORIENTED_EDGE('',*,*,#7227,.T.);
#7227 = EDGE_CURVE('',#7201,#7228,#7230,.T.);
#7228 = VERTEX_POINT('',#7229);
#7229 = CARTESIAN_POINT('',(2.429496640897,0.43,0.2479055467));
#7230 = LINE('',#7231,#7232);
#7231 = CARTESIAN_POINT('',(2.348480775301,0.43,0.742364817767));
#7232 = VECTOR('',#7233,1.);
#7233 = DIRECTION('',(0.161691392282,1.795135065956E-17,-0.986841372087)
  );
#7234 = ORIENTED_EDGE('',*,*,#7235,.T.);
#7235 = EDGE_CURVE('',#7228,#7236,#7238,.T.);
#7236 = VERTEX_POINT('',#7237);
#7237 = CARTESIAN_POINT('',(2.724938966801,0.43,-1.665334536938E-16));
#7238 = CIRCLE('',#7239,0.3);
#7239 = AXIS2_PLACEMENT_3D('',#7240,#7241,#7242);
#7240 = CARTESIAN_POINT('',(2.724938966801,0.43,0.3));
#7241 = DIRECTION('',(1.110223024625E-16,-1.,0.));
#7242 = DIRECTION('',(-0.984807753012,-1.093356242223E-16,
    -0.173648177667));
#7243 = ORIENTED_EDGE('',*,*,#7244,.T.);
#7244 = EDGE_CURVE('',#7236,#7245,#7247,.T.);
#7245 = VERTEX_POINT('',#7246);
#7246 = CARTESIAN_POINT('',(3.,0.43,-1.665334536938E-16));
#7247 = LINE('',#7248,#7249);
#7248 = CARTESIAN_POINT('',(2.724938966801,0.43,-1.665334536938E-16));
#7249 = VECTOR('',#7250,1.);
#7250 = DIRECTION('',(1.,1.110223024625E-16,0.));
#7251 = ORIENTED_EDGE('',*,*,#7252,.T.);
#7252 = EDGE_CURVE('',#7245,#7253,#7255,.T.);
#7253 = VERTEX_POINT('',#7254);
#7254 = CARTESIAN_POINT('',(3.,0.43,0.2));
#7255 = LINE('',#7256,#7257);
#7256 = CARTESIAN_POINT('',(3.,0.43,-1.665334536938E-16));
#7257 = VECTOR('',#7258,1.);
#7258 = DIRECTION('',(0.,0.,1.));
#7259 = ORIENTED_EDGE('',*,*,#7260,.T.);
#7260 = EDGE_CURVE('',#7253,#7261,#7263,.T.);
#7261 = VERTEX_POINT('',#7262);
#7262 = CARTESIAN_POINT('',(2.724938966801,0.43,0.2));
#7263 = LINE('',#7264,#7265);
#7264 = CARTESIAN_POINT('',(3.,0.43,0.2));
#7265 = VECTOR('',#7266,1.);
#7266 = DIRECTION('',(-1.,-1.110223024625E-16,0.));
#7267 = ORIENTED_EDGE('',*,*,#7268,.T.);
#7268 = EDGE_CURVE('',#7261,#7269,#7271,.T.);
#7269 = VERTEX_POINT('',#7270);
#7270 = CARTESIAN_POINT('',(2.6264581915,0.43,0.282635182233));
#7271 = CIRCLE('',#7272,0.1);
#7272 = AXIS2_PLACEMENT_3D('',#7273,#7274,#7275);
#7273 = CARTESIAN_POINT('',(2.724938966801,0.43,0.3));
#7274 = DIRECTION('',(-1.110223024625E-16,1.,0.));
#7275 = DIRECTION('',(0.,0.,-1.));
#7276 = ORIENTED_EDGE('',*,*,#7277,.T.);
#7277 = EDGE_CURVE('',#7269,#7278,#7280,.T.);
#7278 = VERTEX_POINT('',#7279);
#7279 = CARTESIAN_POINT('',(2.545442325904,0.43,0.7770944533));
#7280 = LINE('',#7281,#7282);
#7281 = CARTESIAN_POINT('',(2.6264581915,0.43,0.282635182233));
#7282 = VECTOR('',#7283,1.);
#7283 = DIRECTION('',(-0.161691392282,-1.795135065956E-17,0.986841372087
    ));
#7284 = ORIENTED_EDGE('',*,*,#7285,.T.);
#7285 = EDGE_CURVE('',#7278,#7286,#7288,.T.);
#7286 = VERTEX_POINT('',#7287);
#7287 = CARTESIAN_POINT('',(2.25,0.43,1.025));
#7288 = CIRCLE('',#7289,0.3);
#7289 = AXIS2_PLACEMENT_3D('',#7290,#7291,#7292);
#7290 = CARTESIAN_POINT('',(2.25,0.43,0.725));
#7291 = DIRECTION('',(1.110223024625E-16,-1.,0.));
#7292 = DIRECTION('',(0.984807753012,1.093356242223E-16,0.173648177667)
  );
#7293 = ORIENTED_EDGE('',*,*,#7294,.T.);
#7294 = EDGE_CURVE('',#7286,#5462,#7295,.T.);
#7295 = LINE('',#7296,#7297);
#7296 = CARTESIAN_POINT('',(2.25,0.43,1.025));
#7297 = VECTOR('',#7298,1.);
#7298 = DIRECTION('',(-1.,-1.110223024625E-16,0.));
#7299 = PLANE('',#7300);
#7300 = AXIS2_PLACEMENT_3D('',#7301,#7302,#7303);
#7301 = CARTESIAN_POINT('',(2.42560961319,0.43,0.548953137803));
#7302 = DIRECTION('',(1.110223024625E-16,-1.,0.));
#7303 = DIRECTION('',(0.,0.,1.));
#7304 = ADVANCED_FACE('',(#7305),#7321,.F.);
#7305 = FACE_BOUND('',#7306,.F.);
#7306 = EDGE_LOOP('',(#7307,#7313,#7314,#7320));
#7307 = ORIENTED_EDGE('',*,*,#7308,.F.);
#7308 = EDGE_CURVE('',#5462,#5896,#7309,.T.);
#7309 = LINE('',#7310,#7311);
#7310 = CARTESIAN_POINT('',(2.25,0.43,1.025));
#7311 = VECTOR('',#7312,1.);
#7312 = DIRECTION('',(-1.,-1.110223024625E-16,0.));
#7313 = ORIENTED_EDGE('',*,*,#5478,.T.);
#7314 = ORIENTED_EDGE('',*,*,#7315,.T.);
#7315 = EDGE_CURVE('',#5471,#5904,#7316,.T.);
#7316 = LINE('',#7317,#7318);
#7317 = CARTESIAN_POINT('',(2.25,-0.43,1.025));
#7318 = VECTOR('',#7319,1.);
#7319 = DIRECTION('',(-1.,-1.110223024625E-16,0.));
#7320 = ORIENTED_EDGE('',*,*,#5903,.F.);
#7321 = PLANE('',#7322);
#7322 = AXIS2_PLACEMENT_3D('',#7323,#7324,#7325);
#7323 = CARTESIAN_POINT('',(-3.027078129022E-16,2.4125,1.025));
#7324 = DIRECTION('',(2.007919022429E-31,-7.713306628828E-27,-1.));
#7325 = DIRECTION('',(1.,1.112083013911E-16,2.00791902242E-31));
#7326 = ADVANCED_FACE('',(#7327),#7413,.F.);
#7327 = FACE_BOUND('',#7328,.F.);
#7328 = EDGE_LOOP('',(#7329,#7330,#7331,#7340,#7348,#7357,#7365,#7373,
    #7381,#7390,#7398,#7407));
#7329 = ORIENTED_EDGE('',*,*,#5470,.F.);
#7330 = ORIENTED_EDGE('',*,*,#5492,.T.);
#7331 = ORIENTED_EDGE('',*,*,#7332,.T.);
#7332 = EDGE_CURVE('',#5493,#7333,#7335,.T.);
#7333 = VERTEX_POINT('',#7334);
#7334 = CARTESIAN_POINT('',(2.348480775301,-0.43,0.742364817767));
#7335 = CIRCLE('',#7336,0.1);
#7336 = AXIS2_PLACEMENT_3D('',#7337,#7338,#7339);
#7337 = CARTESIAN_POINT('',(2.25,-0.43,0.725));
#7338 = DIRECTION('',(-1.110223024625E-16,1.,0.));
#7339 = DIRECTION('',(4.440892098501E-15,4.930380657631E-31,1.));
#7340 = ORIENTED_EDGE('',*,*,#7341,.T.);
#7341 = EDGE_CURVE('',#7333,#7342,#7344,.T.);
#7342 = VERTEX_POINT('',#7343);
#7343 = CARTESIAN_POINT('',(2.429496640897,-0.43,0.2479055467));
#7344 = LINE('',#7345,#7346);
#7345 = CARTESIAN_POINT('',(2.348480775301,-0.43,0.742364817767));
#7346 = VECTOR('',#7347,1.);
#7347 = DIRECTION('',(0.161691392282,1.795135065956E-17,-0.986841372087)
  );
#7348 = ORIENTED_EDGE('',*,*,#7349,.T.);
#7349 = EDGE_CURVE('',#7342,#7350,#7352,.T.);
#7350 = VERTEX_POINT('',#7351);
#7351 = CARTESIAN_POINT('',(2.724938966801,-0.43,-1.665334536938E-16));
#7352 = CIRCLE('',#7353,0.3);
#7353 = AXIS2_PLACEMENT_3D('',#7354,#7355,#7356);
#7354 = CARTESIAN_POINT('',(2.724938966801,-0.43,0.3));
#7355 = DIRECTION('',(1.110223024625E-16,-1.,0.));
#7356 = DIRECTION('',(-0.984807753012,-1.093356242223E-16,
    -0.173648177667));
#7357 = ORIENTED_EDGE('',*,*,#7358,.T.);
#7358 = EDGE_CURVE('',#7350,#7359,#7361,.T.);
#7359 = VERTEX_POINT('',#7360);
#7360 = CARTESIAN_POINT('',(3.,-0.43,-1.665334536938E-16));
#7361 = LINE('',#7362,#7363);
#7362 = CARTESIAN_POINT('',(2.724938966801,-0.43,-1.665334536938E-16));
#7363 = VECTOR('',#7364,1.);
#7364 = DIRECTION('',(1.,1.110223024625E-16,0.));
#7365 = ORIENTED_EDGE('',*,*,#7366,.T.);
#7366 = EDGE_CURVE('',#7359,#7367,#7369,.T.);
#7367 = VERTEX_POINT('',#7368);
#7368 = CARTESIAN_POINT('',(3.,-0.43,0.2));
#7369 = LINE('',#7370,#7371);
#7370 = CARTESIAN_POINT('',(3.,-0.43,-1.665334536938E-16));
#7371 = VECTOR('',#7372,1.);
#7372 = DIRECTION('',(0.,0.,1.));
#7373 = ORIENTED_EDGE('',*,*,#7374,.T.);
#7374 = EDGE_CURVE('',#7367,#7375,#7377,.T.);
#7375 = VERTEX_POINT('',#7376);
#7376 = CARTESIAN_POINT('',(2.724938966801,-0.43,0.2));
#7377 = LINE('',#7378,#7379);
#7378 = CARTESIAN_POINT('',(3.,-0.43,0.2));
#7379 = VECTOR('',#7380,1.);
#7380 = DIRECTION('',(-1.,-1.110223024625E-16,0.));
#7381 = ORIENTED_EDGE('',*,*,#7382,.T.);
#7382 = EDGE_CURVE('',#7375,#7383,#7385,.T.);
#7383 = VERTEX_POINT('',#7384);
#7384 = CARTESIAN_POINT('',(2.6264581915,-0.43,0.282635182233));
#7385 = CIRCLE('',#7386,0.1);
#7386 = AXIS2_PLACEMENT_3D('',#7387,#7388,#7389);
#7387 = CARTESIAN_POINT('',(2.724938966801,-0.43,0.3));
#7388 = DIRECTION('',(-1.110223024625E-16,1.,0.));
#7389 = DIRECTION('',(0.,0.,-1.));
#7390 = ORIENTED_EDGE('',*,*,#7391,.T.);
#7391 = EDGE_CURVE('',#7383,#7392,#7394,.T.);
#7392 = VERTEX_POINT('',#7393);
#7393 = CARTESIAN_POINT('',(2.545442325904,-0.43,0.7770944533));
#7394 = LINE('',#7395,#7396);
#7395 = CARTESIAN_POINT('',(2.6264581915,-0.43,0.282635182233));
#7396 = VECTOR('',#7397,1.);
#7397 = DIRECTION('',(-0.161691392282,-1.795135065956E-17,0.986841372087
    ));
#7398 = ORIENTED_EDGE('',*,*,#7399,.T.);
#7399 = EDGE_CURVE('',#7392,#7400,#7402,.T.);
#7400 = VERTEX_POINT('',#7401);
#7401 = CARTESIAN_POINT('',(2.25,-0.43,1.025));
#7402 = CIRCLE('',#7403,0.3);
#7403 = AXIS2_PLACEMENT_3D('',#7404,#7405,#7406);
#7404 = CARTESIAN_POINT('',(2.25,-0.43,0.725));
#7405 = DIRECTION('',(1.110223024625E-16,-1.,0.));
#7406 = DIRECTION('',(0.984807753012,1.093356242223E-16,0.173648177667)
  );
#7407 = ORIENTED_EDGE('',*,*,#7408,.T.);
#7408 = EDGE_CURVE('',#7400,#5471,#7409,.T.);
#7409 = LINE('',#7410,#7411);
#7410 = CARTESIAN_POINT('',(2.25,-0.43,1.025));
#7411 = VECTOR('',#7412,1.);
#7412 = DIRECTION('',(-1.,-1.110223024625E-16,0.));
#7413 = PLANE('',#7414);
#7414 = AXIS2_PLACEMENT_3D('',#7415,#7416,#7417);
#7415 = CARTESIAN_POINT('',(2.42560961319,-0.43,0.548953137803));
#7416 = DIRECTION('',(1.110223024625E-16,-1.,0.));
#7417 = DIRECTION('',(0.,0.,1.));
#7418 = ADVANCED_FACE('',(#7419),#7438,.F.);
#7419 = FACE_BOUND('',#7420,.F.);
#7420 = EDGE_LOOP('',(#7421,#7422,#7431,#7437));
#7421 = ORIENTED_EDGE('',*,*,#5509,.T.);
#7422 = ORIENTED_EDGE('',*,*,#7423,.T.);
#7423 = EDGE_CURVE('',#5502,#7424,#7426,.T.);
#7424 = VERTEX_POINT('',#7425);
#7425 = CARTESIAN_POINT('',(2.348480775301,-0.84,0.742364817767));
#7426 = CIRCLE('',#7427,0.1);
#7427 = AXIS2_PLACEMENT_3D('',#7428,#7429,#7430);
#7428 = CARTESIAN_POINT('',(2.25,-0.84,0.725));
#7429 = DIRECTION('',(-1.110223024625E-16,1.,0.));
#7430 = DIRECTION('',(4.440892098501E-15,4.930380657631E-31,1.));
#7431 = ORIENTED_EDGE('',*,*,#7432,.F.);
#7432 = EDGE_CURVE('',#7333,#7424,#7433,.T.);
#7433 = LINE('',#7434,#7435);
#7434 = CARTESIAN_POINT('',(2.348480775301,-0.43,0.742364817767));
#7435 = VECTOR('',#7436,1.);
#7436 = DIRECTION('',(1.110223024625E-16,-1.,0.));
#7437 = ORIENTED_EDGE('',*,*,#7332,.F.);
#7438 = CYLINDRICAL_SURFACE('',#7439,0.1);
#7439 = AXIS2_PLACEMENT_3D('',#7440,#7441,#7442);
#7440 = CARTESIAN_POINT('',(2.25,-0.43,0.725));
#7441 = DIRECTION('',(-1.110223024625E-16,1.,0.));
#7442 = DIRECTION('',(4.440892098501E-15,4.930380657631E-31,1.));
#7443 = ADVANCED_FACE('',(#7444),#7522,.T.);
#7444 = FACE_BOUND('',#7445,.T.);
#7445 = EDGE_LOOP('',(#7446,#7447,#7448,#7449,#7457,#7466,#7474,#7482,
    #7490,#7499,#7507,#7516));
#7446 = ORIENTED_EDGE('',*,*,#5523,.F.);
#7447 = ORIENTED_EDGE('',*,*,#5501,.T.);
#7448 = ORIENTED_EDGE('',*,*,#7423,.T.);
#7449 = ORIENTED_EDGE('',*,*,#7450,.T.);
#7450 = EDGE_CURVE('',#7424,#7451,#7453,.T.);
#7451 = VERTEX_POINT('',#7452);
#7452 = CARTESIAN_POINT('',(2.429496640897,-0.84,0.2479055467));
#7453 = LINE('',#7454,#7455);
#7454 = CARTESIAN_POINT('',(2.348480775301,-0.84,0.742364817767));
#7455 = VECTOR('',#7456,1.);
#7456 = DIRECTION('',(0.161691392282,1.795135065956E-17,-0.986841372087)
  );
#7457 = ORIENTED_EDGE('',*,*,#7458,.T.);
#7458 = EDGE_CURVE('',#7451,#7459,#7461,.T.);
#7459 = VERTEX_POINT('',#7460);
#7460 = CARTESIAN_POINT('',(2.724938966801,-0.84,-1.665334536938E-16));
#7461 = CIRCLE('',#7462,0.3);
#7462 = AXIS2_PLACEMENT_3D('',#7463,#7464,#7465);
#7463 = CARTESIAN_POINT('',(2.724938966801,-0.84,0.3));
#7464 = DIRECTION('',(1.110223024625E-16,-1.,0.));
#7465 = DIRECTION('',(-0.984807753012,-1.093356242223E-16,
    -0.173648177667));
#7466 = ORIENTED_EDGE('',*,*,#7467,.T.);
#7467 = EDGE_CURVE('',#7459,#7468,#7470,.T.);
#7468 = VERTEX_POINT('',#7469);
#7469 = CARTESIAN_POINT('',(3.,-0.84,-1.665334536938E-16));
#7470 = LINE('',#7471,#7472);
#7471 = CARTESIAN_POINT('',(2.724938966801,-0.84,-1.665334536938E-16));
#7472 = VECTOR('',#7473,1.);
#7473 = DIRECTION('',(1.,1.110223024625E-16,0.));
#7474 = ORIENTED_EDGE('',*,*,#7475,.T.);
#7475 = EDGE_CURVE('',#7468,#7476,#7478,.T.);
#7476 = VERTEX_POINT('',#7477);
#7477 = CARTESIAN_POINT('',(3.,-0.84,0.2));
#7478 = LINE('',#7479,#7480);
#7479 = CARTESIAN_POINT('',(3.,-0.84,-1.665334536938E-16));
#7480 = VECTOR('',#7481,1.);
#7481 = DIRECTION('',(0.,0.,1.));
#7482 = ORIENTED_EDGE('',*,*,#7483,.T.);
#7483 = EDGE_CURVE('',#7476,#7484,#7486,.T.);
#7484 = VERTEX_POINT('',#7485);
#7485 = CARTESIAN_POINT('',(2.724938966801,-0.84,0.2));
#7486 = LINE('',#7487,#7488);
#7487 = CARTESIAN_POINT('',(3.,-0.84,0.2));
#7488 = VECTOR('',#7489,1.);
#7489 = DIRECTION('',(-1.,-1.110223024625E-16,0.));
#7490 = ORIENTED_EDGE('',*,*,#7491,.T.);
#7491 = EDGE_CURVE('',#7484,#7492,#7494,.T.);
#7492 = VERTEX_POINT('',#7493);
#7493 = CARTESIAN_POINT('',(2.6264581915,-0.84,0.282635182233));
#7494 = CIRCLE('',#7495,0.1);
#7495 = AXIS2_PLACEMENT_3D('',#7496,#7497,#7498);
#7496 = CARTESIAN_POINT('',(2.724938966801,-0.84,0.3));
#7497 = DIRECTION('',(-1.110223024625E-16,1.,0.));
#7498 = DIRECTION('',(0.,0.,-1.));
#7499 = ORIENTED_EDGE('',*,*,#7500,.T.);
#7500 = EDGE_CURVE('',#7492,#7501,#7503,.T.);
#7501 = VERTEX_POINT('',#7502);
#7502 = CARTESIAN_POINT('',(2.545442325904,-0.84,0.7770944533));
#7503 = LINE('',#7504,#7505);
#7504 = CARTESIAN_POINT('',(2.6264581915,-0.84,0.282635182233));
#7505 = VECTOR('',#7506,1.);
#7506 = DIRECTION('',(-0.161691392282,-1.795135065956E-17,0.986841372087
    ));
#7507 = ORIENTED_EDGE('',*,*,#7508,.T.);
#7508 = EDGE_CURVE('',#7501,#7509,#7511,.T.);
#7509 = VERTEX_POINT('',#7510);
#7510 = CARTESIAN_POINT('',(2.25,-0.84,1.025));
#7511 = CIRCLE('',#7512,0.3);
#7512 = AXIS2_PLACEMENT_3D('',#7513,#7514,#7515);
#7513 = CARTESIAN_POINT('',(2.25,-0.84,0.725));
#7514 = DIRECTION('',(1.110223024625E-16,-1.,0.));
#7515 = DIRECTION('',(0.984807753012,1.093356242223E-16,0.173648177667)
  );
#7516 = ORIENTED_EDGE('',*,*,#7517,.T.);
#7517 = EDGE_CURVE('',#7509,#5524,#7518,.T.);
#7518 = LINE('',#7519,#7520);
#7519 = CARTESIAN_POINT('',(2.25,-0.84,1.025));
#7520 = VECTOR('',#7521,1.);
#7521 = DIRECTION('',(-1.,-1.110223024625E-16,0.));
#7522 = PLANE('',#7523);
#7523 = AXIS2_PLACEMENT_3D('',#7524,#7525,#7526);
#7524 = CARTESIAN_POINT('',(2.42560961319,-0.84,0.548953137803));
#7525 = DIRECTION('',(1.110223024625E-16,-1.,0.));
#7526 = DIRECTION('',(0.,0.,1.));
#7527 = ADVANCED_FACE('',(#7528),#7544,.F.);
#7528 = FACE_BOUND('',#7529,.F.);
#7529 = EDGE_LOOP('',(#7530,#7536,#7537,#7543));
#7530 = ORIENTED_EDGE('',*,*,#7531,.F.);
#7531 = EDGE_CURVE('',#5524,#5912,#7532,.T.);
#7532 = LINE('',#7533,#7534);
#7533 = CARTESIAN_POINT('',(2.25,-0.84,1.025));
#7534 = VECTOR('',#7535,1.);
#7535 = DIRECTION('',(-1.,-1.110223024625E-16,0.));
#7536 = ORIENTED_EDGE('',*,*,#5540,.T.);
#7537 = ORIENTED_EDGE('',*,*,#7538,.T.);
#7538 = EDGE_CURVE('',#5533,#5920,#7539,.T.);
#7539 = LINE('',#7540,#7541);
#7540 = CARTESIAN_POINT('',(2.25,-1.7,1.025));
#7541 = VECTOR('',#7542,1.);
#7542 = DIRECTION('',(-1.,-1.110223024625E-16,0.));
#7543 = ORIENTED_EDGE('',*,*,#5919,.F.);
#7544 = PLANE('',#7545);
#7545 = AXIS2_PLACEMENT_3D('',#7546,#7547,#7548);
#7546 = CARTESIAN_POINT('',(-3.027078129022E-16,2.4125,1.025));
#7547 = DIRECTION('',(2.007919022429E-31,-7.713306628828E-27,-1.));
#7548 = DIRECTION('',(1.,1.112083013911E-16,2.00791902242E-31));
#7549 = ADVANCED_FACE('',(#7550),#7636,.F.);
#7550 = FACE_BOUND('',#7551,.F.);
#7551 = EDGE_LOOP('',(#7552,#7553,#7554,#7563,#7571,#7580,#7588,#7596,
    #7604,#7613,#7621,#7630));
#7552 = ORIENTED_EDGE('',*,*,#5532,.F.);
#7553 = ORIENTED_EDGE('',*,*,#5554,.T.);
#7554 = ORIENTED_EDGE('',*,*,#7555,.T.);
#7555 = EDGE_CURVE('',#5555,#7556,#7558,.T.);
#7556 = VERTEX_POINT('',#7557);
#7557 = CARTESIAN_POINT('',(2.348480775301,-1.7,0.742364817767));
#7558 = CIRCLE('',#7559,0.1);
#7559 = AXIS2_PLACEMENT_3D('',#7560,#7561,#7562);
#7560 = CARTESIAN_POINT('',(2.25,-1.7,0.725));
#7561 = DIRECTION('',(-1.110223024625E-16,1.,0.));
#7562 = DIRECTION('',(4.440892098501E-15,4.930380657631E-31,1.));
#7563 = ORIENTED_EDGE('',*,*,#7564,.T.);
#7564 = EDGE_CURVE('',#7556,#7565,#7567,.T.);
#7565 = VERTEX_POINT('',#7566);
#7566 = CARTESIAN_POINT('',(2.429496640897,-1.7,0.2479055467));
#7567 = LINE('',#7568,#7569);
#7568 = CARTESIAN_POINT('',(2.348480775301,-1.7,0.742364817767));
#7569 = VECTOR('',#7570,1.);
#7570 = DIRECTION('',(0.161691392282,1.795135065956E-17,-0.986841372087)
  );
#7571 = ORIENTED_EDGE('',*,*,#7572,.T.);
#7572 = EDGE_CURVE('',#7565,#7573,#7575,.T.);
#7573 = VERTEX_POINT('',#7574);
#7574 = CARTESIAN_POINT('',(2.724938966801,-1.7,-1.665334536938E-16));
#7575 = CIRCLE('',#7576,0.3);
#7576 = AXIS2_PLACEMENT_3D('',#7577,#7578,#7579);
#7577 = CARTESIAN_POINT('',(2.724938966801,-1.7,0.3));
#7578 = DIRECTION('',(1.110223024625E-16,-1.,0.));
#7579 = DIRECTION('',(-0.984807753012,-1.093356242223E-16,
    -0.173648177667));
#7580 = ORIENTED_EDGE('',*,*,#7581,.T.);
#7581 = EDGE_CURVE('',#7573,#7582,#7584,.T.);
#7582 = VERTEX_POINT('',#7583);
#7583 = CARTESIAN_POINT('',(3.,-1.7,-1.665334536938E-16));
#7584 = LINE('',#7585,#7586);
#7585 = CARTESIAN_POINT('',(2.724938966801,-1.7,-1.665334536938E-16));
#7586 = VECTOR('',#7587,1.);
#7587 = DIRECTION('',(1.,1.110223024625E-16,0.));
#7588 = ORIENTED_EDGE('',*,*,#7589,.T.);
#7589 = EDGE_CURVE('',#7582,#7590,#7592,.T.);
#7590 = VERTEX_POINT('',#7591);
#7591 = CARTESIAN_POINT('',(3.,-1.7,0.2));
#7592 = LINE('',#7593,#7594);
#7593 = CARTESIAN_POINT('',(3.,-1.7,-1.665334536938E-16));
#7594 = VECTOR('',#7595,1.);
#7595 = DIRECTION('',(0.,0.,1.));
#7596 = ORIENTED_EDGE('',*,*,#7597,.T.);
#7597 = EDGE_CURVE('',#7590,#7598,#7600,.T.);
#7598 = VERTEX_POINT('',#7599);
#7599 = CARTESIAN_POINT('',(2.724938966801,-1.7,0.2));
#7600 = LINE('',#7601,#7602);
#7601 = CARTESIAN_POINT('',(3.,-1.7,0.2));
#7602 = VECTOR('',#7603,1.);
#7603 = DIRECTION('',(-1.,-1.110223024625E-16,0.));
#7604 = ORIENTED_EDGE('',*,*,#7605,.T.);
#7605 = EDGE_CURVE('',#7598,#7606,#7608,.T.);
#7606 = VERTEX_POINT('',#7607);
#7607 = CARTESIAN_POINT('',(2.6264581915,-1.7,0.282635182233));
#7608 = CIRCLE('',#7609,0.1);
#7609 = AXIS2_PLACEMENT_3D('',#7610,#7611,#7612);
#7610 = CARTESIAN_POINT('',(2.724938966801,-1.7,0.3));
#7611 = DIRECTION('',(-1.110223024625E-16,1.,0.));
#7612 = DIRECTION('',(0.,0.,-1.));
#7613 = ORIENTED_EDGE('',*,*,#7614,.T.);
#7614 = EDGE_CURVE('',#7606,#7615,#7617,.T.);
#7615 = VERTEX_POINT('',#7616);
#7616 = CARTESIAN_POINT('',(2.545442325904,-1.7,0.7770944533));
#7617 = LINE('',#7618,#7619);
#7618 = CARTESIAN_POINT('',(2.6264581915,-1.7,0.282635182233));
#7619 = VECTOR('',#7620,1.);
#7620 = DIRECTION('',(-0.161691392282,-1.795135065956E-17,0.986841372087
    ));
#7621 = ORIENTED_EDGE('',*,*,#7622,.T.);
#7622 = EDGE_CURVE('',#7615,#7623,#7625,.T.);
#7623 = VERTEX_POINT('',#7624);
#7624 = CARTESIAN_POINT('',(2.25,-1.7,1.025));
#7625 = CIRCLE('',#7626,0.3);
#7626 = AXIS2_PLACEMENT_3D('',#7627,#7628,#7629);
#7627 = CARTESIAN_POINT('',(2.25,-1.7,0.725));
#7628 = DIRECTION('',(1.110223024625E-16,-1.,0.));
#7629 = DIRECTION('',(0.984807753012,1.093356242223E-16,0.173648177667)
  );
#7630 = ORIENTED_EDGE('',*,*,#7631,.T.);
#7631 = EDGE_CURVE('',#7623,#5533,#7632,.T.);
#7632 = LINE('',#7633,#7634);
#7633 = CARTESIAN_POINT('',(2.25,-1.7,1.025));
#7634 = VECTOR('',#7635,1.);
#7635 = DIRECTION('',(-1.,-1.110223024625E-16,0.));
#7636 = PLANE('',#7637);
#7637 = AXIS2_PLACEMENT_3D('',#7638,#7639,#7640);
#7638 = CARTESIAN_POINT('',(2.42560961319,-1.7,0.548953137803));
#7639 = DIRECTION('',(1.110223024625E-16,-1.,0.));
#7640 = DIRECTION('',(0.,0.,1.));
#7641 = ADVANCED_FACE('',(#7642),#7661,.F.);
#7642 = FACE_BOUND('',#7643,.F.);
#7643 = EDGE_LOOP('',(#7644,#7645,#7654,#7660));
#7644 = ORIENTED_EDGE('',*,*,#5571,.T.);
#7645 = ORIENTED_EDGE('',*,*,#7646,.T.);
#7646 = EDGE_CURVE('',#5564,#7647,#7649,.T.);
#7647 = VERTEX_POINT('',#7648);
#7648 = CARTESIAN_POINT('',(2.348480775301,-2.11,0.742364817767));
#7649 = CIRCLE('',#7650,0.1);
#7650 = AXIS2_PLACEMENT_3D('',#7651,#7652,#7653);
#7651 = CARTESIAN_POINT('',(2.25,-2.11,0.725));
#7652 = DIRECTION('',(-1.110223024625E-16,1.,0.));
#7653 = DIRECTION('',(4.440892098501E-15,4.930380657631E-31,1.));
#7654 = ORIENTED_EDGE('',*,*,#7655,.F.);
#7655 = EDGE_CURVE('',#7556,#7647,#7656,.T.);
#7656 = LINE('',#7657,#7658);
#7657 = CARTESIAN_POINT('',(2.348480775301,-1.7,0.742364817767));
#7658 = VECTOR('',#7659,1.);
#7659 = DIRECTION('',(1.110223024625E-16,-1.,0.));
#7660 = ORIENTED_EDGE('',*,*,#7555,.F.);
#7661 = CYLINDRICAL_SURFACE('',#7662,0.1);
#7662 = AXIS2_PLACEMENT_3D('',#7663,#7664,#7665);
#7663 = CARTESIAN_POINT('',(2.25,-1.7,0.725));
#7664 = DIRECTION('',(-1.110223024625E-16,1.,0.));
#7665 = DIRECTION('',(4.440892098501E-15,4.930380657631E-31,1.));
#7666 = ADVANCED_FACE('',(#7667),#7745,.T.);
#7667 = FACE_BOUND('',#7668,.T.);
#7668 = EDGE_LOOP('',(#7669,#7670,#7671,#7672,#7680,#7689,#7697,#7705,
    #7713,#7722,#7730,#7739));
#7669 = ORIENTED_EDGE('',*,*,#5585,.F.);
#7670 = ORIENTED_EDGE('',*,*,#5563,.T.);
#7671 = ORIENTED_EDGE('',*,*,#7646,.T.);
#7672 = ORIENTED_EDGE('',*,*,#7673,.T.);
#7673 = EDGE_CURVE('',#7647,#7674,#7676,.T.);
#7674 = VERTEX_POINT('',#7675);
#7675 = CARTESIAN_POINT('',(2.429496640897,-2.11,0.2479055467));
#7676 = LINE('',#7677,#7678);
#7677 = CARTESIAN_POINT('',(2.348480775301,-2.11,0.742364817767));
#7678 = VECTOR('',#7679,1.);
#7679 = DIRECTION('',(0.161691392282,1.795135065956E-17,-0.986841372087)
  );
#7680 = ORIENTED_EDGE('',*,*,#7681,.T.);
#7681 = EDGE_CURVE('',#7674,#7682,#7684,.T.);
#7682 = VERTEX_POINT('',#7683);
#7683 = CARTESIAN_POINT('',(2.724938966801,-2.11,-1.665334536938E-16));
#7684 = CIRCLE('',#7685,0.3);
#7685 = AXIS2_PLACEMENT_3D('',#7686,#7687,#7688);
#7686 = CARTESIAN_POINT('',(2.724938966801,-2.11,0.3));
#7687 = DIRECTION('',(1.110223024625E-16,-1.,0.));
#7688 = DIRECTION('',(-0.984807753012,-1.093356242223E-16,
    -0.173648177667));
#7689 = ORIENTED_EDGE('',*,*,#7690,.T.);
#7690 = EDGE_CURVE('',#7682,#7691,#7693,.T.);
#7691 = VERTEX_POINT('',#7692);
#7692 = CARTESIAN_POINT('',(3.,-2.11,-1.665334536938E-16));
#7693 = LINE('',#7694,#7695);
#7694 = CARTESIAN_POINT('',(2.724938966801,-2.11,-1.665334536938E-16));
#7695 = VECTOR('',#7696,1.);
#7696 = DIRECTION('',(1.,1.110223024625E-16,0.));
#7697 = ORIENTED_EDGE('',*,*,#7698,.T.);
#7698 = EDGE_CURVE('',#7691,#7699,#7701,.T.);
#7699 = VERTEX_POINT('',#7700);
#7700 = CARTESIAN_POINT('',(3.,-2.11,0.2));
#7701 = LINE('',#7702,#7703);
#7702 = CARTESIAN_POINT('',(3.,-2.11,-1.665334536938E-16));
#7703 = VECTOR('',#7704,1.);
#7704 = DIRECTION('',(0.,0.,1.));
#7705 = ORIENTED_EDGE('',*,*,#7706,.T.);
#7706 = EDGE_CURVE('',#7699,#7707,#7709,.T.);
#7707 = VERTEX_POINT('',#7708);
#7708 = CARTESIAN_POINT('',(2.724938966801,-2.11,0.2));
#7709 = LINE('',#7710,#7711);
#7710 = CARTESIAN_POINT('',(3.,-2.11,0.2));
#7711 = VECTOR('',#7712,1.);
#7712 = DIRECTION('',(-1.,-1.110223024625E-16,0.));
#7713 = ORIENTED_EDGE('',*,*,#7714,.T.);
#7714 = EDGE_CURVE('',#7707,#7715,#7717,.T.);
#7715 = VERTEX_POINT('',#7716);
#7716 = CARTESIAN_POINT('',(2.6264581915,-2.11,0.282635182233));
#7717 = CIRCLE('',#7718,0.1);
#7718 = AXIS2_PLACEMENT_3D('',#7719,#7720,#7721);
#7719 = CARTESIAN_POINT('',(2.724938966801,-2.11,0.3));
#7720 = DIRECTION('',(-1.110223024625E-16,1.,0.));
#7721 = DIRECTION('',(0.,0.,-1.));
#7722 = ORIENTED_EDGE('',*,*,#7723,.T.);
#7723 = EDGE_CURVE('',#7715,#7724,#7726,.T.);
#7724 = VERTEX_POINT('',#7725);
#7725 = CARTESIAN_POINT('',(2.545442325904,-2.11,0.7770944533));
#7726 = LINE('',#7727,#7728);
#7727 = CARTESIAN_POINT('',(2.6264581915,-2.11,0.282635182233));
#7728 = VECTOR('',#7729,1.);
#7729 = DIRECTION('',(-0.161691392282,-1.795135065956E-17,0.986841372087
    ));
#7730 = ORIENTED_EDGE('',*,*,#7731,.T.);
#7731 = EDGE_CURVE('',#7724,#7732,#7734,.T.);
#7732 = VERTEX_POINT('',#7733);
#7733 = CARTESIAN_POINT('',(2.25,-2.11,1.025));
#7734 = CIRCLE('',#7735,0.3);
#7735 = AXIS2_PLACEMENT_3D('',#7736,#7737,#7738);
#7736 = CARTESIAN_POINT('',(2.25,-2.11,0.725));
#7737 = DIRECTION('',(1.110223024625E-16,-1.,0.));
#7738 = DIRECTION('',(0.984807753012,1.093356242223E-16,0.173648177667)
  );
#7739 = ORIENTED_EDGE('',*,*,#7740,.T.);
#7740 = EDGE_CURVE('',#7732,#5586,#7741,.T.);
#7741 = LINE('',#7742,#7743);
#7742 = CARTESIAN_POINT('',(2.25,-2.11,1.025));
#7743 = VECTOR('',#7744,1.);
#7744 = DIRECTION('',(-1.,-1.110223024625E-16,0.));
#7745 = PLANE('',#7746);
#7746 = AXIS2_PLACEMENT_3D('',#7747,#7748,#7749);
#7747 = CARTESIAN_POINT('',(2.42560961319,-2.11,0.548953137803));
#7748 = DIRECTION('',(1.110223024625E-16,-1.,0.));
#7749 = DIRECTION('',(0.,0.,1.));
#7750 = ADVANCED_FACE('',(#7751),#7762,.T.);
#7751 = FACE_BOUND('',#7752,.T.);
#7752 = EDGE_LOOP('',(#7753,#7754,#7755,#7756));
#7753 = ORIENTED_EDGE('',*,*,#6785,.T.);
#7754 = ORIENTED_EDGE('',*,*,#5686,.T.);
#7755 = ORIENTED_EDGE('',*,*,#6887,.F.);
#7756 = ORIENTED_EDGE('',*,*,#7757,.F.);
#7757 = EDGE_CURVE('',#6778,#6880,#7758,.T.);
#7758 = LINE('',#7759,#7760);
#7759 = CARTESIAN_POINT('',(-2.545442325904,1.7,0.7770944533));
#7760 = VECTOR('',#7761,1.);
#7761 = DIRECTION('',(1.144237745222E-17,1.,0.));
#7762 = CYLINDRICAL_SURFACE('',#7763,0.3);
#7763 = AXIS2_PLACEMENT_3D('',#7764,#7765,#7766);
#7764 = CARTESIAN_POINT('',(-2.25,1.7,0.725));
#7765 = DIRECTION('',(-1.144237745222E-17,-1.,0.));
#7766 = DIRECTION('',(-0.984807753012,1.126854202784E-17,0.173648177667)
  );
#7767 = ADVANCED_FACE('',(#7768),#7781,.F.);
#7768 = FACE_BOUND('',#7769,.F.);
#7769 = EDGE_LOOP('',(#7770,#7771,#7777,#7778,#7779,#7780));
#7770 = ORIENTED_EDGE('',*,*,#6130,.F.);
#7771 = ORIENTED_EDGE('',*,*,#7772,.T.);
#7772 = EDGE_CURVE('',#6122,#6231,#7773,.T.);
#7773 = LINE('',#7774,#7775);
#7774 = CARTESIAN_POINT('',(-2.25,-2.11,1.025));
#7775 = VECTOR('',#7776,1.);
#7776 = DIRECTION('',(1.144237745222E-17,1.,0.));
#7777 = ORIENTED_EDGE('',*,*,#6239,.T.);
#7778 = ORIENTED_EDGE('',*,*,#6261,.T.);
#7779 = ORIENTED_EDGE('',*,*,#5733,.F.);
#7780 = ORIENTED_EDGE('',*,*,#6004,.F.);
#7781 = PLANE('',#7782);
#7782 = AXIS2_PLACEMENT_3D('',#7783,#7784,#7785);
#7783 = CARTESIAN_POINT('',(-2.25,-2.11,1.025));
#7784 = DIRECTION('',(0.,0.,-1.));
#7785 = DIRECTION('',(1.,-1.144237745222E-17,0.));
#7786 = ADVANCED_FACE('',(#7787),#7800,.F.);
#7787 = FACE_BOUND('',#7788,.F.);
#7788 = EDGE_LOOP('',(#7789,#7790,#7796,#7797,#7798,#7799));
#7789 = ORIENTED_EDGE('',*,*,#6353,.F.);
#7790 = ORIENTED_EDGE('',*,*,#7791,.T.);
#7791 = EDGE_CURVE('',#6345,#6454,#7792,.T.);
#7792 = LINE('',#7793,#7794);
#7793 = CARTESIAN_POINT('',(-2.25,-0.84,1.025));
#7794 = VECTOR('',#7795,1.);
#7795 = DIRECTION('',(1.144237745222E-17,1.,0.));
#7796 = ORIENTED_EDGE('',*,*,#6462,.T.);
#7797 = ORIENTED_EDGE('',*,*,#6484,.T.);
#7798 = ORIENTED_EDGE('',*,*,#5749,.F.);
#7799 = ORIENTED_EDGE('',*,*,#6254,.F.);
#7800 = PLANE('',#7801);
#7801 = AXIS2_PLACEMENT_3D('',#7802,#7803,#7804);
#7802 = CARTESIAN_POINT('',(-2.25,-0.84,1.025));
#7803 = DIRECTION('',(0.,0.,-1.));
#7804 = DIRECTION('',(1.,-1.144237745222E-17,0.));
#7805 = ADVANCED_FACE('',(#7806),#7819,.F.);
#7806 = FACE_BOUND('',#7807,.F.);
#7807 = EDGE_LOOP('',(#7808,#7809,#7815,#7816,#7817,#7818));
#7808 = ORIENTED_EDGE('',*,*,#6576,.F.);
#7809 = ORIENTED_EDGE('',*,*,#7810,.T.);
#7810 = EDGE_CURVE('',#6568,#6677,#7811,.T.);
#7811 = LINE('',#7812,#7813);
#7812 = CARTESIAN_POINT('',(-2.25,0.43,1.025));
#7813 = VECTOR('',#7814,1.);
#7814 = DIRECTION('',(1.144237745222E-17,1.,0.));
#7815 = ORIENTED_EDGE('',*,*,#6685,.T.);
#7816 = ORIENTED_EDGE('',*,*,#6702,.T.);
#7817 = ORIENTED_EDGE('',*,*,#5765,.F.);
#7818 = ORIENTED_EDGE('',*,*,#6477,.F.);
#7819 = PLANE('',#7820);
#7820 = AXIS2_PLACEMENT_3D('',#7821,#7822,#7823);
#7821 = CARTESIAN_POINT('',(-2.25,0.43,1.025));
#7822 = DIRECTION('',(0.,0.,-1.));
#7823 = DIRECTION('',(1.,-1.144237745222E-17,0.));
#7824 = ADVANCED_FACE('',(#7825,#7854),#7865,.F.);
#7825 = FACE_BOUND('',#7826,.F.);
#7826 = EDGE_LOOP('',(#7827,#7828,#7829,#7830,#7838,#7846,#7852,#7853));
#7827 = ORIENTED_EDGE('',*,*,#5840,.T.);
#7828 = ORIENTED_EDGE('',*,*,#5863,.T.);
#7829 = ORIENTED_EDGE('',*,*,#5950,.T.);
#7830 = ORIENTED_EDGE('',*,*,#7831,.T.);
#7831 = EDGE_CURVE('',#5944,#7832,#7834,.T.);
#7832 = VERTEX_POINT('',#7833);
#7833 = CARTESIAN_POINT('',(1.680085640382,-2.260171280765,1.75));
#7834 = LINE('',#7835,#7836);
#7835 = CARTESIAN_POINT('',(1.760171280765,-2.180085640382,1.75));
#7836 = VECTOR('',#7837,1.);
#7837 = DIRECTION('',(-0.707106781187,-0.707106781187,0.));
#7838 = ORIENTED_EDGE('',*,*,#7839,.T.);
#7839 = EDGE_CURVE('',#7832,#7840,#7842,.T.);
#7840 = VERTEX_POINT('',#7841);
#7841 = CARTESIAN_POINT('',(-1.680085640382,-2.260171280765,1.75));
#7842 = LINE('',#7843,#7844);
#7843 = CARTESIAN_POINT('',(1.680085640382,-2.260171280765,1.75));
#7844 = VECTOR('',#7845,1.);
#7845 = DIRECTION('',(-1.,-1.110223024625E-16,0.));
#7846 = ORIENTED_EDGE('',*,*,#7847,.T.);
#7847 = EDGE_CURVE('',#7840,#5789,#7848,.T.);
#7848 = LINE('',#7849,#7850);
#7849 = CARTESIAN_POINT('',(-1.680085640382,-2.260171280765,1.75));
#7850 = VECTOR('',#7851,1.);
#7851 = DIRECTION('',(-0.707106781187,0.707106781187,0.));
#7852 = ORIENTED_EDGE('',*,*,#5788,.T.);
#7853 = ORIENTED_EDGE('',*,*,#5817,.T.);
#7854 = FACE_BOUND('',#7855,.F.);
#7855 = EDGE_LOOP('',(#7856));
#7856 = ORIENTED_EDGE('',*,*,#7857,.F.);
#7857 = EDGE_CURVE('',#7858,#7858,#7860,.T.);
#7858 = VERTEX_POINT('',#7859);
#7859 = CARTESIAN_POINT('',(-1.110171280765,1.310171280765,1.75));
#7860 = CIRCLE('',#7861,0.3);
#7861 = AXIS2_PLACEMENT_3D('',#7862,#7863,#7864);
#7862 = CARTESIAN_POINT('',(-1.110171280765,1.610171280765,1.75));
#7863 = DIRECTION('',(0.,-0.,-1.));
#7864 = DIRECTION('',(1.110223024625E-16,-1.,0.));
#7865 = PLANE('',#7866);
#7866 = AXIS2_PLACEMENT_3D('',#7867,#7868,#7869);
#7867 = CARTESIAN_POINT('',(-1.680085640382,2.260171280765,1.75));
#7868 = DIRECTION('',(0.,0.,-1.));
#7869 = DIRECTION('',(0.596575959062,-0.802556617983,0.));
#7870 = ADVANCED_FACE('',(#7871),#7881,.F.);
#7871 = FACE_BOUND('',#7872,.F.);
#7872 = EDGE_LOOP('',(#7873,#7874,#7875,#7876));
#7873 = ORIENTED_EDGE('',*,*,#6011,.T.);
#7874 = ORIENTED_EDGE('',*,*,#5796,.T.);
#7875 = ORIENTED_EDGE('',*,*,#7847,.F.);
#7876 = ORIENTED_EDGE('',*,*,#7877,.F.);
#7877 = EDGE_CURVE('',#6012,#7840,#7878,.T.);
#7878 = B_SPLINE_CURVE_WITH_KNOTS('',1,(#7879,#7880),.UNSPECIFIED.,.F.,
  .F.,(2,2),(0.,1.),.PIECEWISE_BEZIER_KNOTS.);
#7879 = CARTESIAN_POINT('',(-1.7375,-2.375,1.025));
#7880 = CARTESIAN_POINT('',(-1.680085640382,-2.260171280765,1.75));
#7881 = B_SPLINE_SURFACE_WITH_KNOTS('',1,1,(
    (#7882,#7883)
    ,(#7884,#7885
    )),.UNSPECIFIED.,.F.,.F.,.F.,(2,2),(2,2),(0.,0.194454364826),(0.,1.)
  ,.PIECEWISE_BEZIER_KNOTS.);
#7882 = CARTESIAN_POINT('',(-1.7375,-2.375,1.025));
#7883 = CARTESIAN_POINT('',(-1.680085640382,-2.260171280765,1.75));
#7884 = CARTESIAN_POINT('',(-1.875,-2.2375,1.025));
#7885 = CARTESIAN_POINT('',(-1.760171280765,-2.180085640382,1.75));
#7886 = ADVANCED_FACE('',(#7887),#7900,.F.);
#7887 = FACE_BOUND('',#7888,.F.);
#7888 = EDGE_LOOP('',(#7889,#7890,#7896,#7897,#7898,#7899));
#7889 = ORIENTED_EDGE('',*,*,#7185,.F.);
#7890 = ORIENTED_EDGE('',*,*,#7891,.T.);
#7891 = EDGE_CURVE('',#7177,#7286,#7892,.T.);
#7892 = LINE('',#7893,#7894);
#7893 = CARTESIAN_POINT('',(2.25,0.84,1.025));
#7894 = VECTOR('',#7895,1.);
#7895 = DIRECTION('',(1.110223024625E-16,-1.,0.));
#7896 = ORIENTED_EDGE('',*,*,#7294,.T.);
#7897 = ORIENTED_EDGE('',*,*,#7308,.T.);
#7898 = ORIENTED_EDGE('',*,*,#5895,.F.);
#7899 = ORIENTED_EDGE('',*,*,#7092,.F.);
#7900 = PLANE('',#7901);
#7901 = AXIS2_PLACEMENT_3D('',#7902,#7903,#7904);
#7902 = CARTESIAN_POINT('',(2.25,0.84,1.025));
#7903 = DIRECTION('',(0.,0.,-1.));
#7904 = DIRECTION('',(-1.,-1.110223024625E-16,-0.));
#7905 = ADVANCED_FACE('',(#7906),#7919,.F.);
#7906 = FACE_BOUND('',#7907,.F.);
#7907 = EDGE_LOOP('',(#7908,#7909,#7915,#7916,#7917,#7918));
#7908 = ORIENTED_EDGE('',*,*,#7408,.F.);
#7909 = ORIENTED_EDGE('',*,*,#7910,.T.);
#7910 = EDGE_CURVE('',#7400,#7509,#7911,.T.);
#7911 = LINE('',#7912,#7913);
#7912 = CARTESIAN_POINT('',(2.25,-0.43,1.025));
#7913 = VECTOR('',#7914,1.);
#7914 = DIRECTION('',(1.110223024625E-16,-1.,0.));
#7915 = ORIENTED_EDGE('',*,*,#7517,.T.);
#7916 = ORIENTED_EDGE('',*,*,#7531,.T.);
#7917 = ORIENTED_EDGE('',*,*,#5911,.F.);
#7918 = ORIENTED_EDGE('',*,*,#7315,.F.);
#7919 = PLANE('',#7920);
#7920 = AXIS2_PLACEMENT_3D('',#7921,#7922,#7923);
#7921 = CARTESIAN_POINT('',(2.25,-0.43,1.025));
#7922 = DIRECTION('',(0.,0.,-1.));
#7923 = DIRECTION('',(-1.,-1.110223024625E-16,-0.));
#7924 = ADVANCED_FACE('',(#7925),#7938,.F.);
#7925 = FACE_BOUND('',#7926,.F.);
#7926 = EDGE_LOOP('',(#7927,#7928,#7934,#7935,#7936,#7937));
#7927 = ORIENTED_EDGE('',*,*,#7631,.F.);
#7928 = ORIENTED_EDGE('',*,*,#7929,.T.);
#7929 = EDGE_CURVE('',#7623,#7732,#7930,.T.);
#7930 = LINE('',#7931,#7932);
#7931 = CARTESIAN_POINT('',(2.25,-1.7,1.025));
#7932 = VECTOR('',#7933,1.);
#7933 = DIRECTION('',(1.110223024625E-16,-1.,0.));
#7934 = ORIENTED_EDGE('',*,*,#7740,.T.);
#7935 = ORIENTED_EDGE('',*,*,#6034,.T.);
#7936 = ORIENTED_EDGE('',*,*,#5927,.F.);
#7937 = ORIENTED_EDGE('',*,*,#7538,.F.);
#7938 = PLANE('',#7939);
#7939 = AXIS2_PLACEMENT_3D('',#7940,#7941,#7942);
#7940 = CARTESIAN_POINT('',(2.25,-1.7,1.025));
#7941 = DIRECTION('',(0.,0.,-1.));
#7942 = DIRECTION('',(-1.,-1.110223024625E-16,-0.));
#7943 = ADVANCED_FACE('',(#7944),#7954,.F.);
#7944 = FACE_BOUND('',#7945,.F.);
#7945 = EDGE_LOOP('',(#7946,#7947,#7952,#7953));
#7946 = ORIENTED_EDGE('',*,*,#6027,.T.);
#7947 = ORIENTED_EDGE('',*,*,#7948,.T.);
#7948 = EDGE_CURVE('',#6020,#7832,#7949,.T.);
#7949 = B_SPLINE_CURVE_WITH_KNOTS('',1,(#7950,#7951),.UNSPECIFIED.,.F.,
  .F.,(2,2),(0.,1.),.PIECEWISE_BEZIER_KNOTS.);
#7950 = CARTESIAN_POINT('',(1.7375,-2.375,1.025));
#7951 = CARTESIAN_POINT('',(1.680085640382,-2.260171280765,1.75));
#7952 = ORIENTED_EDGE('',*,*,#7831,.F.);
#7953 = ORIENTED_EDGE('',*,*,#5943,.F.);
#7954 = B_SPLINE_SURFACE_WITH_KNOTS('',1,1,(
    (#7955,#7956)
    ,(#7957,#7958
    )),.UNSPECIFIED.,.F.,.F.,.F.,(2,2),(2,2),(0.,0.194454364826),(0.,1.)
  ,.PIECEWISE_BEZIER_KNOTS.);
#7955 = CARTESIAN_POINT('',(1.875,-2.2375,1.025));
#7956 = CARTESIAN_POINT('',(1.760171280765,-2.180085640382,1.75));
#7957 = CARTESIAN_POINT('',(1.7375,-2.375,1.025));
#7958 = CARTESIAN_POINT('',(1.680085640382,-2.260171280765,1.75));
#7959 = ADVANCED_FACE('',(#7960),#7971,.T.);
#7960 = FACE_BOUND('',#7961,.T.);
#7961 = EDGE_LOOP('',(#7962,#7963,#7964,#7965));
#7962 = ORIENTED_EDGE('',*,*,#6972,.T.);
#7963 = ORIENTED_EDGE('',*,*,#5973,.T.);
#7964 = ORIENTED_EDGE('',*,*,#7074,.F.);
#7965 = ORIENTED_EDGE('',*,*,#7966,.F.);
#7966 = EDGE_CURVE('',#6965,#7067,#7967,.T.);
#7967 = LINE('',#7968,#7969);
#7968 = CARTESIAN_POINT('',(2.545442325904,2.11,0.7770944533));
#7969 = VECTOR('',#7970,1.);
#7970 = DIRECTION('',(1.110223024625E-16,-1.,0.));
#7971 = CYLINDRICAL_SURFACE('',#7972,0.3);
#7972 = AXIS2_PLACEMENT_3D('',#7973,#7974,#7975);
#7973 = CARTESIAN_POINT('',(2.25,2.11,0.725));
#7974 = DIRECTION('',(-1.110223024625E-16,1.,0.));
#7975 = DIRECTION('',(0.984807753012,1.093356242223E-16,0.173648177667)
  );
#7976 = ADVANCED_FACE('',(#7977),#7983,.F.);
#7977 = FACE_BOUND('',#7978,.F.);
#7978 = EDGE_LOOP('',(#7979,#7980,#7981,#7982));
#7979 = ORIENTED_EDGE('',*,*,#6019,.T.);
#7980 = ORIENTED_EDGE('',*,*,#7877,.T.);
#7981 = ORIENTED_EDGE('',*,*,#7839,.F.);
#7982 = ORIENTED_EDGE('',*,*,#7948,.F.);
#7983 = B_SPLINE_SURFACE_WITH_KNOTS('',1,1,(
    (#7984,#7985)
    ,(#7986,#7987
    )),.UNSPECIFIED.,.F.,.F.,.F.,(2,2),(2,2),(0.,3.475),(0.,1.),
  .PIECEWISE_BEZIER_KNOTS.);
#7984 = CARTESIAN_POINT('',(1.7375,-2.375,1.025));
#7985 = CARTESIAN_POINT('',(1.680085640382,-2.260171280765,1.75));
#7986 = CARTESIAN_POINT('',(-1.7375,-2.375,1.025));
#7987 = CARTESIAN_POINT('',(-1.680085640382,-2.260171280765,1.75));
#7988 = ADVANCED_FACE('',(#7989),#8000,.T.);
#7989 = FACE_BOUND('',#7990,.T.);
#7990 = EDGE_LOOP('',(#7991,#7992,#7993,#7994));
#7991 = ORIENTED_EDGE('',*,*,#6121,.T.);
#7992 = ORIENTED_EDGE('',*,*,#7772,.T.);
#7993 = ORIENTED_EDGE('',*,*,#6230,.F.);
#7994 = ORIENTED_EDGE('',*,*,#7995,.F.);
#7995 = EDGE_CURVE('',#6114,#6223,#7996,.T.);
#7996 = LINE('',#7997,#7998);
#7997 = CARTESIAN_POINT('',(-2.545442325904,-2.11,0.7770944533));
#7998 = VECTOR('',#7999,1.);
#7999 = DIRECTION('',(1.144237745222E-17,1.,0.));
#8000 = CYLINDRICAL_SURFACE('',#8001,0.3);
#8001 = AXIS2_PLACEMENT_3D('',#8002,#8003,#8004);
#8002 = CARTESIAN_POINT('',(-2.25,-2.11,0.725));
#8003 = DIRECTION('',(-1.144237745222E-17,-1.,0.));
#8004 = DIRECTION('',(-0.984807753012,1.126854202784E-17,0.173648177667)
  );
#8005 = ADVANCED_FACE('',(#8006),#8017,.F.);
#8006 = FACE_BOUND('',#8007,.F.);
#8007 = EDGE_LOOP('',(#8008,#8014,#8015,#8016));
#8008 = ORIENTED_EDGE('',*,*,#8009,.T.);
#8009 = EDGE_CURVE('',#6105,#6214,#8010,.T.);
#8010 = LINE('',#8011,#8012);
#8011 = CARTESIAN_POINT('',(-2.6264581915,-2.11,0.282635182233));
#8012 = VECTOR('',#8013,1.);
#8013 = DIRECTION('',(1.144237745222E-17,1.,0.));
#8014 = ORIENTED_EDGE('',*,*,#6222,.T.);
#8015 = ORIENTED_EDGE('',*,*,#7995,.F.);
#8016 = ORIENTED_EDGE('',*,*,#6113,.F.);
#8017 = PLANE('',#8018);
#8018 = AXIS2_PLACEMENT_3D('',#8019,#8020,#8021);
#8019 = CARTESIAN_POINT('',(-2.6264581915,-2.11,0.282635182233));
#8020 = DIRECTION('',(0.986841372087,-1.129181146488E-17,-0.161691392282
    ));
#8021 = DIRECTION('',(0.161691392282,-1.85013394127E-18,0.986841372087)
  );
#8022 = ADVANCED_FACE('',(#8023),#8034,.F.);
#8023 = FACE_BOUND('',#8024,.F.);
#8024 = EDGE_LOOP('',(#8025,#8031,#8032,#8033));
#8025 = ORIENTED_EDGE('',*,*,#8026,.T.);
#8026 = EDGE_CURVE('',#6097,#6206,#8027,.T.);
#8027 = LINE('',#8028,#8029);
#8028 = CARTESIAN_POINT('',(-2.724938966801,-2.11,0.2));
#8029 = VECTOR('',#8030,1.);
#8030 = DIRECTION('',(1.144237745222E-17,1.,0.));
#8031 = ORIENTED_EDGE('',*,*,#6213,.T.);
#8032 = ORIENTED_EDGE('',*,*,#8009,.F.);
#8033 = ORIENTED_EDGE('',*,*,#6104,.F.);
#8034 = CYLINDRICAL_SURFACE('',#8035,0.1);
#8035 = AXIS2_PLACEMENT_3D('',#8036,#8037,#8038);
#8036 = CARTESIAN_POINT('',(-2.724938966801,-2.11,0.3));
#8037 = DIRECTION('',(-1.144237745222E-17,-1.,0.));
#8038 = DIRECTION('',(-0.,0.,-1.));
#8039 = ADVANCED_FACE('',(#8040),#8051,.F.);
#8040 = FACE_BOUND('',#8041,.F.);
#8041 = EDGE_LOOP('',(#8042,#8048,#8049,#8050));
#8042 = ORIENTED_EDGE('',*,*,#8043,.T.);
#8043 = EDGE_CURVE('',#6089,#6198,#8044,.T.);
#8044 = LINE('',#8045,#8046);
#8045 = CARTESIAN_POINT('',(-3.,-2.11,0.2));
#8046 = VECTOR('',#8047,1.);
#8047 = DIRECTION('',(1.144237745222E-17,1.,0.));
#8048 = ORIENTED_EDGE('',*,*,#6205,.T.);
#8049 = ORIENTED_EDGE('',*,*,#8026,.F.);
#8050 = ORIENTED_EDGE('',*,*,#6096,.F.);
#8051 = PLANE('',#8052);
#8052 = AXIS2_PLACEMENT_3D('',#8053,#8054,#8055);
#8053 = CARTESIAN_POINT('',(-3.,-2.11,0.2));
#8054 = DIRECTION('',(0.,0.,-1.));
#8055 = DIRECTION('',(1.,-1.144237745222E-17,0.));
#8056 = ADVANCED_FACE('',(#8057),#8068,.F.);
#8057 = FACE_BOUND('',#8058,.F.);
#8058 = EDGE_LOOP('',(#8059,#8065,#8066,#8067));
#8059 = ORIENTED_EDGE('',*,*,#8060,.T.);
#8060 = EDGE_CURVE('',#6081,#6190,#8061,.T.);
#8061 = LINE('',#8062,#8063);
#8062 = CARTESIAN_POINT('',(-3.,-2.11,-1.665334536938E-16));
#8063 = VECTOR('',#8064,1.);
#8064 = DIRECTION('',(1.144237745222E-17,1.,0.));
#8065 = ORIENTED_EDGE('',*,*,#6197,.T.);
#8066 = ORIENTED_EDGE('',*,*,#8043,.F.);
#8067 = ORIENTED_EDGE('',*,*,#6088,.F.);
#8068 = PLANE('',#8069);
#8069 = AXIS2_PLACEMENT_3D('',#8070,#8071,#8072);
#8070 = CARTESIAN_POINT('',(-3.,-2.11,-1.665334536938E-16));
#8071 = DIRECTION('',(1.,-1.144237745222E-17,0.));
#8072 = DIRECTION('',(0.,0.,1.));
#8073 = ADVANCED_FACE('',(#8074),#8085,.F.);
#8074 = FACE_BOUND('',#8075,.F.);
#8075 = EDGE_LOOP('',(#8076,#8082,#8083,#8084));
#8076 = ORIENTED_EDGE('',*,*,#8077,.T.);
#8077 = EDGE_CURVE('',#6072,#6181,#8078,.T.);
#8078 = LINE('',#8079,#8080);
#8079 = CARTESIAN_POINT('',(-2.724938966801,-2.11,-1.665334536938E-16));
#8080 = VECTOR('',#8081,1.);
#8081 = DIRECTION('',(1.144237745222E-17,1.,0.));
#8082 = ORIENTED_EDGE('',*,*,#6189,.T.);
#8083 = ORIENTED_EDGE('',*,*,#8060,.F.);
#8084 = ORIENTED_EDGE('',*,*,#6080,.F.);
#8085 = PLANE('',#8086);
#8086 = AXIS2_PLACEMENT_3D('',#8087,#8088,#8089);
#8087 = CARTESIAN_POINT('',(-2.724938966801,-2.11,-1.665334536938E-16));
#8088 = DIRECTION('',(0.,0.,1.));
#8089 = DIRECTION('',(-1.,1.144237745222E-17,0.));
#8090 = ADVANCED_FACE('',(#8091),#8102,.T.);
#8091 = FACE_BOUND('',#8092,.T.);
#8092 = EDGE_LOOP('',(#8093,#8094,#8095,#8096));
#8093 = ORIENTED_EDGE('',*,*,#6071,.T.);
#8094 = ORIENTED_EDGE('',*,*,#8077,.T.);
#8095 = ORIENTED_EDGE('',*,*,#6180,.F.);
#8096 = ORIENTED_EDGE('',*,*,#8097,.F.);
#8097 = EDGE_CURVE('',#6064,#6173,#8098,.T.);
#8098 = LINE('',#8099,#8100);
#8099 = CARTESIAN_POINT('',(-2.429496640897,-2.11,0.2479055467));
#8100 = VECTOR('',#8101,1.);
#8101 = DIRECTION('',(1.144237745222E-17,1.,0.));
#8102 = CYLINDRICAL_SURFACE('',#8103,0.3);
#8103 = AXIS2_PLACEMENT_3D('',#8104,#8105,#8106);
#8104 = CARTESIAN_POINT('',(-2.724938966801,-2.11,0.3));
#8105 = DIRECTION('',(-1.144237745222E-17,-1.,0.));
#8106 = DIRECTION('',(0.984807753012,-1.126854202784E-17,-0.173648177667
    ));
#8107 = ADVANCED_FACE('',(#8108),#8114,.F.);
#8108 = FACE_BOUND('',#8109,.F.);
#8109 = EDGE_LOOP('',(#8110,#8111,#8112,#8113));
#8110 = ORIENTED_EDGE('',*,*,#6154,.T.);
#8111 = ORIENTED_EDGE('',*,*,#6172,.T.);
#8112 = ORIENTED_EDGE('',*,*,#8097,.F.);
#8113 = ORIENTED_EDGE('',*,*,#6063,.F.);
#8114 = PLANE('',#8115);
#8115 = AXIS2_PLACEMENT_3D('',#8116,#8117,#8118);
#8116 = CARTESIAN_POINT('',(-2.348480775301,-2.11,0.742364817767));
#8117 = DIRECTION('',(-0.986841372087,1.129181146488E-17,0.161691392282)
  );
#8118 = DIRECTION('',(-0.161691392282,1.85013394127E-18,-0.986841372087)
  );
#8119 = ADVANCED_FACE('',(#8120),#8131,.T.);
#8120 = FACE_BOUND('',#8121,.T.);
#8121 = EDGE_LOOP('',(#8122,#8123,#8124,#8125));
#8122 = ORIENTED_EDGE('',*,*,#6344,.T.);
#8123 = ORIENTED_EDGE('',*,*,#7791,.T.);
#8124 = ORIENTED_EDGE('',*,*,#6453,.F.);
#8125 = ORIENTED_EDGE('',*,*,#8126,.F.);
#8126 = EDGE_CURVE('',#6337,#6446,#8127,.T.);
#8127 = LINE('',#8128,#8129);
#8128 = CARTESIAN_POINT('',(-2.545442325904,-0.84,0.7770944533));
#8129 = VECTOR('',#8130,1.);
#8130 = DIRECTION('',(1.144237745222E-17,1.,0.));
#8131 = CYLINDRICAL_SURFACE('',#8132,0.3);
#8132 = AXIS2_PLACEMENT_3D('',#8133,#8134,#8135);
#8133 = CARTESIAN_POINT('',(-2.25,-0.84,0.725));
#8134 = DIRECTION('',(-1.144237745222E-17,-1.,0.));
#8135 = DIRECTION('',(-0.984807753012,1.126854202784E-17,0.173648177667)
  );
#8136 = ADVANCED_FACE('',(#8137),#8148,.F.);
#8137 = FACE_BOUND('',#8138,.F.);
#8138 = EDGE_LOOP('',(#8139,#8145,#8146,#8147));
#8139 = ORIENTED_EDGE('',*,*,#8140,.T.);
#8140 = EDGE_CURVE('',#6328,#6437,#8141,.T.);
#8141 = LINE('',#8142,#8143);
#8142 = CARTESIAN_POINT('',(-2.6264581915,-0.84,0.282635182233));
#8143 = VECTOR('',#8144,1.);
#8144 = DIRECTION('',(1.144237745222E-17,1.,0.));
#8145 = ORIENTED_EDGE('',*,*,#6445,.T.);
#8146 = ORIENTED_EDGE('',*,*,#8126,.F.);
#8147 = ORIENTED_EDGE('',*,*,#6336,.F.);
#8148 = PLANE('',#8149);
#8149 = AXIS2_PLACEMENT_3D('',#8150,#8151,#8152);
#8150 = CARTESIAN_POINT('',(-2.6264581915,-0.84,0.282635182233));
#8151 = DIRECTION('',(0.986841372087,-1.129181146488E-17,-0.161691392282
    ));
#8152 = DIRECTION('',(0.161691392282,-1.85013394127E-18,0.986841372087)
  );
#8153 = ADVANCED_FACE('',(#8154),#8165,.F.);
#8154 = FACE_BOUND('',#8155,.F.);
#8155 = EDGE_LOOP('',(#8156,#8162,#8163,#8164));
#8156 = ORIENTED_EDGE('',*,*,#8157,.T.);
#8157 = EDGE_CURVE('',#6320,#6429,#8158,.T.);
#8158 = LINE('',#8159,#8160);
#8159 = CARTESIAN_POINT('',(-2.724938966801,-0.84,0.2));
#8160 = VECTOR('',#8161,1.);
#8161 = DIRECTION('',(1.144237745222E-17,1.,0.));
#8162 = ORIENTED_EDGE('',*,*,#6436,.T.);
#8163 = ORIENTED_EDGE('',*,*,#8140,.F.);
#8164 = ORIENTED_EDGE('',*,*,#6327,.F.);
#8165 = CYLINDRICAL_SURFACE('',#8166,0.1);
#8166 = AXIS2_PLACEMENT_3D('',#8167,#8168,#8169);
#8167 = CARTESIAN_POINT('',(-2.724938966801,-0.84,0.3));
#8168 = DIRECTION('',(-1.144237745222E-17,-1.,0.));
#8169 = DIRECTION('',(-0.,0.,-1.));
#8170 = ADVANCED_FACE('',(#8171),#8182,.F.);
#8171 = FACE_BOUND('',#8172,.F.);
#8172 = EDGE_LOOP('',(#8173,#8179,#8180,#8181));
#8173 = ORIENTED_EDGE('',*,*,#8174,.T.);
#8174 = EDGE_CURVE('',#6312,#6421,#8175,.T.);
#8175 = LINE('',#8176,#8177);
#8176 = CARTESIAN_POINT('',(-3.,-0.84,0.2));
#8177 = VECTOR('',#8178,1.);
#8178 = DIRECTION('',(1.144237745222E-17,1.,0.));
#8179 = ORIENTED_EDGE('',*,*,#6428,.T.);
#8180 = ORIENTED_EDGE('',*,*,#8157,.F.);
#8181 = ORIENTED_EDGE('',*,*,#6319,.F.);
#8182 = PLANE('',#8183);
#8183 = AXIS2_PLACEMENT_3D('',#8184,#8185,#8186);
#8184 = CARTESIAN_POINT('',(-3.,-0.84,0.2));
#8185 = DIRECTION('',(0.,0.,-1.));
#8186 = DIRECTION('',(1.,-1.144237745222E-17,0.));
#8187 = ADVANCED_FACE('',(#8188),#8199,.F.);
#8188 = FACE_BOUND('',#8189,.F.);
#8189 = EDGE_LOOP('',(#8190,#8196,#8197,#8198));
#8190 = ORIENTED_EDGE('',*,*,#8191,.T.);
#8191 = EDGE_CURVE('',#6304,#6413,#8192,.T.);
#8192 = LINE('',#8193,#8194);
#8193 = CARTESIAN_POINT('',(-3.,-0.84,-1.665334536938E-16));
#8194 = VECTOR('',#8195,1.);
#8195 = DIRECTION('',(1.144237745222E-17,1.,0.));
#8196 = ORIENTED_EDGE('',*,*,#6420,.T.);
#8197 = ORIENTED_EDGE('',*,*,#8174,.F.);
#8198 = ORIENTED_EDGE('',*,*,#6311,.F.);
#8199 = PLANE('',#8200);
#8200 = AXIS2_PLACEMENT_3D('',#8201,#8202,#8203);
#8201 = CARTESIAN_POINT('',(-3.,-0.84,-1.665334536938E-16));
#8202 = DIRECTION('',(1.,-1.144237745222E-17,0.));
#8203 = DIRECTION('',(0.,0.,1.));
#8204 = ADVANCED_FACE('',(#8205),#8216,.F.);
#8205 = FACE_BOUND('',#8206,.F.);
#8206 = EDGE_LOOP('',(#8207,#8213,#8214,#8215));
#8207 = ORIENTED_EDGE('',*,*,#8208,.T.);
#8208 = EDGE_CURVE('',#6295,#6404,#8209,.T.);
#8209 = LINE('',#8210,#8211);
#8210 = CARTESIAN_POINT('',(-2.724938966801,-0.84,-1.665334536938E-16));
#8211 = VECTOR('',#8212,1.);
#8212 = DIRECTION('',(1.144237745222E-17,1.,0.));
#8213 = ORIENTED_EDGE('',*,*,#6412,.T.);
#8214 = ORIENTED_EDGE('',*,*,#8191,.F.);
#8215 = ORIENTED_EDGE('',*,*,#6303,.F.);
#8216 = PLANE('',#8217);
#8217 = AXIS2_PLACEMENT_3D('',#8218,#8219,#8220);
#8218 = CARTESIAN_POINT('',(-2.724938966801,-0.84,-1.665334536938E-16));
#8219 = DIRECTION('',(0.,0.,1.));
#8220 = DIRECTION('',(-1.,1.144237745222E-17,0.));
#8221 = ADVANCED_FACE('',(#8222),#8233,.T.);
#8222 = FACE_BOUND('',#8223,.T.);
#8223 = EDGE_LOOP('',(#8224,#8225,#8226,#8227));
#8224 = ORIENTED_EDGE('',*,*,#6294,.T.);
#8225 = ORIENTED_EDGE('',*,*,#8208,.T.);
#8226 = ORIENTED_EDGE('',*,*,#6403,.F.);
#8227 = ORIENTED_EDGE('',*,*,#8228,.F.);
#8228 = EDGE_CURVE('',#6287,#6396,#8229,.T.);
#8229 = LINE('',#8230,#8231);
#8230 = CARTESIAN_POINT('',(-2.429496640897,-0.84,0.2479055467));
#8231 = VECTOR('',#8232,1.);
#8232 = DIRECTION('',(1.144237745222E-17,1.,0.));
#8233 = CYLINDRICAL_SURFACE('',#8234,0.3);
#8234 = AXIS2_PLACEMENT_3D('',#8235,#8236,#8237);
#8235 = CARTESIAN_POINT('',(-2.724938966801,-0.84,0.3));
#8236 = DIRECTION('',(-1.144237745222E-17,-1.,0.));
#8237 = DIRECTION('',(0.984807753012,-1.126854202784E-17,-0.173648177667
    ));
#8238 = ADVANCED_FACE('',(#8239),#8245,.F.);
#8239 = FACE_BOUND('',#8240,.F.);
#8240 = EDGE_LOOP('',(#8241,#8242,#8243,#8244));
#8241 = ORIENTED_EDGE('',*,*,#6377,.T.);
#8242 = ORIENTED_EDGE('',*,*,#6395,.T.);
#8243 = ORIENTED_EDGE('',*,*,#8228,.F.);
#8244 = ORIENTED_EDGE('',*,*,#6286,.F.);
#8245 = PLANE('',#8246);
#8246 = AXIS2_PLACEMENT_3D('',#8247,#8248,#8249);
#8247 = CARTESIAN_POINT('',(-2.348480775301,-0.84,0.742364817767));
#8248 = DIRECTION('',(-0.986841372087,1.129181146488E-17,0.161691392282)
  );
#8249 = DIRECTION('',(-0.161691392282,1.85013394127E-18,-0.986841372087)
  );
#8250 = ADVANCED_FACE('',(#8251),#8262,.T.);
#8251 = FACE_BOUND('',#8252,.T.);
#8252 = EDGE_LOOP('',(#8253,#8254,#8255,#8256));
#8253 = ORIENTED_EDGE('',*,*,#6567,.T.);
#8254 = ORIENTED_EDGE('',*,*,#7810,.T.);
#8255 = ORIENTED_EDGE('',*,*,#6676,.F.);
#8256 = ORIENTED_EDGE('',*,*,#8257,.F.);
#8257 = EDGE_CURVE('',#6560,#6669,#8258,.T.);
#8258 = LINE('',#8259,#8260);
#8259 = CARTESIAN_POINT('',(-2.545442325904,0.43,0.7770944533));
#8260 = VECTOR('',#8261,1.);
#8261 = DIRECTION('',(1.144237745222E-17,1.,0.));
#8262 = CYLINDRICAL_SURFACE('',#8263,0.3);
#8263 = AXIS2_PLACEMENT_3D('',#8264,#8265,#8266);
#8264 = CARTESIAN_POINT('',(-2.25,0.43,0.725));
#8265 = DIRECTION('',(-1.144237745222E-17,-1.,0.));
#8266 = DIRECTION('',(-0.984807753012,1.126854202784E-17,0.173648177667)
  );
#8267 = ADVANCED_FACE('',(#8268),#8279,.F.);
#8268 = FACE_BOUND('',#8269,.F.);
#8269 = EDGE_LOOP('',(#8270,#8276,#8277,#8278));
#8270 = ORIENTED_EDGE('',*,*,#8271,.T.);
#8271 = EDGE_CURVE('',#6551,#6660,#8272,.T.);
#8272 = LINE('',#8273,#8274);
#8273 = CARTESIAN_POINT('',(-2.6264581915,0.43,0.282635182233));
#8274 = VECTOR('',#8275,1.);
#8275 = DIRECTION('',(1.144237745222E-17,1.,0.));
#8276 = ORIENTED_EDGE('',*,*,#6668,.T.);
#8277 = ORIENTED_EDGE('',*,*,#8257,.F.);
#8278 = ORIENTED_EDGE('',*,*,#6559,.F.);
#8279 = PLANE('',#8280);
#8280 = AXIS2_PLACEMENT_3D('',#8281,#8282,#8283);
#8281 = CARTESIAN_POINT('',(-2.6264581915,0.43,0.282635182233));
#8282 = DIRECTION('',(0.986841372087,-1.129181146488E-17,-0.161691392282
    ));
#8283 = DIRECTION('',(0.161691392282,-1.85013394127E-18,0.986841372087)
  );
#8284 = ADVANCED_FACE('',(#8285),#8296,.F.);
#8285 = FACE_BOUND('',#8286,.F.);
#8286 = EDGE_LOOP('',(#8287,#8293,#8294,#8295));
#8287 = ORIENTED_EDGE('',*,*,#8288,.T.);
#8288 = EDGE_CURVE('',#6543,#6652,#8289,.T.);
#8289 = LINE('',#8290,#8291);
#8290 = CARTESIAN_POINT('',(-2.724938966801,0.43,0.2));
#8291 = VECTOR('',#8292,1.);
#8292 = DIRECTION('',(1.144237745222E-17,1.,0.));
#8293 = ORIENTED_EDGE('',*,*,#6659,.T.);
#8294 = ORIENTED_EDGE('',*,*,#8271,.F.);
#8295 = ORIENTED_EDGE('',*,*,#6550,.F.);
#8296 = CYLINDRICAL_SURFACE('',#8297,0.1);
#8297 = AXIS2_PLACEMENT_3D('',#8298,#8299,#8300);
#8298 = CARTESIAN_POINT('',(-2.724938966801,0.43,0.3));
#8299 = DIRECTION('',(-1.144237745222E-17,-1.,0.));
#8300 = DIRECTION('',(-0.,0.,-1.));
#8301 = ADVANCED_FACE('',(#8302),#8313,.F.);
#8302 = FACE_BOUND('',#8303,.F.);
#8303 = EDGE_LOOP('',(#8304,#8310,#8311,#8312));
#8304 = ORIENTED_EDGE('',*,*,#8305,.T.);
#8305 = EDGE_CURVE('',#6535,#6644,#8306,.T.);
#8306 = LINE('',#8307,#8308);
#8307 = CARTESIAN_POINT('',(-3.,0.43,0.2));
#8308 = VECTOR('',#8309,1.);
#8309 = DIRECTION('',(1.144237745222E-17,1.,0.));
#8310 = ORIENTED_EDGE('',*,*,#6651,.T.);
#8311 = ORIENTED_EDGE('',*,*,#8288,.F.);
#8312 = ORIENTED_EDGE('',*,*,#6542,.F.);
#8313 = PLANE('',#8314);
#8314 = AXIS2_PLACEMENT_3D('',#8315,#8316,#8317);
#8315 = CARTESIAN_POINT('',(-3.,0.43,0.2));
#8316 = DIRECTION('',(0.,0.,-1.));
#8317 = DIRECTION('',(1.,-1.144237745222E-17,0.));
#8318 = ADVANCED_FACE('',(#8319),#8330,.F.);
#8319 = FACE_BOUND('',#8320,.F.);
#8320 = EDGE_LOOP('',(#8321,#8327,#8328,#8329));
#8321 = ORIENTED_EDGE('',*,*,#8322,.T.);
#8322 = EDGE_CURVE('',#6527,#6636,#8323,.T.);
#8323 = LINE('',#8324,#8325);
#8324 = CARTESIAN_POINT('',(-3.,0.43,-1.665334536938E-16));
#8325 = VECTOR('',#8326,1.);
#8326 = DIRECTION('',(1.144237745222E-17,1.,0.));
#8327 = ORIENTED_EDGE('',*,*,#6643,.T.);
#8328 = ORIENTED_EDGE('',*,*,#8305,.F.);
#8329 = ORIENTED_EDGE('',*,*,#6534,.F.);
#8330 = PLANE('',#8331);
#8331 = AXIS2_PLACEMENT_3D('',#8332,#8333,#8334);
#8332 = CARTESIAN_POINT('',(-3.,0.43,-1.665334536938E-16));
#8333 = DIRECTION('',(1.,-1.144237745222E-17,0.));
#8334 = DIRECTION('',(0.,0.,1.));
#8335 = ADVANCED_FACE('',(#8336),#8347,.F.);
#8336 = FACE_BOUND('',#8337,.F.);
#8337 = EDGE_LOOP('',(#8338,#8344,#8345,#8346));
#8338 = ORIENTED_EDGE('',*,*,#8339,.T.);
#8339 = EDGE_CURVE('',#6518,#6627,#8340,.T.);
#8340 = LINE('',#8341,#8342);
#8341 = CARTESIAN_POINT('',(-2.724938966801,0.43,-1.665334536938E-16));
#8342 = VECTOR('',#8343,1.);
#8343 = DIRECTION('',(1.144237745222E-17,1.,0.));
#8344 = ORIENTED_EDGE('',*,*,#6635,.T.);
#8345 = ORIENTED_EDGE('',*,*,#8322,.F.);
#8346 = ORIENTED_EDGE('',*,*,#6526,.F.);
#8347 = PLANE('',#8348);
#8348 = AXIS2_PLACEMENT_3D('',#8349,#8350,#8351);
#8349 = CARTESIAN_POINT('',(-2.724938966801,0.43,-1.665334536938E-16));
#8350 = DIRECTION('',(0.,0.,1.));
#8351 = DIRECTION('',(-1.,1.144237745222E-17,0.));
#8352 = ADVANCED_FACE('',(#8353),#8364,.T.);
#8353 = FACE_BOUND('',#8354,.T.);
#8354 = EDGE_LOOP('',(#8355,#8356,#8357,#8358));
#8355 = ORIENTED_EDGE('',*,*,#6517,.T.);
#8356 = ORIENTED_EDGE('',*,*,#8339,.T.);
#8357 = ORIENTED_EDGE('',*,*,#6626,.F.);
#8358 = ORIENTED_EDGE('',*,*,#8359,.F.);
#8359 = EDGE_CURVE('',#6510,#6619,#8360,.T.);
#8360 = LINE('',#8361,#8362);
#8361 = CARTESIAN_POINT('',(-2.429496640897,0.43,0.2479055467));
#8362 = VECTOR('',#8363,1.);
#8363 = DIRECTION('',(1.144237745222E-17,1.,0.));
#8364 = CYLINDRICAL_SURFACE('',#8365,0.3);
#8365 = AXIS2_PLACEMENT_3D('',#8366,#8367,#8368);
#8366 = CARTESIAN_POINT('',(-2.724938966801,0.43,0.3));
#8367 = DIRECTION('',(-1.144237745222E-17,-1.,0.));
#8368 = DIRECTION('',(0.984807753012,-1.126854202784E-17,-0.173648177667
    ));
#8369 = ADVANCED_FACE('',(#8370),#8376,.F.);
#8370 = FACE_BOUND('',#8371,.F.);
#8371 = EDGE_LOOP('',(#8372,#8373,#8374,#8375));
#8372 = ORIENTED_EDGE('',*,*,#6600,.T.);
#8373 = ORIENTED_EDGE('',*,*,#6618,.T.);
#8374 = ORIENTED_EDGE('',*,*,#8359,.F.);
#8375 = ORIENTED_EDGE('',*,*,#6509,.F.);
#8376 = PLANE('',#8377);
#8377 = AXIS2_PLACEMENT_3D('',#8378,#8379,#8380);
#8378 = CARTESIAN_POINT('',(-2.348480775301,0.43,0.742364817767));
#8379 = DIRECTION('',(-0.986841372087,1.129181146488E-17,0.161691392282)
  );
#8380 = DIRECTION('',(-0.161691392282,1.85013394127E-18,-0.986841372087)
  );
#8381 = ADVANCED_FACE('',(#8382),#8393,.F.);
#8382 = FACE_BOUND('',#8383,.F.);
#8383 = EDGE_LOOP('',(#8384,#8390,#8391,#8392));
#8384 = ORIENTED_EDGE('',*,*,#8385,.T.);
#8385 = EDGE_CURVE('',#6769,#6871,#8386,.T.);
#8386 = LINE('',#8387,#8388);
#8387 = CARTESIAN_POINT('',(-2.6264581915,1.7,0.282635182233));
#8388 = VECTOR('',#8389,1.);
#8389 = DIRECTION('',(1.144237745222E-17,1.,0.));
#8390 = ORIENTED_EDGE('',*,*,#6879,.T.);
#8391 = ORIENTED_EDGE('',*,*,#7757,.F.);
#8392 = ORIENTED_EDGE('',*,*,#6777,.F.);
#8393 = PLANE('',#8394);
#8394 = AXIS2_PLACEMENT_3D('',#8395,#8396,#8397);
#8395 = CARTESIAN_POINT('',(-2.6264581915,1.7,0.282635182233));
#8396 = DIRECTION('',(0.986841372087,-1.129181146488E-17,-0.161691392282
    ));
#8397 = DIRECTION('',(0.161691392282,-1.85013394127E-18,0.986841372087)
  );
#8398 = ADVANCED_FACE('',(#8399),#8410,.F.);
#8399 = FACE_BOUND('',#8400,.F.);
#8400 = EDGE_LOOP('',(#8401,#8407,#8408,#8409));
#8401 = ORIENTED_EDGE('',*,*,#8402,.T.);
#8402 = EDGE_CURVE('',#6761,#6863,#8403,.T.);
#8403 = LINE('',#8404,#8405);
#8404 = CARTESIAN_POINT('',(-2.724938966801,1.7,0.2));
#8405 = VECTOR('',#8406,1.);
#8406 = DIRECTION('',(1.144237745222E-17,1.,0.));
#8407 = ORIENTED_EDGE('',*,*,#6870,.T.);
#8408 = ORIENTED_EDGE('',*,*,#8385,.F.);
#8409 = ORIENTED_EDGE('',*,*,#6768,.F.);
#8410 = CYLINDRICAL_SURFACE('',#8411,0.1);
#8411 = AXIS2_PLACEMENT_3D('',#8412,#8413,#8414);
#8412 = CARTESIAN_POINT('',(-2.724938966801,1.7,0.3));
#8413 = DIRECTION('',(-1.144237745222E-17,-1.,0.));
#8414 = DIRECTION('',(-0.,0.,-1.));
#8415 = ADVANCED_FACE('',(#8416),#8427,.F.);
#8416 = FACE_BOUND('',#8417,.F.);
#8417 = EDGE_LOOP('',(#8418,#8424,#8425,#8426));
#8418 = ORIENTED_EDGE('',*,*,#8419,.T.);
#8419 = EDGE_CURVE('',#6753,#6855,#8420,.T.);
#8420 = LINE('',#8421,#8422);
#8421 = CARTESIAN_POINT('',(-3.,1.7,0.2));
#8422 = VECTOR('',#8423,1.);
#8423 = DIRECTION('',(1.144237745222E-17,1.,0.));
#8424 = ORIENTED_EDGE('',*,*,#6862,.T.);
#8425 = ORIENTED_EDGE('',*,*,#8402,.F.);
#8426 = ORIENTED_EDGE('',*,*,#6760,.F.);
#8427 = PLANE('',#8428);
#8428 = AXIS2_PLACEMENT_3D('',#8429,#8430,#8431);
#8429 = CARTESIAN_POINT('',(-3.,1.7,0.2));
#8430 = DIRECTION('',(0.,0.,-1.));
#8431 = DIRECTION('',(1.,-1.144237745222E-17,0.));
#8432 = ADVANCED_FACE('',(#8433),#8444,.F.);
#8433 = FACE_BOUND('',#8434,.F.);
#8434 = EDGE_LOOP('',(#8435,#8441,#8442,#8443));
#8435 = ORIENTED_EDGE('',*,*,#8436,.T.);
#8436 = EDGE_CURVE('',#6745,#6847,#8437,.T.);
#8437 = LINE('',#8438,#8439);
#8438 = CARTESIAN_POINT('',(-3.,1.7,-1.665334536938E-16));
#8439 = VECTOR('',#8440,1.);
#8440 = DIRECTION('',(1.144237745222E-17,1.,0.));
#8441 = ORIENTED_EDGE('',*,*,#6854,.T.);
#8442 = ORIENTED_EDGE('',*,*,#8419,.F.);
#8443 = ORIENTED_EDGE('',*,*,#6752,.F.);
#8444 = PLANE('',#8445);
#8445 = AXIS2_PLACEMENT_3D('',#8446,#8447,#8448);
#8446 = CARTESIAN_POINT('',(-3.,1.7,-1.665334536938E-16));
#8447 = DIRECTION('',(1.,-1.144237745222E-17,0.));
#8448 = DIRECTION('',(0.,0.,1.));
#8449 = ADVANCED_FACE('',(#8450),#8461,.F.);
#8450 = FACE_BOUND('',#8451,.F.);
#8451 = EDGE_LOOP('',(#8452,#8458,#8459,#8460));
#8452 = ORIENTED_EDGE('',*,*,#8453,.T.);
#8453 = EDGE_CURVE('',#6736,#6838,#8454,.T.);
#8454 = LINE('',#8455,#8456);
#8455 = CARTESIAN_POINT('',(-2.724938966801,1.7,-1.665334536938E-16));
#8456 = VECTOR('',#8457,1.);
#8457 = DIRECTION('',(1.144237745222E-17,1.,0.));
#8458 = ORIENTED_EDGE('',*,*,#6846,.T.);
#8459 = ORIENTED_EDGE('',*,*,#8436,.F.);
#8460 = ORIENTED_EDGE('',*,*,#6744,.F.);
#8461 = PLANE('',#8462);
#8462 = AXIS2_PLACEMENT_3D('',#8463,#8464,#8465);
#8463 = CARTESIAN_POINT('',(-2.724938966801,1.7,-1.665334536938E-16));
#8464 = DIRECTION('',(0.,0.,1.));
#8465 = DIRECTION('',(-1.,1.144237745222E-17,0.));
#8466 = ADVANCED_FACE('',(#8467),#8478,.T.);
#8467 = FACE_BOUND('',#8468,.T.);
#8468 = EDGE_LOOP('',(#8469,#8470,#8471,#8472));
#8469 = ORIENTED_EDGE('',*,*,#6735,.T.);
#8470 = ORIENTED_EDGE('',*,*,#8453,.T.);
#8471 = ORIENTED_EDGE('',*,*,#6837,.F.);
#8472 = ORIENTED_EDGE('',*,*,#8473,.F.);
#8473 = EDGE_CURVE('',#6728,#6830,#8474,.T.);
#8474 = LINE('',#8475,#8476);
#8475 = CARTESIAN_POINT('',(-2.429496640897,1.7,0.2479055467));
#8476 = VECTOR('',#8477,1.);
#8477 = DIRECTION('',(1.144237745222E-17,1.,0.));
#8478 = CYLINDRICAL_SURFACE('',#8479,0.3);
#8479 = AXIS2_PLACEMENT_3D('',#8480,#8481,#8482);
#8480 = CARTESIAN_POINT('',(-2.724938966801,1.7,0.3));
#8481 = DIRECTION('',(-1.144237745222E-17,-1.,0.));
#8482 = DIRECTION('',(0.984807753012,-1.126854202784E-17,-0.173648177667
    ));
#8483 = ADVANCED_FACE('',(#8484),#8490,.F.);
#8484 = FACE_BOUND('',#8485,.F.);
#8485 = EDGE_LOOP('',(#8486,#8487,#8488,#8489));
#8486 = ORIENTED_EDGE('',*,*,#6811,.T.);
#8487 = ORIENTED_EDGE('',*,*,#6829,.T.);
#8488 = ORIENTED_EDGE('',*,*,#8473,.F.);
#8489 = ORIENTED_EDGE('',*,*,#6727,.F.);
#8490 = PLANE('',#8491);
#8491 = AXIS2_PLACEMENT_3D('',#8492,#8493,#8494);
#8492 = CARTESIAN_POINT('',(-2.348480775301,1.7,0.742364817767));
#8493 = DIRECTION('',(-0.986841372087,1.129181146488E-17,0.161691392282)
  );
#8494 = DIRECTION('',(-0.161691392282,1.85013394127E-18,-0.986841372087)
  );
#8495 = ADVANCED_FACE('',(#8496),#8507,.F.);
#8496 = FACE_BOUND('',#8497,.F.);
#8497 = EDGE_LOOP('',(#8498,#8504,#8505,#8506));
#8498 = ORIENTED_EDGE('',*,*,#8499,.T.);
#8499 = EDGE_CURVE('',#6956,#7058,#8500,.T.);
#8500 = LINE('',#8501,#8502);
#8501 = CARTESIAN_POINT('',(2.6264581915,2.11,0.282635182233));
#8502 = VECTOR('',#8503,1.);
#8503 = DIRECTION('',(1.110223024625E-16,-1.,0.));
#8504 = ORIENTED_EDGE('',*,*,#7066,.T.);
#8505 = ORIENTED_EDGE('',*,*,#7966,.F.);
#8506 = ORIENTED_EDGE('',*,*,#6964,.F.);
#8507 = PLANE('',#8508);
#8508 = AXIS2_PLACEMENT_3D('',#8509,#8510,#8511);
#8509 = CARTESIAN_POINT('',(2.6264581915,2.11,0.282635182233));
#8510 = DIRECTION('',(-0.986841372087,-1.095614012943E-16,
    -0.161691392282));
#8511 = DIRECTION('',(-0.161691392282,-1.795135065956E-17,0.986841372087
    ));
#8512 = ADVANCED_FACE('',(#8513),#8524,.F.);
#8513 = FACE_BOUND('',#8514,.F.);
#8514 = EDGE_LOOP('',(#8515,#8521,#8522,#8523));
#8515 = ORIENTED_EDGE('',*,*,#8516,.T.);
#8516 = EDGE_CURVE('',#6948,#7050,#8517,.T.);
#8517 = LINE('',#8518,#8519);
#8518 = CARTESIAN_POINT('',(2.724938966801,2.11,0.2));
#8519 = VECTOR('',#8520,1.);
#8520 = DIRECTION('',(1.110223024625E-16,-1.,0.));
#8521 = ORIENTED_EDGE('',*,*,#7057,.T.);
#8522 = ORIENTED_EDGE('',*,*,#8499,.F.);
#8523 = ORIENTED_EDGE('',*,*,#6955,.F.);
#8524 = CYLINDRICAL_SURFACE('',#8525,0.1);
#8525 = AXIS2_PLACEMENT_3D('',#8526,#8527,#8528);
#8526 = CARTESIAN_POINT('',(2.724938966801,2.11,0.3));
#8527 = DIRECTION('',(-1.110223024625E-16,1.,0.));
#8528 = DIRECTION('',(0.,0.,-1.));
#8529 = ADVANCED_FACE('',(#8530),#8541,.F.);
#8530 = FACE_BOUND('',#8531,.F.);
#8531 = EDGE_LOOP('',(#8532,#8538,#8539,#8540));
#8532 = ORIENTED_EDGE('',*,*,#8533,.T.);
#8533 = EDGE_CURVE('',#6940,#7042,#8534,.T.);
#8534 = LINE('',#8535,#8536);
#8535 = CARTESIAN_POINT('',(3.,2.11,0.2));
#8536 = VECTOR('',#8537,1.);
#8537 = DIRECTION('',(1.110223024625E-16,-1.,0.));
#8538 = ORIENTED_EDGE('',*,*,#7049,.T.);
#8539 = ORIENTED_EDGE('',*,*,#8516,.F.);
#8540 = ORIENTED_EDGE('',*,*,#6947,.F.);
#8541 = PLANE('',#8542);
#8542 = AXIS2_PLACEMENT_3D('',#8543,#8544,#8545);
#8543 = CARTESIAN_POINT('',(3.,2.11,0.2));
#8544 = DIRECTION('',(0.,0.,-1.));
#8545 = DIRECTION('',(-1.,-1.110223024625E-16,-0.));
#8546 = ADVANCED_FACE('',(#8547),#8558,.F.);
#8547 = FACE_BOUND('',#8548,.F.);
#8548 = EDGE_LOOP('',(#8549,#8555,#8556,#8557));
#8549 = ORIENTED_EDGE('',*,*,#8550,.T.);
#8550 = EDGE_CURVE('',#6932,#7034,#8551,.T.);
#8551 = LINE('',#8552,#8553);
#8552 = CARTESIAN_POINT('',(3.,2.11,-1.665334536938E-16));
#8553 = VECTOR('',#8554,1.);
#8554 = DIRECTION('',(1.110223024625E-16,-1.,0.));
#8555 = ORIENTED_EDGE('',*,*,#7041,.T.);
#8556 = ORIENTED_EDGE('',*,*,#8533,.F.);
#8557 = ORIENTED_EDGE('',*,*,#6939,.F.);
#8558 = PLANE('',#8559);
#8559 = AXIS2_PLACEMENT_3D('',#8560,#8561,#8562);
#8560 = CARTESIAN_POINT('',(3.,2.11,-1.665334536938E-16));
#8561 = DIRECTION('',(-1.,-1.110223024625E-16,0.));
#8562 = DIRECTION('',(0.,0.,1.));
#8563 = ADVANCED_FACE('',(#8564),#8575,.F.);
#8564 = FACE_BOUND('',#8565,.F.);
#8565 = EDGE_LOOP('',(#8566,#8572,#8573,#8574));
#8566 = ORIENTED_EDGE('',*,*,#8567,.T.);
#8567 = EDGE_CURVE('',#6923,#7025,#8568,.T.);
#8568 = LINE('',#8569,#8570);
#8569 = CARTESIAN_POINT('',(2.724938966801,2.11,-1.665334536938E-16));
#8570 = VECTOR('',#8571,1.);
#8571 = DIRECTION('',(1.110223024625E-16,-1.,0.));
#8572 = ORIENTED_EDGE('',*,*,#7033,.T.);
#8573 = ORIENTED_EDGE('',*,*,#8550,.F.);
#8574 = ORIENTED_EDGE('',*,*,#6931,.F.);
#8575 = PLANE('',#8576);
#8576 = AXIS2_PLACEMENT_3D('',#8577,#8578,#8579);
#8577 = CARTESIAN_POINT('',(2.724938966801,2.11,-1.665334536938E-16));
#8578 = DIRECTION('',(0.,0.,1.));
#8579 = DIRECTION('',(1.,1.110223024625E-16,-0.));
#8580 = ADVANCED_FACE('',(#8581),#8592,.T.);
#8581 = FACE_BOUND('',#8582,.T.);
#8582 = EDGE_LOOP('',(#8583,#8584,#8585,#8586));
#8583 = ORIENTED_EDGE('',*,*,#6922,.T.);
#8584 = ORIENTED_EDGE('',*,*,#8567,.T.);
#8585 = ORIENTED_EDGE('',*,*,#7024,.F.);
#8586 = ORIENTED_EDGE('',*,*,#8587,.F.);
#8587 = EDGE_CURVE('',#6915,#7017,#8588,.T.);
#8588 = LINE('',#8589,#8590);
#8589 = CARTESIAN_POINT('',(2.429496640897,2.11,0.2479055467));
#8590 = VECTOR('',#8591,1.);
#8591 = DIRECTION('',(1.110223024625E-16,-1.,0.));
#8592 = CYLINDRICAL_SURFACE('',#8593,0.3);
#8593 = AXIS2_PLACEMENT_3D('',#8594,#8595,#8596);
#8594 = CARTESIAN_POINT('',(2.724938966801,2.11,0.3));
#8595 = DIRECTION('',(-1.110223024625E-16,1.,0.));
#8596 = DIRECTION('',(-0.984807753012,-1.093356242223E-16,
    -0.173648177667));
#8597 = ADVANCED_FACE('',(#8598),#8604,.F.);
#8598 = FACE_BOUND('',#8599,.F.);
#8599 = EDGE_LOOP('',(#8600,#8601,#8602,#8603));
#8600 = ORIENTED_EDGE('',*,*,#6998,.T.);
#8601 = ORIENTED_EDGE('',*,*,#7016,.T.);
#8602 = ORIENTED_EDGE('',*,*,#8587,.F.);
#8603 = ORIENTED_EDGE('',*,*,#6914,.F.);
#8604 = PLANE('',#8605);
#8605 = AXIS2_PLACEMENT_3D('',#8606,#8607,#8608);
#8606 = CARTESIAN_POINT('',(2.348480775301,2.11,0.742364817767));
#8607 = DIRECTION('',(0.986841372087,1.095614012943E-16,0.161691392282)
  );
#8608 = DIRECTION('',(0.161691392282,1.795135065956E-17,-0.986841372087)
  );
#8609 = ADVANCED_FACE('',(#8610),#8621,.T.);
#8610 = FACE_BOUND('',#8611,.T.);
#8611 = EDGE_LOOP('',(#8612,#8613,#8614,#8615));
#8612 = ORIENTED_EDGE('',*,*,#7176,.T.);
#8613 = ORIENTED_EDGE('',*,*,#7891,.T.);
#8614 = ORIENTED_EDGE('',*,*,#7285,.F.);
#8615 = ORIENTED_EDGE('',*,*,#8616,.F.);
#8616 = EDGE_CURVE('',#7169,#7278,#8617,.T.);
#8617 = LINE('',#8618,#8619);
#8618 = CARTESIAN_POINT('',(2.545442325904,0.84,0.7770944533));
#8619 = VECTOR('',#8620,1.);
#8620 = DIRECTION('',(1.110223024625E-16,-1.,0.));
#8621 = CYLINDRICAL_SURFACE('',#8622,0.3);
#8622 = AXIS2_PLACEMENT_3D('',#8623,#8624,#8625);
#8623 = CARTESIAN_POINT('',(2.25,0.84,0.725));
#8624 = DIRECTION('',(-1.110223024625E-16,1.,0.));
#8625 = DIRECTION('',(0.984807753012,1.093356242223E-16,0.173648177667)
  );
#8626 = ADVANCED_FACE('',(#8627),#8638,.F.);
#8627 = FACE_BOUND('',#8628,.F.);
#8628 = EDGE_LOOP('',(#8629,#8635,#8636,#8637));
#8629 = ORIENTED_EDGE('',*,*,#8630,.T.);
#8630 = EDGE_CURVE('',#7160,#7269,#8631,.T.);
#8631 = LINE('',#8632,#8633);
#8632 = CARTESIAN_POINT('',(2.6264581915,0.84,0.282635182233));
#8633 = VECTOR('',#8634,1.);
#8634 = DIRECTION('',(1.110223024625E-16,-1.,0.));
#8635 = ORIENTED_EDGE('',*,*,#7277,.T.);
#8636 = ORIENTED_EDGE('',*,*,#8616,.F.);
#8637 = ORIENTED_EDGE('',*,*,#7168,.F.);
#8638 = PLANE('',#8639);
#8639 = AXIS2_PLACEMENT_3D('',#8640,#8641,#8642);
#8640 = CARTESIAN_POINT('',(2.6264581915,0.84,0.282635182233));
#8641 = DIRECTION('',(-0.986841372087,-1.095614012943E-16,
    -0.161691392282));
#8642 = DIRECTION('',(-0.161691392282,-1.795135065956E-17,0.986841372087
    ));
#8643 = ADVANCED_FACE('',(#8644),#8655,.F.);
#8644 = FACE_BOUND('',#8645,.F.);
#8645 = EDGE_LOOP('',(#8646,#8652,#8653,#8654));
#8646 = ORIENTED_EDGE('',*,*,#8647,.T.);
#8647 = EDGE_CURVE('',#7152,#7261,#8648,.T.);
#8648 = LINE('',#8649,#8650);
#8649 = CARTESIAN_POINT('',(2.724938966801,0.84,0.2));
#8650 = VECTOR('',#8651,1.);
#8651 = DIRECTION('',(1.110223024625E-16,-1.,0.));
#8652 = ORIENTED_EDGE('',*,*,#7268,.T.);
#8653 = ORIENTED_EDGE('',*,*,#8630,.F.);
#8654 = ORIENTED_EDGE('',*,*,#7159,.F.);
#8655 = CYLINDRICAL_SURFACE('',#8656,0.1);
#8656 = AXIS2_PLACEMENT_3D('',#8657,#8658,#8659);
#8657 = CARTESIAN_POINT('',(2.724938966801,0.84,0.3));
#8658 = DIRECTION('',(-1.110223024625E-16,1.,0.));
#8659 = DIRECTION('',(0.,0.,-1.));
#8660 = ADVANCED_FACE('',(#8661),#8672,.F.);
#8661 = FACE_BOUND('',#8662,.F.);
#8662 = EDGE_LOOP('',(#8663,#8669,#8670,#8671));
#8663 = ORIENTED_EDGE('',*,*,#8664,.T.);
#8664 = EDGE_CURVE('',#7144,#7253,#8665,.T.);
#8665 = LINE('',#8666,#8667);
#8666 = CARTESIAN_POINT('',(3.,0.84,0.2));
#8667 = VECTOR('',#8668,1.);
#8668 = DIRECTION('',(1.110223024625E-16,-1.,0.));
#8669 = ORIENTED_EDGE('',*,*,#7260,.T.);
#8670 = ORIENTED_EDGE('',*,*,#8647,.F.);
#8671 = ORIENTED_EDGE('',*,*,#7151,.F.);
#8672 = PLANE('',#8673);
#8673 = AXIS2_PLACEMENT_3D('',#8674,#8675,#8676);
#8674 = CARTESIAN_POINT('',(3.,0.84,0.2));
#8675 = DIRECTION('',(0.,0.,-1.));
#8676 = DIRECTION('',(-1.,-1.110223024625E-16,-0.));
#8677 = ADVANCED_FACE('',(#8678),#8689,.F.);
#8678 = FACE_BOUND('',#8679,.F.);
#8679 = EDGE_LOOP('',(#8680,#8686,#8687,#8688));
#8680 = ORIENTED_EDGE('',*,*,#8681,.T.);
#8681 = EDGE_CURVE('',#7136,#7245,#8682,.T.);
#8682 = LINE('',#8683,#8684);
#8683 = CARTESIAN_POINT('',(3.,0.84,-1.665334536938E-16));
#8684 = VECTOR('',#8685,1.);
#8685 = DIRECTION('',(1.110223024625E-16,-1.,0.));
#8686 = ORIENTED_EDGE('',*,*,#7252,.T.);
#8687 = ORIENTED_EDGE('',*,*,#8664,.F.);
#8688 = ORIENTED_EDGE('',*,*,#7143,.F.);
#8689 = PLANE('',#8690);
#8690 = AXIS2_PLACEMENT_3D('',#8691,#8692,#8693);
#8691 = CARTESIAN_POINT('',(3.,0.84,-1.665334536938E-16));
#8692 = DIRECTION('',(-1.,-1.110223024625E-16,0.));
#8693 = DIRECTION('',(0.,0.,1.));
#8694 = ADVANCED_FACE('',(#8695),#8706,.F.);
#8695 = FACE_BOUND('',#8696,.F.);
#8696 = EDGE_LOOP('',(#8697,#8703,#8704,#8705));
#8697 = ORIENTED_EDGE('',*,*,#8698,.T.);
#8698 = EDGE_CURVE('',#7127,#7236,#8699,.T.);
#8699 = LINE('',#8700,#8701);
#8700 = CARTESIAN_POINT('',(2.724938966801,0.84,-1.665334536938E-16));
#8701 = VECTOR('',#8702,1.);
#8702 = DIRECTION('',(1.110223024625E-16,-1.,0.));
#8703 = ORIENTED_EDGE('',*,*,#7244,.T.);
#8704 = ORIENTED_EDGE('',*,*,#8681,.F.);
#8705 = ORIENTED_EDGE('',*,*,#7135,.F.);
#8706 = PLANE('',#8707);
#8707 = AXIS2_PLACEMENT_3D('',#8708,#8709,#8710);
#8708 = CARTESIAN_POINT('',(2.724938966801,0.84,-1.665334536938E-16));
#8709 = DIRECTION('',(0.,0.,1.));
#8710 = DIRECTION('',(1.,1.110223024625E-16,-0.));
#8711 = ADVANCED_FACE('',(#8712),#8723,.T.);
#8712 = FACE_BOUND('',#8713,.T.);
#8713 = EDGE_LOOP('',(#8714,#8715,#8716,#8717));
#8714 = ORIENTED_EDGE('',*,*,#7126,.T.);
#8715 = ORIENTED_EDGE('',*,*,#8698,.T.);
#8716 = ORIENTED_EDGE('',*,*,#7235,.F.);
#8717 = ORIENTED_EDGE('',*,*,#8718,.F.);
#8718 = EDGE_CURVE('',#7119,#7228,#8719,.T.);
#8719 = LINE('',#8720,#8721);
#8720 = CARTESIAN_POINT('',(2.429496640897,0.84,0.2479055467));
#8721 = VECTOR('',#8722,1.);
#8722 = DIRECTION('',(1.110223024625E-16,-1.,0.));
#8723 = CYLINDRICAL_SURFACE('',#8724,0.3);
#8724 = AXIS2_PLACEMENT_3D('',#8725,#8726,#8727);
#8725 = CARTESIAN_POINT('',(2.724938966801,0.84,0.3));
#8726 = DIRECTION('',(-1.110223024625E-16,1.,0.));
#8727 = DIRECTION('',(-0.984807753012,-1.093356242223E-16,
    -0.173648177667));
#8728 = ADVANCED_FACE('',(#8729),#8735,.F.);
#8729 = FACE_BOUND('',#8730,.F.);
#8730 = EDGE_LOOP('',(#8731,#8732,#8733,#8734));
#8731 = ORIENTED_EDGE('',*,*,#7209,.T.);
#8732 = ORIENTED_EDGE('',*,*,#7227,.T.);
#8733 = ORIENTED_EDGE('',*,*,#8718,.F.);
#8734 = ORIENTED_EDGE('',*,*,#7118,.F.);
#8735 = PLANE('',#8736);
#8736 = AXIS2_PLACEMENT_3D('',#8737,#8738,#8739);
#8737 = CARTESIAN_POINT('',(2.348480775301,0.84,0.742364817767));
#8738 = DIRECTION('',(0.986841372087,1.095614012943E-16,0.161691392282)
  );
#8739 = DIRECTION('',(0.161691392282,1.795135065956E-17,-0.986841372087)
  );
#8740 = ADVANCED_FACE('',(#8741),#8752,.T.);
#8741 = FACE_BOUND('',#8742,.T.);
#8742 = EDGE_LOOP('',(#8743,#8744,#8745,#8746));
#8743 = ORIENTED_EDGE('',*,*,#7399,.T.);
#8744 = ORIENTED_EDGE('',*,*,#7910,.T.);
#8745 = ORIENTED_EDGE('',*,*,#7508,.F.);
#8746 = ORIENTED_EDGE('',*,*,#8747,.F.);
#8747 = EDGE_CURVE('',#7392,#7501,#8748,.T.);
#8748 = LINE('',#8749,#8750);
#8749 = CARTESIAN_POINT('',(2.545442325904,-0.43,0.7770944533));
#8750 = VECTOR('',#8751,1.);
#8751 = DIRECTION('',(1.110223024625E-16,-1.,0.));
#8752 = CYLINDRICAL_SURFACE('',#8753,0.3);
#8753 = AXIS2_PLACEMENT_3D('',#8754,#8755,#8756);
#8754 = CARTESIAN_POINT('',(2.25,-0.43,0.725));
#8755 = DIRECTION('',(-1.110223024625E-16,1.,0.));
#8756 = DIRECTION('',(0.984807753012,1.093356242223E-16,0.173648177667)
  );
#8757 = ADVANCED_FACE('',(#8758),#8769,.F.);
#8758 = FACE_BOUND('',#8759,.F.);
#8759 = EDGE_LOOP('',(#8760,#8766,#8767,#8768));
#8760 = ORIENTED_EDGE('',*,*,#8761,.T.);
#8761 = EDGE_CURVE('',#7383,#7492,#8762,.T.);
#8762 = LINE('',#8763,#8764);
#8763 = CARTESIAN_POINT('',(2.6264581915,-0.43,0.282635182233));
#8764 = VECTOR('',#8765,1.);
#8765 = DIRECTION('',(1.110223024625E-16,-1.,0.));
#8766 = ORIENTED_EDGE('',*,*,#7500,.T.);
#8767 = ORIENTED_EDGE('',*,*,#8747,.F.);
#8768 = ORIENTED_EDGE('',*,*,#7391,.F.);
#8769 = PLANE('',#8770);
#8770 = AXIS2_PLACEMENT_3D('',#8771,#8772,#8773);
#8771 = CARTESIAN_POINT('',(2.6264581915,-0.43,0.282635182233));
#8772 = DIRECTION('',(-0.986841372087,-1.095614012943E-16,
    -0.161691392282));
#8773 = DIRECTION('',(-0.161691392282,-1.795135065956E-17,0.986841372087
    ));
#8774 = ADVANCED_FACE('',(#8775),#8786,.F.);
#8775 = FACE_BOUND('',#8776,.F.);
#8776 = EDGE_LOOP('',(#8777,#8783,#8784,#8785));
#8777 = ORIENTED_EDGE('',*,*,#8778,.T.);
#8778 = EDGE_CURVE('',#7375,#7484,#8779,.T.);
#8779 = LINE('',#8780,#8781);
#8780 = CARTESIAN_POINT('',(2.724938966801,-0.43,0.2));
#8781 = VECTOR('',#8782,1.);
#8782 = DIRECTION('',(1.110223024625E-16,-1.,0.));
#8783 = ORIENTED_EDGE('',*,*,#7491,.T.);
#8784 = ORIENTED_EDGE('',*,*,#8761,.F.);
#8785 = ORIENTED_EDGE('',*,*,#7382,.F.);
#8786 = CYLINDRICAL_SURFACE('',#8787,0.1);
#8787 = AXIS2_PLACEMENT_3D('',#8788,#8789,#8790);
#8788 = CARTESIAN_POINT('',(2.724938966801,-0.43,0.3));
#8789 = DIRECTION('',(-1.110223024625E-16,1.,0.));
#8790 = DIRECTION('',(0.,0.,-1.));
#8791 = ADVANCED_FACE('',(#8792),#8803,.F.);
#8792 = FACE_BOUND('',#8793,.F.);
#8793 = EDGE_LOOP('',(#8794,#8800,#8801,#8802));
#8794 = ORIENTED_EDGE('',*,*,#8795,.T.);
#8795 = EDGE_CURVE('',#7367,#7476,#8796,.T.);
#8796 = LINE('',#8797,#8798);
#8797 = CARTESIAN_POINT('',(3.,-0.43,0.2));
#8798 = VECTOR('',#8799,1.);
#8799 = DIRECTION('',(1.110223024625E-16,-1.,0.));
#8800 = ORIENTED_EDGE('',*,*,#7483,.T.);
#8801 = ORIENTED_EDGE('',*,*,#8778,.F.);
#8802 = ORIENTED_EDGE('',*,*,#7374,.F.);
#8803 = PLANE('',#8804);
#8804 = AXIS2_PLACEMENT_3D('',#8805,#8806,#8807);
#8805 = CARTESIAN_POINT('',(3.,-0.43,0.2));
#8806 = DIRECTION('',(0.,0.,-1.));
#8807 = DIRECTION('',(-1.,-1.110223024625E-16,-0.));
#8808 = ADVANCED_FACE('',(#8809),#8820,.F.);
#8809 = FACE_BOUND('',#8810,.F.);
#8810 = EDGE_LOOP('',(#8811,#8817,#8818,#8819));
#8811 = ORIENTED_EDGE('',*,*,#8812,.T.);
#8812 = EDGE_CURVE('',#7359,#7468,#8813,.T.);
#8813 = LINE('',#8814,#8815);
#8814 = CARTESIAN_POINT('',(3.,-0.43,-1.665334536938E-16));
#8815 = VECTOR('',#8816,1.);
#8816 = DIRECTION('',(1.110223024625E-16,-1.,0.));
#8817 = ORIENTED_EDGE('',*,*,#7475,.T.);
#8818 = ORIENTED_EDGE('',*,*,#8795,.F.);
#8819 = ORIENTED_EDGE('',*,*,#7366,.F.);
#8820 = PLANE('',#8821);
#8821 = AXIS2_PLACEMENT_3D('',#8822,#8823,#8824);
#8822 = CARTESIAN_POINT('',(3.,-0.43,-1.665334536938E-16));
#8823 = DIRECTION('',(-1.,-1.110223024625E-16,0.));
#8824 = DIRECTION('',(0.,0.,1.));
#8825 = ADVANCED_FACE('',(#8826),#8837,.F.);
#8826 = FACE_BOUND('',#8827,.F.);
#8827 = EDGE_LOOP('',(#8828,#8834,#8835,#8836));
#8828 = ORIENTED_EDGE('',*,*,#8829,.T.);
#8829 = EDGE_CURVE('',#7350,#7459,#8830,.T.);
#8830 = LINE('',#8831,#8832);
#8831 = CARTESIAN_POINT('',(2.724938966801,-0.43,-1.665334536938E-16));
#8832 = VECTOR('',#8833,1.);
#8833 = DIRECTION('',(1.110223024625E-16,-1.,0.));
#8834 = ORIENTED_EDGE('',*,*,#7467,.T.);
#8835 = ORIENTED_EDGE('',*,*,#8812,.F.);
#8836 = ORIENTED_EDGE('',*,*,#7358,.F.);
#8837 = PLANE('',#8838);
#8838 = AXIS2_PLACEMENT_3D('',#8839,#8840,#8841);
#8839 = CARTESIAN_POINT('',(2.724938966801,-0.43,-1.665334536938E-16));
#8840 = DIRECTION('',(0.,0.,1.));
#8841 = DIRECTION('',(1.,1.110223024625E-16,-0.));
#8842 = ADVANCED_FACE('',(#8843),#8854,.T.);
#8843 = FACE_BOUND('',#8844,.T.);
#8844 = EDGE_LOOP('',(#8845,#8846,#8847,#8848));
#8845 = ORIENTED_EDGE('',*,*,#7349,.T.);
#8846 = ORIENTED_EDGE('',*,*,#8829,.T.);
#8847 = ORIENTED_EDGE('',*,*,#7458,.F.);
#8848 = ORIENTED_EDGE('',*,*,#8849,.F.);
#8849 = EDGE_CURVE('',#7342,#7451,#8850,.T.);
#8850 = LINE('',#8851,#8852);
#8851 = CARTESIAN_POINT('',(2.429496640897,-0.43,0.2479055467));
#8852 = VECTOR('',#8853,1.);
#8853 = DIRECTION('',(1.110223024625E-16,-1.,0.));
#8854 = CYLINDRICAL_SURFACE('',#8855,0.3);
#8855 = AXIS2_PLACEMENT_3D('',#8856,#8857,#8858);
#8856 = CARTESIAN_POINT('',(2.724938966801,-0.43,0.3));
#8857 = DIRECTION('',(-1.110223024625E-16,1.,0.));
#8858 = DIRECTION('',(-0.984807753012,-1.093356242223E-16,
    -0.173648177667));
#8859 = ADVANCED_FACE('',(#8860),#8866,.F.);
#8860 = FACE_BOUND('',#8861,.F.);
#8861 = EDGE_LOOP('',(#8862,#8863,#8864,#8865));
#8862 = ORIENTED_EDGE('',*,*,#7432,.T.);
#8863 = ORIENTED_EDGE('',*,*,#7450,.T.);
#8864 = ORIENTED_EDGE('',*,*,#8849,.F.);
#8865 = ORIENTED_EDGE('',*,*,#7341,.F.);
#8866 = PLANE('',#8867);
#8867 = AXIS2_PLACEMENT_3D('',#8868,#8869,#8870);
#8868 = CARTESIAN_POINT('',(2.348480775301,-0.43,0.742364817767));
#8869 = DIRECTION('',(0.986841372087,1.095614012943E-16,0.161691392282)
  );
#8870 = DIRECTION('',(0.161691392282,1.795135065956E-17,-0.986841372087)
  );
#8871 = ADVANCED_FACE('',(#8872),#8883,.T.);
#8872 = FACE_BOUND('',#8873,.T.);
#8873 = EDGE_LOOP('',(#8874,#8875,#8876,#8877));
#8874 = ORIENTED_EDGE('',*,*,#7622,.T.);
#8875 = ORIENTED_EDGE('',*,*,#7929,.T.);
#8876 = ORIENTED_EDGE('',*,*,#7731,.F.);
#8877 = ORIENTED_EDGE('',*,*,#8878,.F.);
#8878 = EDGE_CURVE('',#7615,#7724,#8879,.T.);
#8879 = LINE('',#8880,#8881);
#8880 = CARTESIAN_POINT('',(2.545442325904,-1.7,0.7770944533));
#8881 = VECTOR('',#8882,1.);
#8882 = DIRECTION('',(1.110223024625E-16,-1.,0.));
#8883 = CYLINDRICAL_SURFACE('',#8884,0.3);
#8884 = AXIS2_PLACEMENT_3D('',#8885,#8886,#8887);
#8885 = CARTESIAN_POINT('',(2.25,-1.7,0.725));
#8886 = DIRECTION('',(-1.110223024625E-16,1.,0.));
#8887 = DIRECTION('',(0.984807753012,1.093356242223E-16,0.173648177667)
  );
#8888 = ADVANCED_FACE('',(#8889),#8900,.F.);
#8889 = FACE_BOUND('',#8890,.F.);
#8890 = EDGE_LOOP('',(#8891,#8897,#8898,#8899));
#8891 = ORIENTED_EDGE('',*,*,#8892,.T.);
#8892 = EDGE_CURVE('',#7606,#7715,#8893,.T.);
#8893 = LINE('',#8894,#8895);
#8894 = CARTESIAN_POINT('',(2.6264581915,-1.7,0.282635182233));
#8895 = VECTOR('',#8896,1.);
#8896 = DIRECTION('',(1.110223024625E-16,-1.,0.));
#8897 = ORIENTED_EDGE('',*,*,#7723,.T.);
#8898 = ORIENTED_EDGE('',*,*,#8878,.F.);
#8899 = ORIENTED_EDGE('',*,*,#7614,.F.);
#8900 = PLANE('',#8901);
#8901 = AXIS2_PLACEMENT_3D('',#8902,#8903,#8904);
#8902 = CARTESIAN_POINT('',(2.6264581915,-1.7,0.282635182233));
#8903 = DIRECTION('',(-0.986841372087,-1.095614012943E-16,
    -0.161691392282));
#8904 = DIRECTION('',(-0.161691392282,-1.795135065956E-17,0.986841372087
    ));
#8905 = ADVANCED_FACE('',(#8906),#8917,.F.);
#8906 = FACE_BOUND('',#8907,.F.);
#8907 = EDGE_LOOP('',(#8908,#8914,#8915,#8916));
#8908 = ORIENTED_EDGE('',*,*,#8909,.T.);
#8909 = EDGE_CURVE('',#7598,#7707,#8910,.T.);
#8910 = LINE('',#8911,#8912);
#8911 = CARTESIAN_POINT('',(2.724938966801,-1.7,0.2));
#8912 = VECTOR('',#8913,1.);
#8913 = DIRECTION('',(1.110223024625E-16,-1.,0.));
#8914 = ORIENTED_EDGE('',*,*,#7714,.T.);
#8915 = ORIENTED_EDGE('',*,*,#8892,.F.);
#8916 = ORIENTED_EDGE('',*,*,#7605,.F.);
#8917 = CYLINDRICAL_SURFACE('',#8918,0.1);
#8918 = AXIS2_PLACEMENT_3D('',#8919,#8920,#8921);
#8919 = CARTESIAN_POINT('',(2.724938966801,-1.7,0.3));
#8920 = DIRECTION('',(-1.110223024625E-16,1.,0.));
#8921 = DIRECTION('',(0.,0.,-1.));
#8922 = ADVANCED_FACE('',(#8923),#8934,.F.);
#8923 = FACE_BOUND('',#8924,.F.);
#8924 = EDGE_LOOP('',(#8925,#8931,#8932,#8933));
#8925 = ORIENTED_EDGE('',*,*,#8926,.T.);
#8926 = EDGE_CURVE('',#7590,#7699,#8927,.T.);
#8927 = LINE('',#8928,#8929);
#8928 = CARTESIAN_POINT('',(3.,-1.7,0.2));
#8929 = VECTOR('',#8930,1.);
#8930 = DIRECTION('',(1.110223024625E-16,-1.,0.));
#8931 = ORIENTED_EDGE('',*,*,#7706,.T.);
#8932 = ORIENTED_EDGE('',*,*,#8909,.F.);
#8933 = ORIENTED_EDGE('',*,*,#7597,.F.);
#8934 = PLANE('',#8935);
#8935 = AXIS2_PLACEMENT_3D('',#8936,#8937,#8938);
#8936 = CARTESIAN_POINT('',(3.,-1.7,0.2));
#8937 = DIRECTION('',(0.,0.,-1.));
#8938 = DIRECTION('',(-1.,-1.110223024625E-16,-0.));
#8939 = ADVANCED_FACE('',(#8940),#8951,.F.);
#8940 = FACE_BOUND('',#8941,.F.);
#8941 = EDGE_LOOP('',(#8942,#8948,#8949,#8950));
#8942 = ORIENTED_EDGE('',*,*,#8943,.T.);
#8943 = EDGE_CURVE('',#7582,#7691,#8944,.T.);
#8944 = LINE('',#8945,#8946);
#8945 = CARTESIAN_POINT('',(3.,-1.7,-1.665334536938E-16));
#8946 = VECTOR('',#8947,1.);
#8947 = DIRECTION('',(1.110223024625E-16,-1.,0.));
#8948 = ORIENTED_EDGE('',*,*,#7698,.T.);
#8949 = ORIENTED_EDGE('',*,*,#8926,.F.);
#8950 = ORIENTED_EDGE('',*,*,#7589,.F.);
#8951 = PLANE('',#8952);
#8952 = AXIS2_PLACEMENT_3D('',#8953,#8954,#8955);
#8953 = CARTESIAN_POINT('',(3.,-1.7,-1.665334536938E-16));
#8954 = DIRECTION('',(-1.,-1.110223024625E-16,0.));
#8955 = DIRECTION('',(0.,0.,1.));
#8956 = ADVANCED_FACE('',(#8957),#8968,.F.);
#8957 = FACE_BOUND('',#8958,.F.);
#8958 = EDGE_LOOP('',(#8959,#8965,#8966,#8967));
#8959 = ORIENTED_EDGE('',*,*,#8960,.T.);
#8960 = EDGE_CURVE('',#7573,#7682,#8961,.T.);
#8961 = LINE('',#8962,#8963);
#8962 = CARTESIAN_POINT('',(2.724938966801,-1.7,-1.665334536938E-16));
#8963 = VECTOR('',#8964,1.);
#8964 = DIRECTION('',(1.110223024625E-16,-1.,0.));
#8965 = ORIENTED_EDGE('',*,*,#7690,.T.);
#8966 = ORIENTED_EDGE('',*,*,#8943,.F.);
#8967 = ORIENTED_EDGE('',*,*,#7581,.F.);
#8968 = PLANE('',#8969);
#8969 = AXIS2_PLACEMENT_3D('',#8970,#8971,#8972);
#8970 = CARTESIAN_POINT('',(2.724938966801,-1.7,-1.665334536938E-16));
#8971 = DIRECTION('',(0.,0.,1.));
#8972 = DIRECTION('',(1.,1.110223024625E-16,-0.));
#8973 = ADVANCED_FACE('',(#8974),#8985,.T.);
#8974 = FACE_BOUND('',#8975,.T.);
#8975 = EDGE_LOOP('',(#8976,#8977,#8978,#8979));
#8976 = ORIENTED_EDGE('',*,*,#7572,.T.);
#8977 = ORIENTED_EDGE('',*,*,#8960,.T.);
#8978 = ORIENTED_EDGE('',*,*,#7681,.F.);
#8979 = ORIENTED_EDGE('',*,*,#8980,.F.);
#8980 = EDGE_CURVE('',#7565,#7674,#8981,.T.);
#8981 = LINE('',#8982,#8983);
#8982 = CARTESIAN_POINT('',(2.429496640897,-1.7,0.2479055467));
#8983 = VECTOR('',#8984,1.);
#8984 = DIRECTION('',(1.110223024625E-16,-1.,0.));
#8985 = CYLINDRICAL_SURFACE('',#8986,0.3);
#8986 = AXIS2_PLACEMENT_3D('',#8987,#8988,#8989);
#8987 = CARTESIAN_POINT('',(2.724938966801,-1.7,0.3));
#8988 = DIRECTION('',(-1.110223024625E-16,1.,0.));
#8989 = DIRECTION('',(-0.984807753012,-1.093356242223E-16,
    -0.173648177667));
#8990 = ADVANCED_FACE('',(#8991),#8997,.F.);
#8991 = FACE_BOUND('',#8992,.F.);
#8992 = EDGE_LOOP('',(#8993,#8994,#8995,#8996));
#8993 = ORIENTED_EDGE('',*,*,#7655,.T.);
#8994 = ORIENTED_EDGE('',*,*,#7673,.T.);
#8995 = ORIENTED_EDGE('',*,*,#8980,.F.);
#8996 = ORIENTED_EDGE('',*,*,#7564,.F.);
#8997 = PLANE('',#8998);
#8998 = AXIS2_PLACEMENT_3D('',#8999,#9000,#9001);
#8999 = CARTESIAN_POINT('',(2.348480775301,-1.7,0.742364817767));
#9000 = DIRECTION('',(0.986841372087,1.095614012943E-16,0.161691392282)
  );
#9001 = DIRECTION('',(0.161691392282,1.795135065956E-17,-0.986841372087)
  );
#9002 = ADVANCED_FACE('',(#9003),#9004,.F.);
#9003 = FACE_BOUND('',#7855,.T.);
#9004 = PLANE('',#9005);
#9005 = AXIS2_PLACEMENT_3D('',#9006,#9007,#9008);
#9006 = CARTESIAN_POINT('',(-1.110171280765,1.610171280765,1.75));
#9007 = DIRECTION('',(0.,0.,-1.));
#9008 = DIRECTION('',(1.110223024625E-16,-1.,0.));
#9009 = ( GEOMETRIC_REPRESENTATION_CONTEXT(3) 
GLOBAL_UNCERTAINTY_ASSIGNED_CONTEXT((#9013)) 
GLOBAL_UNIT_ASSIGNED_CONTEXT((#9010,#9011,#9012)) REPRESENTATION_CONTEXT
('Context #1','3D Context with UNIT and UNCERTAINTY') );
#9010 = ( LENGTH_UNIT() NAMED_UNIT(*) SI_UNIT(.MILLI.,.METRE.) );
#9011 = ( NAMED_UNIT(*) PLANE_ANGLE_UNIT() SI_UNIT($,.RADIAN.) );
#9012 = ( NAMED_UNIT(*) SI_UNIT($,.STERADIAN.) SOLID_ANGLE_UNIT() );
#9013 = UNCERTAINTY_MEASURE_WITH_UNIT(LENGTH_MEASURE(1.E-07),#9010,
  'distance_accuracy_value','confusion accuracy');
#9014 = CONTEXT_DEPENDENT_SHAPE_REPRESENTATION(#9015,#9017);
#9015 = ( REPRESENTATION_RELATIONSHIP('','',#4540,#4517) 
REPRESENTATION_RELATIONSHIP_WITH_TRANSFORMATION(#9016) 
SHAPE_REPRESENTATION_RELATIONSHIP() );
#9016 = ITEM_DEFINED_TRANSFORMATION('','',#11,#4518);
#9017 = PRODUCT_DEFINITION_SHAPE('Placement','Placement of an item',
  #9018);
#9018 = NEXT_ASSEMBLY_USAGE_OCCURRENCE('8','=>[0:1:1:9]','',#4512,#4535,
  $);
#9019 = PRODUCT_RELATED_PRODUCT_CATEGORY('part',$,(#4537));
#9020 = SHAPE_DEFINITION_REPRESENTATION(#9021,#9027);
#9021 = PRODUCT_DEFINITION_SHAPE('','',#9022);
#9022 = PRODUCT_DEFINITION('design','',#9023,#9026);
#9023 = PRODUCT_DEFINITION_FORMATION('','',#9024);
#9024 = PRODUCT('ATT7D54_PCB','ATT7D54_PCB','',(#9025));
#9025 = PRODUCT_CONTEXT('',#2,'mechanical');
#9026 = PRODUCT_DEFINITION_CONTEXT('part definition',#2,'design');
#9027 = ADVANCED_BREP_SHAPE_REPRESENTATION('',(#11,#9028),#9607);
#9028 = MANIFOLD_SOLID_BREP('',#9029);
#9029 = CLOSED_SHELL('',(#9030,#9070,#9101,#9132,#9270,#9408,#9420,#9437
    ,#9454,#9471,#9488,#9505,#9522,#9539,#9556,#9573,#9590));
#9030 = ADVANCED_FACE('',(#9031),#9065,.T.);
#9031 = FACE_BOUND('',#9032,.T.);
#9032 = EDGE_LOOP('',(#9033,#9043,#9051,#9059));
#9033 = ORIENTED_EDGE('',*,*,#9034,.T.);
#9034 = EDGE_CURVE('',#9035,#9037,#9039,.T.);
#9035 = VERTEX_POINT('',#9036);
#9036 = CARTESIAN_POINT('',(166.71,-133.79,0.));
#9037 = VERTEX_POINT('',#9038);
#9038 = CARTESIAN_POINT('',(166.71,-133.79,1.51));
#9039 = LINE('',#9040,#9041);
#9040 = CARTESIAN_POINT('',(166.71,-133.79,0.));
#9041 = VECTOR('',#9042,1.);
#9042 = DIRECTION('',(0.,0.,1.));
#9043 = ORIENTED_EDGE('',*,*,#9044,.T.);
#9044 = EDGE_CURVE('',#9037,#9045,#9047,.T.);
#9045 = VERTEX_POINT('',#9046);
#9046 = CARTESIAN_POINT('',(150.79,-133.79,1.51));
#9047 = LINE('',#9048,#9049);
#9048 = CARTESIAN_POINT('',(166.71,-133.79,1.51));
#9049 = VECTOR('',#9050,1.);
#9050 = DIRECTION('',(-1.,0.,0.));
#9051 = ORIENTED_EDGE('',*,*,#9052,.F.);
#9052 = EDGE_CURVE('',#9053,#9045,#9055,.T.);
#9053 = VERTEX_POINT('',#9054);
#9054 = CARTESIAN_POINT('',(150.79,-133.79,0.));
#9055 = LINE('',#9056,#9057);
#9056 = CARTESIAN_POINT('',(150.79,-133.79,0.));
#9057 = VECTOR('',#9058,1.);
#9058 = DIRECTION('',(0.,0.,1.));
#9059 = ORIENTED_EDGE('',*,*,#9060,.F.);
#9060 = EDGE_CURVE('',#9035,#9053,#9061,.T.);
#9061 = LINE('',#9062,#9063);
#9062 = CARTESIAN_POINT('',(166.71,-133.79,0.));
#9063 = VECTOR('',#9064,1.);
#9064 = DIRECTION('',(-1.,0.,0.));
#9065 = PLANE('',#9066);
#9066 = AXIS2_PLACEMENT_3D('',#9067,#9068,#9069);
#9067 = CARTESIAN_POINT('',(166.71,-133.79,0.));
#9068 = DIRECTION('',(0.,-1.,0.));
#9069 = DIRECTION('',(-1.,0.,0.));
#9070 = ADVANCED_FACE('',(#9071),#9096,.T.);
#9071 = FACE_BOUND('',#9072,.T.);
#9072 = EDGE_LOOP('',(#9073,#9083,#9089,#9090));
#9073 = ORIENTED_EDGE('',*,*,#9074,.T.);
#9074 = EDGE_CURVE('',#9075,#9077,#9079,.T.);
#9075 = VERTEX_POINT('',#9076);
#9076 = CARTESIAN_POINT('',(166.71,-97.85,0.));
#9077 = VERTEX_POINT('',#9078);
#9078 = CARTESIAN_POINT('',(166.71,-97.85,1.51));
#9079 = LINE('',#9080,#9081);
#9080 = CARTESIAN_POINT('',(166.71,-97.85,0.));
#9081 = VECTOR('',#9082,1.);
#9082 = DIRECTION('',(0.,0.,1.));
#9083 = ORIENTED_EDGE('',*,*,#9084,.T.);
#9084 = EDGE_CURVE('',#9077,#9037,#9085,.T.);
#9085 = LINE('',#9086,#9087);
#9086 = CARTESIAN_POINT('',(166.71,-97.85,1.51));
#9087 = VECTOR('',#9088,1.);
#9088 = DIRECTION('',(0.,-1.,0.));
#9089 = ORIENTED_EDGE('',*,*,#9034,.F.);
#9090 = ORIENTED_EDGE('',*,*,#9091,.F.);
#9091 = EDGE_CURVE('',#9075,#9035,#9092,.T.);
#9092 = LINE('',#9093,#9094);
#9093 = CARTESIAN_POINT('',(166.71,-97.85,0.));
#9094 = VECTOR('',#9095,1.);
#9095 = DIRECTION('',(0.,-1.,0.));
#9096 = PLANE('',#9097);
#9097 = AXIS2_PLACEMENT_3D('',#9098,#9099,#9100);
#9098 = CARTESIAN_POINT('',(166.71,-97.85,0.));
#9099 = DIRECTION('',(1.,0.,-0.));
#9100 = DIRECTION('',(0.,-1.,0.));
#9101 = ADVANCED_FACE('',(#9102),#9127,.T.);
#9102 = FACE_BOUND('',#9103,.T.);
#9103 = EDGE_LOOP('',(#9104,#9105,#9113,#9121));
#9104 = ORIENTED_EDGE('',*,*,#9052,.T.);
#9105 = ORIENTED_EDGE('',*,*,#9106,.T.);
#9106 = EDGE_CURVE('',#9045,#9107,#9109,.T.);
#9107 = VERTEX_POINT('',#9108);
#9108 = CARTESIAN_POINT('',(150.79,-97.85,1.51));
#9109 = LINE('',#9110,#9111);
#9110 = CARTESIAN_POINT('',(150.79,-133.79,1.51));
#9111 = VECTOR('',#9112,1.);
#9112 = DIRECTION('',(0.,1.,0.));
#9113 = ORIENTED_EDGE('',*,*,#9114,.F.);
#9114 = EDGE_CURVE('',#9115,#9107,#9117,.T.);
#9115 = VERTEX_POINT('',#9116);
#9116 = CARTESIAN_POINT('',(150.79,-97.85,0.));
#9117 = LINE('',#9118,#9119);
#9118 = CARTESIAN_POINT('',(150.79,-97.85,0.));
#9119 = VECTOR('',#9120,1.);
#9120 = DIRECTION('',(0.,0.,1.));
#9121 = ORIENTED_EDGE('',*,*,#9122,.F.);
#9122 = EDGE_CURVE('',#9053,#9115,#9123,.T.);
#9123 = LINE('',#9124,#9125);
#9124 = CARTESIAN_POINT('',(150.79,-133.79,0.));
#9125 = VECTOR('',#9126,1.);
#9126 = DIRECTION('',(0.,1.,0.));
#9127 = PLANE('',#9128);
#9128 = AXIS2_PLACEMENT_3D('',#9129,#9130,#9131);
#9129 = CARTESIAN_POINT('',(150.79,-133.79,0.));
#9130 = DIRECTION('',(-1.,0.,0.));
#9131 = DIRECTION('',(0.,1.,0.));
#9132 = ADVANCED_FACE('',(#9133,#9144,#9155,#9166,#9177,#9188,#9199,
    #9210,#9221,#9232,#9243,#9254),#9265,.F.);
#9133 = FACE_BOUND('',#9134,.F.);
#9134 = EDGE_LOOP('',(#9135,#9136,#9137,#9143));
#9135 = ORIENTED_EDGE('',*,*,#9060,.F.);
#9136 = ORIENTED_EDGE('',*,*,#9091,.F.);
#9137 = ORIENTED_EDGE('',*,*,#9138,.F.);
#9138 = EDGE_CURVE('',#9115,#9075,#9139,.T.);
#9139 = LINE('',#9140,#9141);
#9140 = CARTESIAN_POINT('',(150.79,-97.85,0.));
#9141 = VECTOR('',#9142,1.);
#9142 = DIRECTION('',(1.,0.,0.));
#9143 = ORIENTED_EDGE('',*,*,#9122,.F.);
#9144 = FACE_BOUND('',#9145,.F.);
#9145 = EDGE_LOOP('',(#9146));
#9146 = ORIENTED_EDGE('',*,*,#9147,.T.);
#9147 = EDGE_CURVE('',#9148,#9148,#9150,.T.);
#9148 = VERTEX_POINT('',#9149);
#9149 = CARTESIAN_POINT('',(154.,-130.4,0.));
#9150 = CIRCLE('',#9151,0.65);
#9151 = AXIS2_PLACEMENT_3D('',#9152,#9153,#9154);
#9152 = CARTESIAN_POINT('',(154.,-129.75,0.));
#9153 = DIRECTION('',(-0.,0.,-1.));
#9154 = DIRECTION('',(-0.,-1.,0.));
#9155 = FACE_BOUND('',#9156,.F.);
#9156 = EDGE_LOOP('',(#9157));
#9157 = ORIENTED_EDGE('',*,*,#9158,.T.);
#9158 = EDGE_CURVE('',#9159,#9159,#9161,.T.);
#9159 = VERTEX_POINT('',#9160);
#9160 = CARTESIAN_POINT('',(153.475,-122.315,0.));
#9161 = CIRCLE('',#9162,0.35);
#9162 = AXIS2_PLACEMENT_3D('',#9163,#9164,#9165);
#9163 = CARTESIAN_POINT('',(153.475,-121.965,0.));
#9164 = DIRECTION('',(-0.,0.,-1.));
#9165 = DIRECTION('',(-0.,-1.,0.));
#9166 = FACE_BOUND('',#9167,.F.);
#9167 = EDGE_LOOP('',(#9168));
#9168 = ORIENTED_EDGE('',*,*,#9169,.T.);
#9169 = EDGE_CURVE('',#9170,#9170,#9172,.T.);
#9170 = VERTEX_POINT('',#9171);
#9171 = CARTESIAN_POINT('',(157.455,-123.45,0.));
#9172 = CIRCLE('',#9173,0.45);
#9173 = AXIS2_PLACEMENT_3D('',#9174,#9175,#9176);
#9174 = CARTESIAN_POINT('',(157.455,-123.,0.));
#9175 = DIRECTION('',(-0.,0.,-1.));
#9176 = DIRECTION('',(6.315935428978E-14,-1.,-0.));
#9177 = FACE_BOUND('',#9178,.F.);
#9178 = EDGE_LOOP('',(#9179));
#9179 = ORIENTED_EDGE('',*,*,#9180,.T.);
#9180 = EDGE_CURVE('',#9181,#9181,#9183,.T.);
#9181 = VERTEX_POINT('',#9182);
#9182 = CARTESIAN_POINT('',(159.,-130.4,0.));
#9183 = CIRCLE('',#9184,0.65);
#9184 = AXIS2_PLACEMENT_3D('',#9185,#9186,#9187);
#9185 = CARTESIAN_POINT('',(159.,-129.75,0.));
#9186 = DIRECTION('',(-0.,0.,-1.));
#9187 = DIRECTION('',(-0.,-1.,0.));
#9188 = FACE_BOUND('',#9189,.F.);
#9189 = EDGE_LOOP('',(#9190));
#9190 = ORIENTED_EDGE('',*,*,#9191,.T.);
#9191 = EDGE_CURVE('',#9192,#9192,#9194,.T.);
#9192 = VERTEX_POINT('',#9193);
#9193 = CARTESIAN_POINT('',(164.,-130.4,0.));
#9194 = CIRCLE('',#9195,0.65);
#9195 = AXIS2_PLACEMENT_3D('',#9196,#9197,#9198);
#9196 = CARTESIAN_POINT('',(164.,-129.75,0.));
#9197 = DIRECTION('',(-0.,0.,-1.));
#9198 = DIRECTION('',(-0.,-1.,0.));
#9199 = FACE_BOUND('',#9200,.F.);
#9200 = EDGE_LOOP('',(#9201));
#9201 = ORIENTED_EDGE('',*,*,#9202,.T.);
#9202 = EDGE_CURVE('',#9203,#9203,#9205,.T.);
#9203 = VERTEX_POINT('',#9204);
#9204 = CARTESIAN_POINT('',(159.995,-123.45,0.));
#9205 = CIRCLE('',#9206,0.45);
#9206 = AXIS2_PLACEMENT_3D('',#9207,#9208,#9209);
#9207 = CARTESIAN_POINT('',(159.995,-123.,0.));
#9208 = DIRECTION('',(-0.,0.,-1.));
#9209 = DIRECTION('',(-0.,-1.,0.));
#9210 = FACE_BOUND('',#9211,.F.);
#9211 = EDGE_LOOP('',(#9212));
#9212 = ORIENTED_EDGE('',*,*,#9213,.T.);
#9213 = EDGE_CURVE('',#9214,#9214,#9216,.T.);
#9214 = VERTEX_POINT('',#9215);
#9215 = CARTESIAN_POINT('',(164.1,-122.6,0.));
#9216 = CIRCLE('',#9217,0.35);
#9217 = AXIS2_PLACEMENT_3D('',#9218,#9219,#9220);
#9218 = CARTESIAN_POINT('',(164.1,-122.25,0.));
#9219 = DIRECTION('',(-0.,0.,-1.));
#9220 = DIRECTION('',(-0.,-1.,0.));
#9221 = FACE_BOUND('',#9222,.F.);
#9222 = EDGE_LOOP('',(#9223));
#9223 = ORIENTED_EDGE('',*,*,#9224,.T.);
#9224 = EDGE_CURVE('',#9225,#9225,#9227,.T.);
#9225 = VERTEX_POINT('',#9226);
#9226 = CARTESIAN_POINT('',(153.475,-114.695,0.));
#9227 = CIRCLE('',#9228,0.35);
#9228 = AXIS2_PLACEMENT_3D('',#9229,#9230,#9231);
#9229 = CARTESIAN_POINT('',(153.475,-114.345,0.));
#9230 = DIRECTION('',(-0.,0.,-1.));
#9231 = DIRECTION('',(-0.,-1.,0.));
#9232 = FACE_BOUND('',#9233,.F.);
#9233 = EDGE_LOOP('',(#9234));
#9234 = ORIENTED_EDGE('',*,*,#9235,.T.);
#9235 = EDGE_CURVE('',#9236,#9236,#9238,.T.);
#9236 = VERTEX_POINT('',#9237);
#9237 = CARTESIAN_POINT('',(156.,-102.805,0.));
#9238 = CIRCLE('',#9239,0.65);
#9239 = AXIS2_PLACEMENT_3D('',#9240,#9241,#9242);
#9240 = CARTESIAN_POINT('',(156.,-102.155,0.));
#9241 = DIRECTION('',(-0.,0.,-1.));
#9242 = DIRECTION('',(-0.,-1.,0.));
#9243 = FACE_BOUND('',#9244,.F.);
#9244 = EDGE_LOOP('',(#9245));
#9245 = ORIENTED_EDGE('',*,*,#9246,.T.);
#9246 = EDGE_CURVE('',#9247,#9247,#9249,.T.);
#9247 = VERTEX_POINT('',#9248);
#9248 = CARTESIAN_POINT('',(164.1,-114.98,0.));
#9249 = CIRCLE('',#9250,0.35);
#9250 = AXIS2_PLACEMENT_3D('',#9251,#9252,#9253);
#9251 = CARTESIAN_POINT('',(164.1,-114.63,0.));
#9252 = DIRECTION('',(-0.,0.,-1.));
#9253 = DIRECTION('',(-0.,-1.,0.));
#9254 = FACE_BOUND('',#9255,.F.);
#9255 = EDGE_LOOP('',(#9256));
#9256 = ORIENTED_EDGE('',*,*,#9257,.T.);
#9257 = EDGE_CURVE('',#9258,#9258,#9260,.T.);
#9258 = VERTEX_POINT('',#9259);
#9259 = CARTESIAN_POINT('',(161.,-102.805,0.));
#9260 = CIRCLE('',#9261,0.65);
#9261 = AXIS2_PLACEMENT_3D('',#9262,#9263,#9264);
#9262 = CARTESIAN_POINT('',(161.,-102.155,0.));
#9263 = DIRECTION('',(-0.,0.,-1.));
#9264 = DIRECTION('',(-0.,-1.,0.));
#9265 = PLANE('',#9266);
#9266 = AXIS2_PLACEMENT_3D('',#9267,#9268,#9269);
#9267 = CARTESIAN_POINT('',(0.,0.,0.));
#9268 = DIRECTION('',(0.,0.,1.));
#9269 = DIRECTION('',(1.,0.,-0.));
#9270 = ADVANCED_FACE('',(#9271,#9282,#9293,#9304,#9315,#9326,#9337,
    #9348,#9359,#9370,#9381,#9392),#9403,.T.);
#9271 = FACE_BOUND('',#9272,.T.);
#9272 = EDGE_LOOP('',(#9273,#9274,#9275,#9281));
#9273 = ORIENTED_EDGE('',*,*,#9044,.F.);
#9274 = ORIENTED_EDGE('',*,*,#9084,.F.);
#9275 = ORIENTED_EDGE('',*,*,#9276,.F.);
#9276 = EDGE_CURVE('',#9107,#9077,#9277,.T.);
#9277 = LINE('',#9278,#9279);
#9278 = CARTESIAN_POINT('',(150.79,-97.85,1.51));
#9279 = VECTOR('',#9280,1.);
#9280 = DIRECTION('',(1.,0.,0.));
#9281 = ORIENTED_EDGE('',*,*,#9106,.F.);
#9282 = FACE_BOUND('',#9283,.T.);
#9283 = EDGE_LOOP('',(#9284));
#9284 = ORIENTED_EDGE('',*,*,#9285,.T.);
#9285 = EDGE_CURVE('',#9286,#9286,#9288,.T.);
#9286 = VERTEX_POINT('',#9287);
#9287 = CARTESIAN_POINT('',(154.,-130.4,1.51));
#9288 = CIRCLE('',#9289,0.65);
#9289 = AXIS2_PLACEMENT_3D('',#9290,#9291,#9292);
#9290 = CARTESIAN_POINT('',(154.,-129.75,1.51));
#9291 = DIRECTION('',(-0.,0.,-1.));
#9292 = DIRECTION('',(-0.,-1.,0.));
#9293 = FACE_BOUND('',#9294,.T.);
#9294 = EDGE_LOOP('',(#9295));
#9295 = ORIENTED_EDGE('',*,*,#9296,.T.);
#9296 = EDGE_CURVE('',#9297,#9297,#9299,.T.);
#9297 = VERTEX_POINT('',#9298);
#9298 = CARTESIAN_POINT('',(153.475,-122.315,1.51));
#9299 = CIRCLE('',#9300,0.35);
#9300 = AXIS2_PLACEMENT_3D('',#9301,#9302,#9303);
#9301 = CARTESIAN_POINT('',(153.475,-121.965,1.51));
#9302 = DIRECTION('',(-0.,0.,-1.));
#9303 = DIRECTION('',(-0.,-1.,0.));
#9304 = FACE_BOUND('',#9305,.T.);
#9305 = EDGE_LOOP('',(#9306));
#9306 = ORIENTED_EDGE('',*,*,#9307,.T.);
#9307 = EDGE_CURVE('',#9308,#9308,#9310,.T.);
#9308 = VERTEX_POINT('',#9309);
#9309 = CARTESIAN_POINT('',(157.455,-123.45,1.51));
#9310 = CIRCLE('',#9311,0.45);
#9311 = AXIS2_PLACEMENT_3D('',#9312,#9313,#9314);
#9312 = CARTESIAN_POINT('',(157.455,-123.,1.51));
#9313 = DIRECTION('',(-0.,0.,-1.));
#9314 = DIRECTION('',(6.315935428978E-14,-1.,-0.));
#9315 = FACE_BOUND('',#9316,.T.);
#9316 = EDGE_LOOP('',(#9317));
#9317 = ORIENTED_EDGE('',*,*,#9318,.T.);
#9318 = EDGE_CURVE('',#9319,#9319,#9321,.T.);
#9319 = VERTEX_POINT('',#9320);
#9320 = CARTESIAN_POINT('',(159.,-130.4,1.51));
#9321 = CIRCLE('',#9322,0.65);
#9322 = AXIS2_PLACEMENT_3D('',#9323,#9324,#9325);
#9323 = CARTESIAN_POINT('',(159.,-129.75,1.51));
#9324 = DIRECTION('',(-0.,0.,-1.));
#9325 = DIRECTION('',(-0.,-1.,0.));
#9326 = FACE_BOUND('',#9327,.T.);
#9327 = EDGE_LOOP('',(#9328));
#9328 = ORIENTED_EDGE('',*,*,#9329,.T.);
#9329 = EDGE_CURVE('',#9330,#9330,#9332,.T.);
#9330 = VERTEX_POINT('',#9331);
#9331 = CARTESIAN_POINT('',(164.,-130.4,1.51));
#9332 = CIRCLE('',#9333,0.65);
#9333 = AXIS2_PLACEMENT_3D('',#9334,#9335,#9336);
#9334 = CARTESIAN_POINT('',(164.,-129.75,1.51));
#9335 = DIRECTION('',(-0.,0.,-1.));
#9336 = DIRECTION('',(-0.,-1.,0.));
#9337 = FACE_BOUND('',#9338,.T.);
#9338 = EDGE_LOOP('',(#9339));
#9339 = ORIENTED_EDGE('',*,*,#9340,.T.);
#9340 = EDGE_CURVE('',#9341,#9341,#9343,.T.);
#9341 = VERTEX_POINT('',#9342);
#9342 = CARTESIAN_POINT('',(159.995,-123.45,1.51));
#9343 = CIRCLE('',#9344,0.45);
#9344 = AXIS2_PLACEMENT_3D('',#9345,#9346,#9347);
#9345 = CARTESIAN_POINT('',(159.995,-123.,1.51));
#9346 = DIRECTION('',(-0.,0.,-1.));
#9347 = DIRECTION('',(-0.,-1.,0.));
#9348 = FACE_BOUND('',#9349,.T.);
#9349 = EDGE_LOOP('',(#9350));
#9350 = ORIENTED_EDGE('',*,*,#9351,.T.);
#9351 = EDGE_CURVE('',#9352,#9352,#9354,.T.);
#9352 = VERTEX_POINT('',#9353);
#9353 = CARTESIAN_POINT('',(164.1,-122.6,1.51));
#9354 = CIRCLE('',#9355,0.35);
#9355 = AXIS2_PLACEMENT_3D('',#9356,#9357,#9358);
#9356 = CARTESIAN_POINT('',(164.1,-122.25,1.51));
#9357 = DIRECTION('',(-0.,0.,-1.));
#9358 = DIRECTION('',(-0.,-1.,0.));
#9359 = FACE_BOUND('',#9360,.T.);
#9360 = EDGE_LOOP('',(#9361));
#9361 = ORIENTED_EDGE('',*,*,#9362,.T.);
#9362 = EDGE_CURVE('',#9363,#9363,#9365,.T.);
#9363 = VERTEX_POINT('',#9364);
#9364 = CARTESIAN_POINT('',(153.475,-114.695,1.51));
#9365 = CIRCLE('',#9366,0.35);
#9366 = AXIS2_PLACEMENT_3D('',#9367,#9368,#9369);
#9367 = CARTESIAN_POINT('',(153.475,-114.345,1.51));
#9368 = DIRECTION('',(-0.,0.,-1.));
#9369 = DIRECTION('',(-0.,-1.,0.));
#9370 = FACE_BOUND('',#9371,.T.);
#9371 = EDGE_LOOP('',(#9372));
#9372 = ORIENTED_EDGE('',*,*,#9373,.T.);
#9373 = EDGE_CURVE('',#9374,#9374,#9376,.T.);
#9374 = VERTEX_POINT('',#9375);
#9375 = CARTESIAN_POINT('',(156.,-102.805,1.51));
#9376 = CIRCLE('',#9377,0.65);
#9377 = AXIS2_PLACEMENT_3D('',#9378,#9379,#9380);
#9378 = CARTESIAN_POINT('',(156.,-102.155,1.51));
#9379 = DIRECTION('',(-0.,0.,-1.));
#9380 = DIRECTION('',(-0.,-1.,0.));
#9381 = FACE_BOUND('',#9382,.T.);
#9382 = EDGE_LOOP('',(#9383));
#9383 = ORIENTED_EDGE('',*,*,#9384,.T.);
#9384 = EDGE_CURVE('',#9385,#9385,#9387,.T.);
#9385 = VERTEX_POINT('',#9386);
#9386 = CARTESIAN_POINT('',(164.1,-114.98,1.51));
#9387 = CIRCLE('',#9388,0.35);
#9388 = AXIS2_PLACEMENT_3D('',#9389,#9390,#9391);
#9389 = CARTESIAN_POINT('',(164.1,-114.63,1.51));
#9390 = DIRECTION('',(-0.,0.,-1.));
#9391 = DIRECTION('',(-0.,-1.,0.));
#9392 = FACE_BOUND('',#9393,.T.);
#9393 = EDGE_LOOP('',(#9394));
#9394 = ORIENTED_EDGE('',*,*,#9395,.T.);
#9395 = EDGE_CURVE('',#9396,#9396,#9398,.T.);
#9396 = VERTEX_POINT('',#9397);
#9397 = CARTESIAN_POINT('',(161.,-102.805,1.51));
#9398 = CIRCLE('',#9399,0.65);
#9399 = AXIS2_PLACEMENT_3D('',#9400,#9401,#9402);
#9400 = CARTESIAN_POINT('',(161.,-102.155,1.51));
#9401 = DIRECTION('',(-0.,0.,-1.));
#9402 = DIRECTION('',(-0.,-1.,0.));
#9403 = PLANE('',#9404);
#9404 = AXIS2_PLACEMENT_3D('',#9405,#9406,#9407);
#9405 = CARTESIAN_POINT('',(0.,0.,1.51));
#9406 = DIRECTION('',(0.,0.,1.));
#9407 = DIRECTION('',(1.,0.,-0.));
#9408 = ADVANCED_FACE('',(#9409),#9415,.T.);
#9409 = FACE_BOUND('',#9410,.T.);
#9410 = EDGE_LOOP('',(#9411,#9412,#9413,#9414));
#9411 = ORIENTED_EDGE('',*,*,#9114,.T.);
#9412 = ORIENTED_EDGE('',*,*,#9276,.T.);
#9413 = ORIENTED_EDGE('',*,*,#9074,.F.);
#9414 = ORIENTED_EDGE('',*,*,#9138,.F.);
#9415 = PLANE('',#9416);
#9416 = AXIS2_PLACEMENT_3D('',#9417,#9418,#9419);
#9417 = CARTESIAN_POINT('',(150.79,-97.85,0.));
#9418 = DIRECTION('',(0.,1.,0.));
#9419 = DIRECTION('',(1.,0.,0.));
#9420 = ADVANCED_FACE('',(#9421),#9432,.F.);
#9421 = FACE_BOUND('',#9422,.T.);
#9422 = EDGE_LOOP('',(#9423,#9424,#9430,#9431));
#9423 = ORIENTED_EDGE('',*,*,#9147,.T.);
#9424 = ORIENTED_EDGE('',*,*,#9425,.T.);
#9425 = EDGE_CURVE('',#9148,#9286,#9426,.T.);
#9426 = LINE('',#9427,#9428);
#9427 = CARTESIAN_POINT('',(154.,-130.4,-4.6E-02));
#9428 = VECTOR('',#9429,1.);
#9429 = DIRECTION('',(0.,0.,1.));
#9430 = ORIENTED_EDGE('',*,*,#9285,.F.);
#9431 = ORIENTED_EDGE('',*,*,#9425,.F.);
#9432 = CYLINDRICAL_SURFACE('',#9433,0.65);
#9433 = AXIS2_PLACEMENT_3D('',#9434,#9435,#9436);
#9434 = CARTESIAN_POINT('',(154.,-129.75,-4.6E-02));
#9435 = DIRECTION('',(-0.,-0.,-1.));
#9436 = DIRECTION('',(-0.,-1.,0.));
#9437 = ADVANCED_FACE('',(#9438),#9449,.F.);
#9438 = FACE_BOUND('',#9439,.T.);
#9439 = EDGE_LOOP('',(#9440,#9441,#9447,#9448));
#9440 = ORIENTED_EDGE('',*,*,#9158,.T.);
#9441 = ORIENTED_EDGE('',*,*,#9442,.T.);
#9442 = EDGE_CURVE('',#9159,#9297,#9443,.T.);
#9443 = LINE('',#9444,#9445);
#9444 = CARTESIAN_POINT('',(153.475,-122.315,-4.6E-02));
#9445 = VECTOR('',#9446,1.);
#9446 = DIRECTION('',(0.,0.,1.));
#9447 = ORIENTED_EDGE('',*,*,#9296,.F.);
#9448 = ORIENTED_EDGE('',*,*,#9442,.F.);
#9449 = CYLINDRICAL_SURFACE('',#9450,0.35);
#9450 = AXIS2_PLACEMENT_3D('',#9451,#9452,#9453);
#9451 = CARTESIAN_POINT('',(153.475,-121.965,-4.6E-02));
#9452 = DIRECTION('',(-0.,-0.,-1.));
#9453 = DIRECTION('',(-0.,-1.,0.));
#9454 = ADVANCED_FACE('',(#9455),#9466,.F.);
#9455 = FACE_BOUND('',#9456,.T.);
#9456 = EDGE_LOOP('',(#9457,#9458,#9464,#9465));
#9457 = ORIENTED_EDGE('',*,*,#9169,.T.);
#9458 = ORIENTED_EDGE('',*,*,#9459,.T.);
#9459 = EDGE_CURVE('',#9170,#9308,#9460,.T.);
#9460 = LINE('',#9461,#9462);
#9461 = CARTESIAN_POINT('',(157.455,-123.45,-4.6E-02));
#9462 = VECTOR('',#9463,1.);
#9463 = DIRECTION('',(0.,0.,1.));
#9464 = ORIENTED_EDGE('',*,*,#9307,.F.);
#9465 = ORIENTED_EDGE('',*,*,#9459,.F.);
#9466 = CYLINDRICAL_SURFACE('',#9467,0.45);
#9467 = AXIS2_PLACEMENT_3D('',#9468,#9469,#9470);
#9468 = CARTESIAN_POINT('',(157.455,-123.,-4.6E-02));
#9469 = DIRECTION('',(-0.,0.,-1.));
#9470 = DIRECTION('',(6.315935428978E-14,-1.,-0.));
#9471 = ADVANCED_FACE('',(#9472),#9483,.F.);
#9472 = FACE_BOUND('',#9473,.T.);
#9473 = EDGE_LOOP('',(#9474,#9475,#9481,#9482));
#9474 = ORIENTED_EDGE('',*,*,#9180,.T.);
#9475 = ORIENTED_EDGE('',*,*,#9476,.T.);
#9476 = EDGE_CURVE('',#9181,#9319,#9477,.T.);
#9477 = LINE('',#9478,#9479);
#9478 = CARTESIAN_POINT('',(159.,-130.4,-4.6E-02));
#9479 = VECTOR('',#9480,1.);
#9480 = DIRECTION('',(0.,0.,1.));
#9481 = ORIENTED_EDGE('',*,*,#9318,.F.);
#9482 = ORIENTED_EDGE('',*,*,#9476,.F.);
#9483 = CYLINDRICAL_SURFACE('',#9484,0.65);
#9484 = AXIS2_PLACEMENT_3D('',#9485,#9486,#9487);
#9485 = CARTESIAN_POINT('',(159.,-129.75,-4.6E-02));
#9486 = DIRECTION('',(-0.,-0.,-1.));
#9487 = DIRECTION('',(-0.,-1.,0.));
#9488 = ADVANCED_FACE('',(#9489),#9500,.F.);
#9489 = FACE_BOUND('',#9490,.T.);
#9490 = EDGE_LOOP('',(#9491,#9492,#9498,#9499));
#9491 = ORIENTED_EDGE('',*,*,#9191,.T.);
#9492 = ORIENTED_EDGE('',*,*,#9493,.T.);
#9493 = EDGE_CURVE('',#9192,#9330,#9494,.T.);
#9494 = LINE('',#9495,#9496);
#9495 = CARTESIAN_POINT('',(164.,-130.4,-4.6E-02));
#9496 = VECTOR('',#9497,1.);
#9497 = DIRECTION('',(0.,0.,1.));
#9498 = ORIENTED_EDGE('',*,*,#9329,.F.);
#9499 = ORIENTED_EDGE('',*,*,#9493,.F.);
#9500 = CYLINDRICAL_SURFACE('',#9501,0.65);
#9501 = AXIS2_PLACEMENT_3D('',#9502,#9503,#9504);
#9502 = CARTESIAN_POINT('',(164.,-129.75,-4.6E-02));
#9503 = DIRECTION('',(-0.,-0.,-1.));
#9504 = DIRECTION('',(-0.,-1.,0.));
#9505 = ADVANCED_FACE('',(#9506),#9517,.F.);
#9506 = FACE_BOUND('',#9507,.T.);
#9507 = EDGE_LOOP('',(#9508,#9509,#9515,#9516));
#9508 = ORIENTED_EDGE('',*,*,#9202,.T.);
#9509 = ORIENTED_EDGE('',*,*,#9510,.T.);
#9510 = EDGE_CURVE('',#9203,#9341,#9511,.T.);
#9511 = LINE('',#9512,#9513);
#9512 = CARTESIAN_POINT('',(159.995,-123.45,-4.6E-02));
#9513 = VECTOR('',#9514,1.);
#9514 = DIRECTION('',(0.,0.,1.));
#9515 = ORIENTED_EDGE('',*,*,#9340,.F.);
#9516 = ORIENTED_EDGE('',*,*,#9510,.F.);
#9517 = CYLINDRICAL_SURFACE('',#9518,0.45);
#9518 = AXIS2_PLACEMENT_3D('',#9519,#9520,#9521);
#9519 = CARTESIAN_POINT('',(159.995,-123.,-4.6E-02));
#9520 = DIRECTION('',(-0.,-0.,-1.));
#9521 = DIRECTION('',(-0.,-1.,0.));
#9522 = ADVANCED_FACE('',(#9523),#9534,.F.);
#9523 = FACE_BOUND('',#9524,.T.);
#9524 = EDGE_LOOP('',(#9525,#9526,#9532,#9533));
#9525 = ORIENTED_EDGE('',*,*,#9213,.T.);
#9526 = ORIENTED_EDGE('',*,*,#9527,.T.);
#9527 = EDGE_CURVE('',#9214,#9352,#9528,.T.);
#9528 = LINE('',#9529,#9530);
#9529 = CARTESIAN_POINT('',(164.1,-122.6,-4.6E-02));
#9530 = VECTOR('',#9531,1.);
#9531 = DIRECTION('',(0.,0.,1.));
#9532 = ORIENTED_EDGE('',*,*,#9351,.F.);
#9533 = ORIENTED_EDGE('',*,*,#9527,.F.);
#9534 = CYLINDRICAL_SURFACE('',#9535,0.35);
#9535 = AXIS2_PLACEMENT_3D('',#9536,#9537,#9538);
#9536 = CARTESIAN_POINT('',(164.1,-122.25,-4.6E-02));
#9537 = DIRECTION('',(-0.,-0.,-1.));
#9538 = DIRECTION('',(-0.,-1.,0.));
#9539 = ADVANCED_FACE('',(#9540),#9551,.F.);
#9540 = FACE_BOUND('',#9541,.T.);
#9541 = EDGE_LOOP('',(#9542,#9543,#9549,#9550));
#9542 = ORIENTED_EDGE('',*,*,#9224,.T.);
#9543 = ORIENTED_EDGE('',*,*,#9544,.T.);
#9544 = EDGE_CURVE('',#9225,#9363,#9545,.T.);
#9545 = LINE('',#9546,#9547);
#9546 = CARTESIAN_POINT('',(153.475,-114.695,-4.6E-02));
#9547 = VECTOR('',#9548,1.);
#9548 = DIRECTION('',(0.,0.,1.));
#9549 = ORIENTED_EDGE('',*,*,#9362,.F.);
#9550 = ORIENTED_EDGE('',*,*,#9544,.F.);
#9551 = CYLINDRICAL_SURFACE('',#9552,0.35);
#9552 = AXIS2_PLACEMENT_3D('',#9553,#9554,#9555);
#9553 = CARTESIAN_POINT('',(153.475,-114.345,-4.6E-02));
#9554 = DIRECTION('',(-0.,-0.,-1.));
#9555 = DIRECTION('',(-0.,-1.,0.));
#9556 = ADVANCED_FACE('',(#9557),#9568,.F.);
#9557 = FACE_BOUND('',#9558,.T.);
#9558 = EDGE_LOOP('',(#9559,#9560,#9566,#9567));
#9559 = ORIENTED_EDGE('',*,*,#9235,.T.);
#9560 = ORIENTED_EDGE('',*,*,#9561,.T.);
#9561 = EDGE_CURVE('',#9236,#9374,#9562,.T.);
#9562 = LINE('',#9563,#9564);
#9563 = CARTESIAN_POINT('',(156.,-102.805,-4.6E-02));
#9564 = VECTOR('',#9565,1.);
#9565 = DIRECTION('',(0.,0.,1.));
#9566 = ORIENTED_EDGE('',*,*,#9373,.F.);
#9567 = ORIENTED_EDGE('',*,*,#9561,.F.);
#9568 = CYLINDRICAL_SURFACE('',#9569,0.65);
#9569 = AXIS2_PLACEMENT_3D('',#9570,#9571,#9572);
#9570 = CARTESIAN_POINT('',(156.,-102.155,-4.6E-02));
#9571 = DIRECTION('',(-0.,-0.,-1.));
#9572 = DIRECTION('',(-0.,-1.,0.));
#9573 = ADVANCED_FACE('',(#9574),#9585,.F.);
#9574 = FACE_BOUND('',#9575,.T.);
#9575 = EDGE_LOOP('',(#9576,#9577,#9583,#9584));
#9576 = ORIENTED_EDGE('',*,*,#9246,.T.);
#9577 = ORIENTED_EDGE('',*,*,#9578,.T.);
#9578 = EDGE_CURVE('',#9247,#9385,#9579,.T.);
#9579 = LINE('',#9580,#9581);
#9580 = CARTESIAN_POINT('',(164.1,-114.98,-4.6E-02));
#9581 = VECTOR('',#9582,1.);
#9582 = DIRECTION('',(0.,0.,1.));
#9583 = ORIENTED_EDGE('',*,*,#9384,.F.);
#9584 = ORIENTED_EDGE('',*,*,#9578,.F.);
#9585 = CYLINDRICAL_SURFACE('',#9586,0.35);
#9586 = AXIS2_PLACEMENT_3D('',#9587,#9588,#9589);
#9587 = CARTESIAN_POINT('',(164.1,-114.63,-4.6E-02));
#9588 = DIRECTION('',(-0.,-0.,-1.));
#9589 = DIRECTION('',(-0.,-1.,0.));
#9590 = ADVANCED_FACE('',(#9591),#9602,.F.);
#9591 = FACE_BOUND('',#9592,.T.);
#9592 = EDGE_LOOP('',(#9593,#9594,#9600,#9601));
#9593 = ORIENTED_EDGE('',*,*,#9257,.T.);
#9594 = ORIENTED_EDGE('',*,*,#9595,.T.);
#9595 = EDGE_CURVE('',#9258,#9396,#9596,.T.);
#9596 = LINE('',#9597,#9598);
#9597 = CARTESIAN_POINT('',(161.,-102.805,-4.6E-02));
#9598 = VECTOR('',#9599,1.);
#9599 = DIRECTION('',(0.,0.,1.));
#9600 = ORIENTED_EDGE('',*,*,#9395,.F.);
#9601 = ORIENTED_EDGE('',*,*,#9595,.F.);
#9602 = CYLINDRICAL_SURFACE('',#9603,0.65);
#9603 = AXIS2_PLACEMENT_3D('',#9604,#9605,#9606);
#9604 = CARTESIAN_POINT('',(161.,-102.155,-4.6E-02));
#9605 = DIRECTION('',(-0.,-0.,-1.));
#9606 = DIRECTION('',(-0.,-1.,0.));
#9607 = ( GEOMETRIC_REPRESENTATION_CONTEXT(3) 
GLOBAL_UNCERTAINTY_ASSIGNED_CONTEXT((#9611)) 
GLOBAL_UNIT_ASSIGNED_CONTEXT((#9608,#9609,#9610)) REPRESENTATION_CONTEXT
('Context #1','3D Context with UNIT and UNCERTAINTY') );
#9608 = ( LENGTH_UNIT() NAMED_UNIT(*) SI_UNIT(.MILLI.,.METRE.) );
#9609 = ( NAMED_UNIT(*) PLANE_ANGLE_UNIT() SI_UNIT($,.RADIAN.) );
#9610 = ( NAMED_UNIT(*) SI_UNIT($,.STERADIAN.) SOLID_ANGLE_UNIT() );
#9611 = UNCERTAINTY_MEASURE_WITH_UNIT(LENGTH_MEASURE(1.E-07),#9608,
  'distance_accuracy_value','confusion accuracy');
#9612 = CONTEXT_DEPENDENT_SHAPE_REPRESENTATION(#9613,#9615);
#9613 = ( REPRESENTATION_RELATIONSHIP('','',#9027,#10) 
REPRESENTATION_RELATIONSHIP_WITH_TRANSFORMATION(#9614) 
SHAPE_REPRESENTATION_RELATIONSHIP() );
#9614 = ITEM_DEFINED_TRANSFORMATION('','',#11,#35);
#9615 = PRODUCT_DEFINITION_SHAPE('Placement','Placement of an item',
  #9616);
#9616 = NEXT_ASSEMBLY_USAGE_OCCURRENCE('10','=>[0:1:1:10]','',#5,#9022,$
  );
#9617 = PRODUCT_RELATED_PRODUCT_CATEGORY('part',$,(#9024));
#9618 = MECHANICAL_DESIGN_GEOMETRIC_PRESENTATION_REPRESENTATION('',(
    #9619,#9627,#9634,#9641,#9648,#9655,#9663,#9670,#9677,#9684,#9691,
    #9698,#9705,#9712,#9719,#9726,#9733),#4494);
#9619 = STYLED_ITEM('color',(#9620),#4109);
#9620 = PRESENTATION_STYLE_ASSIGNMENT((#9621));
#9621 = SURFACE_STYLE_USAGE(.BOTH.,#9622);
#9622 = SURFACE_SIDE_STYLE('',(#9623));
#9623 = SURFACE_STYLE_FILL_AREA(#9624);
#9624 = FILL_AREA_STYLE('',(#9625));
#9625 = FILL_AREA_STYLE_COLOUR('',#9626);
#9626 = COLOUR_RGB('',0.883000012551,0.711000022565,0.492000011028);
#9627 = STYLED_ITEM('color',(#9628),#4142);
#9628 = PRESENTATION_STYLE_ASSIGNMENT((#9629));
#9629 = SURFACE_STYLE_USAGE(.BOTH.,#9630);
#9630 = SURFACE_SIDE_STYLE('',(#9631));
#9631 = SURFACE_STYLE_FILL_AREA(#9632);
#9632 = FILL_AREA_STYLE('',(#9633));
#9633 = FILL_AREA_STYLE_COLOUR('',#9626);
#9634 = STYLED_ITEM('color',(#9635),#4168);
#9635 = PRESENTATION_STYLE_ASSIGNMENT((#9636));
#9636 = SURFACE_STYLE_USAGE(.BOTH.,#9637);
#9637 = SURFACE_SIDE_STYLE('',(#9638));
#9638 = SURFACE_STYLE_FILL_AREA(#9639);
#9639 = FILL_AREA_STYLE('',(#9640));
#9640 = FILL_AREA_STYLE_COLOUR('',#9626);
#9641 = STYLED_ITEM('color',(#9642),#4188);
#9642 = PRESENTATION_STYLE_ASSIGNMENT((#9643));
#9643 = SURFACE_STYLE_USAGE(.BOTH.,#9644);
#9644 = SURFACE_SIDE_STYLE('',(#9645));
#9645 = SURFACE_STYLE_FILL_AREA(#9646);
#9646 = FILL_AREA_STYLE('',(#9647));
#9647 = FILL_AREA_STYLE_COLOUR('',#9626);
#9648 = STYLED_ITEM('color',(#9649),#4208);
#9649 = PRESENTATION_STYLE_ASSIGNMENT((#9650));
#9650 = SURFACE_STYLE_USAGE(.BOTH.,#9651);
#9651 = SURFACE_SIDE_STYLE('',(#9652));
#9652 = SURFACE_STYLE_FILL_AREA(#9653);
#9653 = FILL_AREA_STYLE('',(#9654));
#9654 = FILL_AREA_STYLE_COLOUR('',#9626);
#9655 = STYLED_ITEM('color',(#9656),#4233);
#9656 = PRESENTATION_STYLE_ASSIGNMENT((#9657));
#9657 = SURFACE_STYLE_USAGE(.BOTH.,#9658);
#9658 = SURFACE_SIDE_STYLE('',(#9659));
#9659 = SURFACE_STYLE_FILL_AREA(#9660);
#9660 = FILL_AREA_STYLE('',(#9661));
#9661 = FILL_AREA_STYLE_COLOUR('',#9662);
#9662 = COLOUR_RGB('',0.823999987314,0.819999987296,0.781000009244);
#9663 = STYLED_ITEM('color',(#9664),#4258);
#9664 = PRESENTATION_STYLE_ASSIGNMENT((#9665));
#9665 = SURFACE_STYLE_USAGE(.BOTH.,#9666);
#9666 = SURFACE_SIDE_STYLE('',(#9667));
#9667 = SURFACE_STYLE_FILL_AREA(#9668);
#9668 = FILL_AREA_STYLE('',(#9669));
#9669 = FILL_AREA_STYLE_COLOUR('',#9626);
#9670 = STYLED_ITEM('color',(#9671),#4278);
#9671 = PRESENTATION_STYLE_ASSIGNMENT((#9672));
#9672 = SURFACE_STYLE_USAGE(.BOTH.,#9673);
#9673 = SURFACE_SIDE_STYLE('',(#9674));
#9674 = SURFACE_STYLE_FILL_AREA(#9675);
#9675 = FILL_AREA_STYLE('',(#9676));
#9676 = FILL_AREA_STYLE_COLOUR('',#9662);
#9677 = STYLED_ITEM('color',(#9678),#4304);
#9678 = PRESENTATION_STYLE_ASSIGNMENT((#9679));
#9679 = SURFACE_STYLE_USAGE(.BOTH.,#9680);
#9680 = SURFACE_SIDE_STYLE('',(#9681));
#9681 = SURFACE_STYLE_FILL_AREA(#9682);
#9682 = FILL_AREA_STYLE('',(#9683));
#9683 = FILL_AREA_STYLE_COLOUR('',#9626);
#9684 = STYLED_ITEM('color',(#9685),#4329);
#9685 = PRESENTATION_STYLE_ASSIGNMENT((#9686));
#9686 = SURFACE_STYLE_USAGE(.BOTH.,#9687);
#9687 = SURFACE_SIDE_STYLE('',(#9688));
#9688 = SURFACE_STYLE_FILL_AREA(#9689);
#9689 = FILL_AREA_STYLE('',(#9690));
#9690 = FILL_AREA_STYLE_COLOUR('',#9662);
#9691 = STYLED_ITEM('color',(#9692),#4354);
#9692 = PRESENTATION_STYLE_ASSIGNMENT((#9693));
#9693 = SURFACE_STYLE_USAGE(.BOTH.,#9694);
#9694 = SURFACE_SIDE_STYLE('',(#9695));
#9695 = SURFACE_STYLE_FILL_AREA(#9696);
#9696 = FILL_AREA_STYLE('',(#9697));
#9697 = FILL_AREA_STYLE_COLOUR('',#9626);
#9698 = STYLED_ITEM('color',(#9699),#4380);
#9699 = PRESENTATION_STYLE_ASSIGNMENT((#9700));
#9700 = SURFACE_STYLE_USAGE(.BOTH.,#9701);
#9701 = SURFACE_SIDE_STYLE('',(#9702));
#9702 = SURFACE_STYLE_FILL_AREA(#9703);
#9703 = FILL_AREA_STYLE('',(#9704));
#9704 = FILL_AREA_STYLE_COLOUR('',#9662);
#9705 = STYLED_ITEM('color',(#9706),#4389);
#9706 = PRESENTATION_STYLE_ASSIGNMENT((#9707));
#9707 = SURFACE_STYLE_USAGE(.BOTH.,#9708);
#9708 = SURFACE_SIDE_STYLE('',(#9709));
#9709 = SURFACE_STYLE_FILL_AREA(#9710);
#9710 = FILL_AREA_STYLE('',(#9711));
#9711 = FILL_AREA_STYLE_COLOUR('',#9626);
#9712 = STYLED_ITEM('color',(#9713),#4409);
#9713 = PRESENTATION_STYLE_ASSIGNMENT((#9714));
#9714 = SURFACE_STYLE_USAGE(.BOTH.,#9715);
#9715 = SURFACE_SIDE_STYLE('',(#9716));
#9716 = SURFACE_STYLE_FILL_AREA(#9717);
#9717 = FILL_AREA_STYLE('',(#9718));
#9718 = FILL_AREA_STYLE_COLOUR('',#9662);
#9719 = STYLED_ITEM('color',(#9720),#4434);
#9720 = PRESENTATION_STYLE_ASSIGNMENT((#9721));
#9721 = SURFACE_STYLE_USAGE(.BOTH.,#9722);
#9722 = SURFACE_SIDE_STYLE('',(#9723));
#9723 = SURFACE_STYLE_FILL_AREA(#9724);
#9724 = FILL_AREA_STYLE('',(#9725));
#9725 = FILL_AREA_STYLE_COLOUR('',#9662);
#9726 = STYLED_ITEM('color',(#9727),#4460);
#9727 = PRESENTATION_STYLE_ASSIGNMENT((#9728));
#9728 = SURFACE_STYLE_USAGE(.BOTH.,#9729);
#9729 = SURFACE_SIDE_STYLE('',(#9730));
#9730 = SURFACE_STYLE_FILL_AREA(#9731);
#9731 = FILL_AREA_STYLE('',(#9732));
#9732 = FILL_AREA_STYLE_COLOUR('',#9662);
#9733 = STYLED_ITEM('color',(#9734),#4485);
#9734 = PRESENTATION_STYLE_ASSIGNMENT((#9735));
#9735 = SURFACE_STYLE_USAGE(.BOTH.,#9736);
#9736 = SURFACE_SIDE_STYLE('',(#9737));
#9737 = SURFACE_STYLE_FILL_AREA(#9738);
#9738 = FILL_AREA_STYLE('',(#9739));
#9739 = FILL_AREA_STYLE_COLOUR('',#9662);
#9740 = MECHANICAL_DESIGN_GEOMETRIC_PRESENTATION_REPRESENTATION('',(
    #9741,#9751,#9760,#9769,#9778,#9787,#9796,#9805,#9814,#9823,#9832,
    #9841,#9850,#9859,#9868,#9877,#9886,#9895,#9904,#9913,#9922,#9931,
    #9940,#9949,#9958,#9967,#9976,#9985,#9994,#10003,#10012,#10021,
    #10030,#10039,#10048,#10057,#10066,#10075,#10084,#10093,#10102,
    #10111,#10120,#10129,#10138,#10147,#10156,#10165,#10174,#10183,
    #10192,#10201,#10210,#10219,#10228,#10237,#10246,#10255,#10264,
    #10273,#10282,#10291,#10300,#10309,#10318,#10327,#10336,#10345,
    #10354,#10363,#10372,#10381,#10390,#10399,#10408,#10417,#10426,
    #10435,#10444,#10453,#10462,#10471,#10480,#10489,#10498,#10507,
    #10516,#10525,#10534,#10543,#10552,#10561,#10570,#10579,#10588,
    #10597,#10606,#10615,#10624,#10633,#10642,#10651,#10660,#10669,
    #10678,#10687,#10696,#10705,#10714,#10723,#10732,#10741,#10750,
    #10759,#10768,#10777,#10786,#10795,#10804,#10813,#10822,#10831,
    #10840,#10849,#10858,#10867,#10876,#10885,#10894,#10903,#10912,
    #10921,#10930,#10939,#10948,#10957,#10966,#10975,#10984,#10993,
    #11002,#11011,#11020,#11029,#11038,#11047,#11056),#9009);
#9741 = STYLED_ITEM('color',(#9742),#4543);
#9742 = PRESENTATION_STYLE_ASSIGNMENT((#9743,#9749));
#9743 = SURFACE_STYLE_USAGE(.BOTH.,#9744);
#9744 = SURFACE_SIDE_STYLE('',(#9745));
#9745 = SURFACE_STYLE_FILL_AREA(#9746);
#9746 = FILL_AREA_STYLE('',(#9747));
#9747 = FILL_AREA_STYLE_COLOUR('',#9748);
#9748 = COLOUR_RGB('',0.147999998088,0.145000001626,0.145000001626);
#9749 = CURVE_STYLE('',#9750,POSITIVE_LENGTH_MEASURE(0.1),#9748);
#9750 = DRAUGHTING_PRE_DEFINED_CURVE_FONT('continuous');
#9751 = STYLED_ITEM('color',(#9752),#4581);
#9752 = PRESENTATION_STYLE_ASSIGNMENT((#9753,#9758));
#9753 = SURFACE_STYLE_USAGE(.BOTH.,#9754);
#9754 = SURFACE_SIDE_STYLE('',(#9755));
#9755 = SURFACE_STYLE_FILL_AREA(#9756);
#9756 = FILL_AREA_STYLE('',(#9757));
#9757 = FILL_AREA_STYLE_COLOUR('',#9748);
#9758 = CURVE_STYLE('',#9759,POSITIVE_LENGTH_MEASURE(0.1),#9748);
#9759 = DRAUGHTING_PRE_DEFINED_CURVE_FONT('continuous');
#9760 = STYLED_ITEM('color',(#9761),#4644);
#9761 = PRESENTATION_STYLE_ASSIGNMENT((#9762,#9767));
#9762 = SURFACE_STYLE_USAGE(.BOTH.,#9763);
#9763 = SURFACE_SIDE_STYLE('',(#9764));
#9764 = SURFACE_STYLE_FILL_AREA(#9765);
#9765 = FILL_AREA_STYLE('',(#9766));
#9766 = FILL_AREA_STYLE_COLOUR('',#9748);
#9767 = CURVE_STYLE('',#9768,POSITIVE_LENGTH_MEASURE(0.1),#9748);
#9768 = DRAUGHTING_PRE_DEFINED_CURVE_FONT('continuous');
#9769 = STYLED_ITEM('color',(#9770),#4667);
#9770 = PRESENTATION_STYLE_ASSIGNMENT((#9771,#9776));
#9771 = SURFACE_STYLE_USAGE(.BOTH.,#9772);
#9772 = SURFACE_SIDE_STYLE('',(#9773));
#9773 = SURFACE_STYLE_FILL_AREA(#9774);
#9774 = FILL_AREA_STYLE('',(#9775));
#9775 = FILL_AREA_STYLE_COLOUR('',#9748);
#9776 = CURVE_STYLE('',#9777,POSITIVE_LENGTH_MEASURE(0.1),#9748);
#9777 = DRAUGHTING_PRE_DEFINED_CURVE_FONT('continuous');
#9778 = STYLED_ITEM('color',(#9779),#4696);
#9779 = PRESENTATION_STYLE_ASSIGNMENT((#9780,#9785));
#9780 = SURFACE_STYLE_USAGE(.BOTH.,#9781);
#9781 = SURFACE_SIDE_STYLE('',(#9782));
#9782 = SURFACE_STYLE_FILL_AREA(#9783);
#9783 = FILL_AREA_STYLE('',(#9784));
#9784 = FILL_AREA_STYLE_COLOUR('',#9748);
#9785 = CURVE_STYLE('',#9786,POSITIVE_LENGTH_MEASURE(0.1),#9748);
#9786 = DRAUGHTING_PRE_DEFINED_CURVE_FONT('continuous');
#9787 = STYLED_ITEM('color',(#9788),#4719);
#9788 = PRESENTATION_STYLE_ASSIGNMENT((#9789,#9794));
#9789 = SURFACE_STYLE_USAGE(.BOTH.,#9790);
#9790 = SURFACE_SIDE_STYLE('',(#9791));
#9791 = SURFACE_STYLE_FILL_AREA(#9792);
#9792 = FILL_AREA_STYLE('',(#9793));
#9793 = FILL_AREA_STYLE_COLOUR('',#9748);
#9794 = CURVE_STYLE('',#9795,POSITIVE_LENGTH_MEASURE(0.1),#9748);
#9795 = DRAUGHTING_PRE_DEFINED_CURVE_FONT('continuous');
#9796 = STYLED_ITEM('color',(#9797),#4806);
#9797 = PRESENTATION_STYLE_ASSIGNMENT((#9798,#9803));
#9798 = SURFACE_STYLE_USAGE(.BOTH.,#9799);
#9799 = SURFACE_SIDE_STYLE('',(#9800));
#9800 = SURFACE_STYLE_FILL_AREA(#9801);
#9801 = FILL_AREA_STYLE('',(#9802));
#9802 = FILL_AREA_STYLE_COLOUR('',#9748);
#9803 = CURVE_STYLE('',#9804,POSITIVE_LENGTH_MEASURE(0.1),#9748);
#9804 = DRAUGHTING_PRE_DEFINED_CURVE_FONT('continuous');
#9805 = STYLED_ITEM('color',(#9806),#4893);
#9806 = PRESENTATION_STYLE_ASSIGNMENT((#9807,#9812));
#9807 = SURFACE_STYLE_USAGE(.BOTH.,#9808);
#9808 = SURFACE_SIDE_STYLE('',(#9809));
#9809 = SURFACE_STYLE_FILL_AREA(#9810);
#9810 = FILL_AREA_STYLE('',(#9811));
#9811 = FILL_AREA_STYLE_COLOUR('',#9748);
#9812 = CURVE_STYLE('',#9813,POSITIVE_LENGTH_MEASURE(0.1),#9748);
#9813 = DRAUGHTING_PRE_DEFINED_CURVE_FONT('continuous');
#9814 = STYLED_ITEM('color',(#9815),#4916);
#9815 = PRESENTATION_STYLE_ASSIGNMENT((#9816,#9821));
#9816 = SURFACE_STYLE_USAGE(.BOTH.,#9817);
#9817 = SURFACE_SIDE_STYLE('',(#9818));
#9818 = SURFACE_STYLE_FILL_AREA(#9819);
#9819 = FILL_AREA_STYLE('',(#9820));
#9820 = FILL_AREA_STYLE_COLOUR('',#9748);
#9821 = CURVE_STYLE('',#9822,POSITIVE_LENGTH_MEASURE(0.1),#9748);
#9822 = DRAUGHTING_PRE_DEFINED_CURVE_FONT('continuous');
#9823 = STYLED_ITEM('color',(#9824),#4939);
#9824 = PRESENTATION_STYLE_ASSIGNMENT((#9825,#9830));
#9825 = SURFACE_STYLE_USAGE(.BOTH.,#9826);
#9826 = SURFACE_SIDE_STYLE('',(#9827));
#9827 = SURFACE_STYLE_FILL_AREA(#9828);
#9828 = FILL_AREA_STYLE('',(#9829));
#9829 = FILL_AREA_STYLE_COLOUR('',#9748);
#9830 = CURVE_STYLE('',#9831,POSITIVE_LENGTH_MEASURE(0.1),#9748);
#9831 = DRAUGHTING_PRE_DEFINED_CURVE_FONT('continuous');
#9832 = STYLED_ITEM('color',(#9833),#4956);
#9833 = PRESENTATION_STYLE_ASSIGNMENT((#9834,#9839));
#9834 = SURFACE_STYLE_USAGE(.BOTH.,#9835);
#9835 = SURFACE_SIDE_STYLE('',(#9836));
#9836 = SURFACE_STYLE_FILL_AREA(#9837);
#9837 = FILL_AREA_STYLE('',(#9838));
#9838 = FILL_AREA_STYLE_COLOUR('',#9748);
#9839 = CURVE_STYLE('',#9840,POSITIVE_LENGTH_MEASURE(0.1),#9748);
#9840 = DRAUGHTING_PRE_DEFINED_CURVE_FONT('continuous');
#9841 = STYLED_ITEM('color',(#9842),#4979);
#9842 = PRESENTATION_STYLE_ASSIGNMENT((#9843,#9848));
#9843 = SURFACE_STYLE_USAGE(.BOTH.,#9844);
#9844 = SURFACE_SIDE_STYLE('',(#9845));
#9845 = SURFACE_STYLE_FILL_AREA(#9846);
#9846 = FILL_AREA_STYLE('',(#9847));
#9847 = FILL_AREA_STYLE_COLOUR('',#9748);
#9848 = CURVE_STYLE('',#9849,POSITIVE_LENGTH_MEASURE(0.1),#9748);
#9849 = DRAUGHTING_PRE_DEFINED_CURVE_FONT('continuous');
#9850 = STYLED_ITEM('color',(#9851),#5067);
#9851 = PRESENTATION_STYLE_ASSIGNMENT((#9852,#9857));
#9852 = SURFACE_STYLE_USAGE(.BOTH.,#9853);
#9853 = SURFACE_SIDE_STYLE('',(#9854));
#9854 = SURFACE_STYLE_FILL_AREA(#9855);
#9855 = FILL_AREA_STYLE('',(#9856));
#9856 = FILL_AREA_STYLE_COLOUR('',#9748);
#9857 = CURVE_STYLE('',#9858,POSITIVE_LENGTH_MEASURE(0.1),#9748);
#9858 = DRAUGHTING_PRE_DEFINED_CURVE_FONT('continuous');
#9859 = STYLED_ITEM('color',(#9860),#5083);
#9860 = PRESENTATION_STYLE_ASSIGNMENT((#9861,#9866));
#9861 = SURFACE_STYLE_USAGE(.BOTH.,#9862);
#9862 = SURFACE_SIDE_STYLE('',(#9863));
#9863 = SURFACE_STYLE_FILL_AREA(#9864);
#9864 = FILL_AREA_STYLE('',(#9865));
#9865 = FILL_AREA_STYLE_COLOUR('',#9748);
#9866 = CURVE_STYLE('',#9867,POSITIVE_LENGTH_MEASURE(0.1),#9748);
#9867 = DRAUGHTING_PRE_DEFINED_CURVE_FONT('continuous');
#9868 = STYLED_ITEM('color',(#9869),#5113);
#9869 = PRESENTATION_STYLE_ASSIGNMENT((#9870,#9875));
#9870 = SURFACE_STYLE_USAGE(.BOTH.,#9871);
#9871 = SURFACE_SIDE_STYLE('',(#9872));
#9872 = SURFACE_STYLE_FILL_AREA(#9873);
#9873 = FILL_AREA_STYLE('',(#9874));
#9874 = FILL_AREA_STYLE_COLOUR('',#9662);
#9875 = CURVE_STYLE('',#9876,POSITIVE_LENGTH_MEASURE(0.1),#9662);
#9876 = DRAUGHTING_PRE_DEFINED_CURVE_FONT('continuous');
#9877 = STYLED_ITEM('color',(#9878),#5144);
#9878 = PRESENTATION_STYLE_ASSIGNMENT((#9879,#9884));
#9879 = SURFACE_STYLE_USAGE(.BOTH.,#9880);
#9880 = SURFACE_SIDE_STYLE('',(#9881));
#9881 = SURFACE_STYLE_FILL_AREA(#9882);
#9882 = FILL_AREA_STYLE('',(#9883));
#9883 = FILL_AREA_STYLE_COLOUR('',#9748);
#9884 = CURVE_STYLE('',#9885,POSITIVE_LENGTH_MEASURE(0.1),#9748);
#9885 = DRAUGHTING_PRE_DEFINED_CURVE_FONT('continuous');
#9886 = STYLED_ITEM('color',(#9887),#5175);
#9887 = PRESENTATION_STYLE_ASSIGNMENT((#9888,#9893));
#9888 = SURFACE_STYLE_USAGE(.BOTH.,#9889);
#9889 = SURFACE_SIDE_STYLE('',(#9890));
#9890 = SURFACE_STYLE_FILL_AREA(#9891);
#9891 = FILL_AREA_STYLE('',(#9892));
#9892 = FILL_AREA_STYLE_COLOUR('',#9662);
#9893 = CURVE_STYLE('',#9894,POSITIVE_LENGTH_MEASURE(0.1),#9662);
#9894 = DRAUGHTING_PRE_DEFINED_CURVE_FONT('continuous');
#9895 = STYLED_ITEM('color',(#9896),#5206);
#9896 = PRESENTATION_STYLE_ASSIGNMENT((#9897,#9902));
#9897 = SURFACE_STYLE_USAGE(.BOTH.,#9898);
#9898 = SURFACE_SIDE_STYLE('',(#9899));
#9899 = SURFACE_STYLE_FILL_AREA(#9900);
#9900 = FILL_AREA_STYLE('',(#9901));
#9901 = FILL_AREA_STYLE_COLOUR('',#9748);
#9902 = CURVE_STYLE('',#9903,POSITIVE_LENGTH_MEASURE(0.1),#9748);
#9903 = DRAUGHTING_PRE_DEFINED_CURVE_FONT('continuous');
#9904 = STYLED_ITEM('color',(#9905),#5237);
#9905 = PRESENTATION_STYLE_ASSIGNMENT((#9906,#9911));
#9906 = SURFACE_STYLE_USAGE(.BOTH.,#9907);
#9907 = SURFACE_SIDE_STYLE('',(#9908));
#9908 = SURFACE_STYLE_FILL_AREA(#9909);
#9909 = FILL_AREA_STYLE('',(#9910));
#9910 = FILL_AREA_STYLE_COLOUR('',#9662);
#9911 = CURVE_STYLE('',#9912,POSITIVE_LENGTH_MEASURE(0.1),#9662);
#9912 = DRAUGHTING_PRE_DEFINED_CURVE_FONT('continuous');
#9913 = STYLED_ITEM('color',(#9914),#5268);
#9914 = PRESENTATION_STYLE_ASSIGNMENT((#9915,#9920));
#9915 = SURFACE_STYLE_USAGE(.BOTH.,#9916);
#9916 = SURFACE_SIDE_STYLE('',(#9917));
#9917 = SURFACE_STYLE_FILL_AREA(#9918);
#9918 = FILL_AREA_STYLE('',(#9919));
#9919 = FILL_AREA_STYLE_COLOUR('',#9748);
#9920 = CURVE_STYLE('',#9921,POSITIVE_LENGTH_MEASURE(0.1),#9748);
#9921 = DRAUGHTING_PRE_DEFINED_CURVE_FONT('continuous');
#9922 = STYLED_ITEM('color',(#9923),#5299);
#9923 = PRESENTATION_STYLE_ASSIGNMENT((#9924,#9929));
#9924 = SURFACE_STYLE_USAGE(.BOTH.,#9925);
#9925 = SURFACE_SIDE_STYLE('',(#9926));
#9926 = SURFACE_STYLE_FILL_AREA(#9927);
#9927 = FILL_AREA_STYLE('',(#9928));
#9928 = FILL_AREA_STYLE_COLOUR('',#9662);
#9929 = CURVE_STYLE('',#9930,POSITIVE_LENGTH_MEASURE(0.1),#9662);
#9930 = DRAUGHTING_PRE_DEFINED_CURVE_FONT('continuous');
#9931 = STYLED_ITEM('color',(#9932),#5330);
#9932 = PRESENTATION_STYLE_ASSIGNMENT((#9933,#9938));
#9933 = SURFACE_STYLE_USAGE(.BOTH.,#9934);
#9934 = SURFACE_SIDE_STYLE('',(#9935));
#9935 = SURFACE_STYLE_FILL_AREA(#9936);
#9936 = FILL_AREA_STYLE('',(#9937));
#9937 = FILL_AREA_STYLE_COLOUR('',#9748);
#9938 = CURVE_STYLE('',#9939,POSITIVE_LENGTH_MEASURE(0.1),#9748);
#9939 = DRAUGHTING_PRE_DEFINED_CURVE_FONT('continuous');
#9940 = STYLED_ITEM('color',(#9941),#5347);
#9941 = PRESENTATION_STYLE_ASSIGNMENT((#9942,#9947));
#9942 = SURFACE_STYLE_USAGE(.BOTH.,#9943);
#9943 = SURFACE_SIDE_STYLE('',(#9944));
#9944 = SURFACE_STYLE_FILL_AREA(#9945);
#9945 = FILL_AREA_STYLE('',(#9946));
#9946 = FILL_AREA_STYLE_COLOUR('',#9748);
#9947 = CURVE_STYLE('',#9948,POSITIVE_LENGTH_MEASURE(0.1),#9748);
#9948 = DRAUGHTING_PRE_DEFINED_CURVE_FONT('continuous');
#9949 = STYLED_ITEM('color',(#9950),#5364);
#9950 = PRESENTATION_STYLE_ASSIGNMENT((#9951,#9956));
#9951 = SURFACE_STYLE_USAGE(.BOTH.,#9952);
#9952 = SURFACE_SIDE_STYLE('',(#9953));
#9953 = SURFACE_STYLE_FILL_AREA(#9954);
#9954 = FILL_AREA_STYLE('',(#9955));
#9955 = FILL_AREA_STYLE_COLOUR('',#9662);
#9956 = CURVE_STYLE('',#9957,POSITIVE_LENGTH_MEASURE(0.1),#9662);
#9957 = DRAUGHTING_PRE_DEFINED_CURVE_FONT('continuous');
#9958 = STYLED_ITEM('color',(#9959),#5395);
#9959 = PRESENTATION_STYLE_ASSIGNMENT((#9960,#9965));
#9960 = SURFACE_STYLE_USAGE(.BOTH.,#9961);
#9961 = SURFACE_SIDE_STYLE('',(#9962));
#9962 = SURFACE_STYLE_FILL_AREA(#9963);
#9963 = FILL_AREA_STYLE('',(#9964));
#9964 = FILL_AREA_STYLE_COLOUR('',#9748);
#9965 = CURVE_STYLE('',#9966,POSITIVE_LENGTH_MEASURE(0.1),#9748);
#9966 = DRAUGHTING_PRE_DEFINED_CURVE_FONT('continuous');
#9967 = STYLED_ITEM('color',(#9968),#5426);
#9968 = PRESENTATION_STYLE_ASSIGNMENT((#9969,#9974));
#9969 = SURFACE_STYLE_USAGE(.BOTH.,#9970);
#9970 = SURFACE_SIDE_STYLE('',(#9971));
#9971 = SURFACE_STYLE_FILL_AREA(#9972);
#9972 = FILL_AREA_STYLE('',(#9973));
#9973 = FILL_AREA_STYLE_COLOUR('',#9662);
#9974 = CURVE_STYLE('',#9975,POSITIVE_LENGTH_MEASURE(0.1),#9662);
#9975 = DRAUGHTING_PRE_DEFINED_CURVE_FONT('continuous');
#9976 = STYLED_ITEM('color',(#9977),#5457);
#9977 = PRESENTATION_STYLE_ASSIGNMENT((#9978,#9983));
#9978 = SURFACE_STYLE_USAGE(.BOTH.,#9979);
#9979 = SURFACE_SIDE_STYLE('',(#9980));
#9980 = SURFACE_STYLE_FILL_AREA(#9981);
#9981 = FILL_AREA_STYLE('',(#9982));
#9982 = FILL_AREA_STYLE_COLOUR('',#9748);
#9983 = CURVE_STYLE('',#9984,POSITIVE_LENGTH_MEASURE(0.1),#9748);
#9984 = DRAUGHTING_PRE_DEFINED_CURVE_FONT('continuous');
#9985 = STYLED_ITEM('color',(#9986),#5488);
#9986 = PRESENTATION_STYLE_ASSIGNMENT((#9987,#9992));
#9987 = SURFACE_STYLE_USAGE(.BOTH.,#9988);
#9988 = SURFACE_SIDE_STYLE('',(#9989));
#9989 = SURFACE_STYLE_FILL_AREA(#9990);
#9990 = FILL_AREA_STYLE('',(#9991));
#9991 = FILL_AREA_STYLE_COLOUR('',#9662);
#9992 = CURVE_STYLE('',#9993,POSITIVE_LENGTH_MEASURE(0.1),#9662);
#9993 = DRAUGHTING_PRE_DEFINED_CURVE_FONT('continuous');
#9994 = STYLED_ITEM('color',(#9995),#5519);
#9995 = PRESENTATION_STYLE_ASSIGNMENT((#9996,#10001));
#9996 = SURFACE_STYLE_USAGE(.BOTH.,#9997);
#9997 = SURFACE_SIDE_STYLE('',(#9998));
#9998 = SURFACE_STYLE_FILL_AREA(#9999);
#9999 = FILL_AREA_STYLE('',(#10000));
#10000 = FILL_AREA_STYLE_COLOUR('',#9748);
#10001 = CURVE_STYLE('',#10002,POSITIVE_LENGTH_MEASURE(0.1),#9748);
#10002 = DRAUGHTING_PRE_DEFINED_CURVE_FONT('continuous');
#10003 = STYLED_ITEM('color',(#10004),#5550);
#10004 = PRESENTATION_STYLE_ASSIGNMENT((#10005,#10010));
#10005 = SURFACE_STYLE_USAGE(.BOTH.,#10006);
#10006 = SURFACE_SIDE_STYLE('',(#10007));
#10007 = SURFACE_STYLE_FILL_AREA(#10008);
#10008 = FILL_AREA_STYLE('',(#10009));
#10009 = FILL_AREA_STYLE_COLOUR('',#9662);
#10010 = CURVE_STYLE('',#10011,POSITIVE_LENGTH_MEASURE(0.1),#9662);
#10011 = DRAUGHTING_PRE_DEFINED_CURVE_FONT('continuous');
#10012 = STYLED_ITEM('color',(#10013),#5581);
#10013 = PRESENTATION_STYLE_ASSIGNMENT((#10014,#10019));
#10014 = SURFACE_STYLE_USAGE(.BOTH.,#10015);
#10015 = SURFACE_SIDE_STYLE('',(#10016));
#10016 = SURFACE_STYLE_FILL_AREA(#10017);
#10017 = FILL_AREA_STYLE('',(#10018));
#10018 = FILL_AREA_STYLE_COLOUR('',#9748);
#10019 = CURVE_STYLE('',#10020,POSITIVE_LENGTH_MEASURE(0.1),#9748);
#10020 = DRAUGHTING_PRE_DEFINED_CURVE_FONT('continuous');
#10021 = STYLED_ITEM('color',(#10022),#5611);
#10022 = PRESENTATION_STYLE_ASSIGNMENT((#10023,#10028));
#10023 = SURFACE_STYLE_USAGE(.BOTH.,#10024);
#10024 = SURFACE_SIDE_STYLE('',(#10025));
#10025 = SURFACE_STYLE_FILL_AREA(#10026);
#10026 = FILL_AREA_STYLE('',(#10027));
#10027 = FILL_AREA_STYLE_COLOUR('',#9748);
#10028 = CURVE_STYLE('',#10029,POSITIVE_LENGTH_MEASURE(0.1),#9748);
#10029 = DRAUGHTING_PRE_DEFINED_CURVE_FONT('continuous');
#10030 = STYLED_ITEM('color',(#10031),#5634);
#10031 = PRESENTATION_STYLE_ASSIGNMENT((#10032,#10037));
#10032 = SURFACE_STYLE_USAGE(.BOTH.,#10033);
#10033 = SURFACE_SIDE_STYLE('',(#10034));
#10034 = SURFACE_STYLE_FILL_AREA(#10035);
#10035 = FILL_AREA_STYLE('',(#10036));
#10036 = FILL_AREA_STYLE_COLOUR('',#9748);
#10037 = CURVE_STYLE('',#10038,POSITIVE_LENGTH_MEASURE(0.1),#9748);
#10038 = DRAUGHTING_PRE_DEFINED_CURVE_FONT('continuous');
#10039 = STYLED_ITEM('color',(#10040),#5657);
#10040 = PRESENTATION_STYLE_ASSIGNMENT((#10041,#10046));
#10041 = SURFACE_STYLE_USAGE(.BOTH.,#10042);
#10042 = SURFACE_SIDE_STYLE('',(#10043));
#10043 = SURFACE_STYLE_FILL_AREA(#10044);
#10044 = FILL_AREA_STYLE('',(#10045));
#10045 = FILL_AREA_STYLE_COLOUR('',#9748);
#10046 = CURVE_STYLE('',#10047,POSITIVE_LENGTH_MEASURE(0.1),#9748);
#10047 = DRAUGHTING_PRE_DEFINED_CURVE_FONT('continuous');
#10048 = STYLED_ITEM('color',(#10049),#5674);
#10049 = PRESENTATION_STYLE_ASSIGNMENT((#10050,#10055));
#10050 = SURFACE_STYLE_USAGE(.BOTH.,#10051);
#10051 = SURFACE_SIDE_STYLE('',(#10052));
#10052 = SURFACE_STYLE_FILL_AREA(#10053);
#10053 = FILL_AREA_STYLE('',(#10054));
#10054 = FILL_AREA_STYLE_COLOUR('',#9662);
#10055 = CURVE_STYLE('',#10056,POSITIVE_LENGTH_MEASURE(0.1),#9662);
#10056 = DRAUGHTING_PRE_DEFINED_CURVE_FONT('continuous');
#10057 = STYLED_ITEM('color',(#10058),#5719);
#10058 = PRESENTATION_STYLE_ASSIGNMENT((#10059,#10064));
#10059 = SURFACE_STYLE_USAGE(.BOTH.,#10060);
#10060 = SURFACE_SIDE_STYLE('',(#10061));
#10061 = SURFACE_STYLE_FILL_AREA(#10062);
#10062 = FILL_AREA_STYLE('',(#10063));
#10063 = FILL_AREA_STYLE_COLOUR('',#9748);
#10064 = CURVE_STYLE('',#10065,POSITIVE_LENGTH_MEASURE(0.1),#9748);
#10065 = DRAUGHTING_PRE_DEFINED_CURVE_FONT('continuous');
#10066 = STYLED_ITEM('color',(#10067),#5805);
#10067 = PRESENTATION_STYLE_ASSIGNMENT((#10068,#10073));
#10068 = SURFACE_STYLE_USAGE(.BOTH.,#10069);
#10069 = SURFACE_SIDE_STYLE('',(#10070));
#10070 = SURFACE_STYLE_FILL_AREA(#10071);
#10071 = FILL_AREA_STYLE('',(#10072));
#10072 = FILL_AREA_STYLE_COLOUR('',#9748);
#10073 = CURVE_STYLE('',#10074,POSITIVE_LENGTH_MEASURE(0.1),#9748);
#10074 = DRAUGHTING_PRE_DEFINED_CURVE_FONT('continuous');
#10075 = STYLED_ITEM('color',(#10076),#5828);
#10076 = PRESENTATION_STYLE_ASSIGNMENT((#10077,#10082));
#10077 = SURFACE_STYLE_USAGE(.BOTH.,#10078);
#10078 = SURFACE_SIDE_STYLE('',(#10079));
#10079 = SURFACE_STYLE_FILL_AREA(#10080);
#10080 = FILL_AREA_STYLE('',(#10081));
#10081 = FILL_AREA_STYLE_COLOUR('',#9748);
#10082 = CURVE_STYLE('',#10083,POSITIVE_LENGTH_MEASURE(0.1),#9748);
#10083 = DRAUGHTING_PRE_DEFINED_CURVE_FONT('continuous');
#10084 = STYLED_ITEM('color',(#10085),#5851);
#10085 = PRESENTATION_STYLE_ASSIGNMENT((#10086,#10091));
#10086 = SURFACE_STYLE_USAGE(.BOTH.,#10087);
#10087 = SURFACE_SIDE_STYLE('',(#10088));
#10088 = SURFACE_STYLE_FILL_AREA(#10089);
#10089 = FILL_AREA_STYLE('',(#10090));
#10090 = FILL_AREA_STYLE_COLOUR('',#9748);
#10091 = CURVE_STYLE('',#10092,POSITIVE_LENGTH_MEASURE(0.1),#9748);
#10092 = DRAUGHTING_PRE_DEFINED_CURVE_FONT('continuous');
#10093 = STYLED_ITEM('color',(#10094),#5874);
#10094 = PRESENTATION_STYLE_ASSIGNMENT((#10095,#10100));
#10095 = SURFACE_STYLE_USAGE(.BOTH.,#10096);
#10096 = SURFACE_SIDE_STYLE('',(#10097));
#10097 = SURFACE_STYLE_FILL_AREA(#10098);
#10098 = FILL_AREA_STYLE('',(#10099));
#10099 = FILL_AREA_STYLE_COLOUR('',#9748);
#10100 = CURVE_STYLE('',#10101,POSITIVE_LENGTH_MEASURE(0.1),#9748);
#10101 = DRAUGHTING_PRE_DEFINED_CURVE_FONT('continuous');
#10102 = STYLED_ITEM('color',(#10103),#5961);
#10103 = PRESENTATION_STYLE_ASSIGNMENT((#10104,#10109));
#10104 = SURFACE_STYLE_USAGE(.BOTH.,#10105);
#10105 = SURFACE_SIDE_STYLE('',(#10106));
#10106 = SURFACE_STYLE_FILL_AREA(#10107);
#10107 = FILL_AREA_STYLE('',(#10108));
#10108 = FILL_AREA_STYLE_COLOUR('',#9662);
#10109 = CURVE_STYLE('',#10110,POSITIVE_LENGTH_MEASURE(0.1),#9662);
#10110 = DRAUGHTING_PRE_DEFINED_CURVE_FONT('continuous');
#10111 = STYLED_ITEM('color',(#10112),#5999);
#10112 = PRESENTATION_STYLE_ASSIGNMENT((#10113,#10118));
#10113 = SURFACE_STYLE_USAGE(.BOTH.,#10114);
#10114 = SURFACE_SIDE_STYLE('',(#10115));
#10115 = SURFACE_STYLE_FILL_AREA(#10116);
#10116 = FILL_AREA_STYLE('',(#10117));
#10117 = FILL_AREA_STYLE_COLOUR('',#9748);
#10118 = CURVE_STYLE('',#10119,POSITIVE_LENGTH_MEASURE(0.1),#9748);
#10119 = DRAUGHTING_PRE_DEFINED_CURVE_FONT('continuous');
#10120 = STYLED_ITEM('color',(#10121),#6048);
#10121 = PRESENTATION_STYLE_ASSIGNMENT((#10122,#10127));
#10122 = SURFACE_STYLE_USAGE(.BOTH.,#10123);
#10123 = SURFACE_SIDE_STYLE('',(#10124));
#10124 = SURFACE_STYLE_FILL_AREA(#10125);
#10125 = FILL_AREA_STYLE('',(#10126));
#10126 = FILL_AREA_STYLE_COLOUR('',#9662);
#10127 = CURVE_STYLE('',#10128,POSITIVE_LENGTH_MEASURE(0.1),#9662);
#10128 = DRAUGHTING_PRE_DEFINED_CURVE_FONT('continuous');
#10129 = STYLED_ITEM('color',(#10130),#6140);
#10130 = PRESENTATION_STYLE_ASSIGNMENT((#10131,#10136));
#10131 = SURFACE_STYLE_USAGE(.BOTH.,#10132);
#10132 = SURFACE_SIDE_STYLE('',(#10133));
#10133 = SURFACE_STYLE_FILL_AREA(#10134);
#10134 = FILL_AREA_STYLE('',(#10135));
#10135 = FILL_AREA_STYLE_COLOUR('',#9662);
#10136 = CURVE_STYLE('',#10137,POSITIVE_LENGTH_MEASURE(0.1),#9662);
#10137 = DRAUGHTING_PRE_DEFINED_CURVE_FONT('continuous');
#10138 = STYLED_ITEM('color',(#10139),#6165);
#10139 = PRESENTATION_STYLE_ASSIGNMENT((#10140,#10145));
#10140 = SURFACE_STYLE_USAGE(.BOTH.,#10141);
#10141 = SURFACE_SIDE_STYLE('',(#10142));
#10142 = SURFACE_STYLE_FILL_AREA(#10143);
#10143 = FILL_AREA_STYLE('',(#10144));
#10144 = FILL_AREA_STYLE_COLOUR('',#9662);
#10145 = CURVE_STYLE('',#10146,POSITIVE_LENGTH_MEASURE(0.1),#9662);
#10146 = DRAUGHTING_PRE_DEFINED_CURVE_FONT('continuous');
#10147 = STYLED_ITEM('color',(#10148),#6249);
#10148 = PRESENTATION_STYLE_ASSIGNMENT((#10149,#10154));
#10149 = SURFACE_STYLE_USAGE(.BOTH.,#10150);
#10150 = SURFACE_SIDE_STYLE('',(#10151));
#10151 = SURFACE_STYLE_FILL_AREA(#10152);
#10152 = FILL_AREA_STYLE('',(#10153));
#10153 = FILL_AREA_STYLE_COLOUR('',#9748);
#10154 = CURVE_STYLE('',#10155,POSITIVE_LENGTH_MEASURE(0.1),#9748);
#10155 = DRAUGHTING_PRE_DEFINED_CURVE_FONT('continuous');
#10156 = STYLED_ITEM('color',(#10157),#6271);
#10157 = PRESENTATION_STYLE_ASSIGNMENT((#10158,#10163));
#10158 = SURFACE_STYLE_USAGE(.BOTH.,#10159);
#10159 = SURFACE_SIDE_STYLE('',(#10160));
#10160 = SURFACE_STYLE_FILL_AREA(#10161);
#10161 = FILL_AREA_STYLE('',(#10162));
#10162 = FILL_AREA_STYLE_COLOUR('',#9662);
#10163 = CURVE_STYLE('',#10164,POSITIVE_LENGTH_MEASURE(0.1),#9662);
#10164 = DRAUGHTING_PRE_DEFINED_CURVE_FONT('continuous');
#10165 = STYLED_ITEM('color',(#10166),#6363);
#10166 = PRESENTATION_STYLE_ASSIGNMENT((#10167,#10172));
#10167 = SURFACE_STYLE_USAGE(.BOTH.,#10168);
#10168 = SURFACE_SIDE_STYLE('',(#10169));
#10169 = SURFACE_STYLE_FILL_AREA(#10170);
#10170 = FILL_AREA_STYLE('',(#10171));
#10171 = FILL_AREA_STYLE_COLOUR('',#9662);
#10172 = CURVE_STYLE('',#10173,POSITIVE_LENGTH_MEASURE(0.1),#9662);
#10173 = DRAUGHTING_PRE_DEFINED_CURVE_FONT('continuous');
#10174 = STYLED_ITEM('color',(#10175),#6388);
#10175 = PRESENTATION_STYLE_ASSIGNMENT((#10176,#10181));
#10176 = SURFACE_STYLE_USAGE(.BOTH.,#10177);
#10177 = SURFACE_SIDE_STYLE('',(#10178));
#10178 = SURFACE_STYLE_FILL_AREA(#10179);
#10179 = FILL_AREA_STYLE('',(#10180));
#10180 = FILL_AREA_STYLE_COLOUR('',#9662);
#10181 = CURVE_STYLE('',#10182,POSITIVE_LENGTH_MEASURE(0.1),#9662);
#10182 = DRAUGHTING_PRE_DEFINED_CURVE_FONT('continuous');
#10183 = STYLED_ITEM('color',(#10184),#6472);
#10184 = PRESENTATION_STYLE_ASSIGNMENT((#10185,#10190));
#10185 = SURFACE_STYLE_USAGE(.BOTH.,#10186);
#10186 = SURFACE_SIDE_STYLE('',(#10187));
#10187 = SURFACE_STYLE_FILL_AREA(#10188);
#10188 = FILL_AREA_STYLE('',(#10189));
#10189 = FILL_AREA_STYLE_COLOUR('',#9748);
#10190 = CURVE_STYLE('',#10191,POSITIVE_LENGTH_MEASURE(0.1),#9748);
#10191 = DRAUGHTING_PRE_DEFINED_CURVE_FONT('continuous');
#10192 = STYLED_ITEM('color',(#10193),#6494);
#10193 = PRESENTATION_STYLE_ASSIGNMENT((#10194,#10199));
#10194 = SURFACE_STYLE_USAGE(.BOTH.,#10195);
#10195 = SURFACE_SIDE_STYLE('',(#10196));
#10196 = SURFACE_STYLE_FILL_AREA(#10197);
#10197 = FILL_AREA_STYLE('',(#10198));
#10198 = FILL_AREA_STYLE_COLOUR('',#9662);
#10199 = CURVE_STYLE('',#10200,POSITIVE_LENGTH_MEASURE(0.1),#9662);
#10200 = DRAUGHTING_PRE_DEFINED_CURVE_FONT('continuous');
#10201 = STYLED_ITEM('color',(#10202),#6586);
#10202 = PRESENTATION_STYLE_ASSIGNMENT((#10203,#10208));
#10203 = SURFACE_STYLE_USAGE(.BOTH.,#10204);
#10204 = SURFACE_SIDE_STYLE('',(#10205));
#10205 = SURFACE_STYLE_FILL_AREA(#10206);
#10206 = FILL_AREA_STYLE('',(#10207));
#10207 = FILL_AREA_STYLE_COLOUR('',#9662);
#10208 = CURVE_STYLE('',#10209,POSITIVE_LENGTH_MEASURE(0.1),#9662);
#10209 = DRAUGHTING_PRE_DEFINED_CURVE_FONT('continuous');
#10210 = STYLED_ITEM('color',(#10211),#6611);
#10211 = PRESENTATION_STYLE_ASSIGNMENT((#10212,#10217));
#10212 = SURFACE_STYLE_USAGE(.BOTH.,#10213);
#10213 = SURFACE_SIDE_STYLE('',(#10214));
#10214 = SURFACE_STYLE_FILL_AREA(#10215);
#10215 = FILL_AREA_STYLE('',(#10216));
#10216 = FILL_AREA_STYLE_COLOUR('',#9662);
#10217 = CURVE_STYLE('',#10218,POSITIVE_LENGTH_MEASURE(0.1),#9662);
#10218 = DRAUGHTING_PRE_DEFINED_CURVE_FONT('continuous');
#10219 = STYLED_ITEM('color',(#10220),#6695);
#10220 = PRESENTATION_STYLE_ASSIGNMENT((#10221,#10226));
#10221 = SURFACE_STYLE_USAGE(.BOTH.,#10222);
#10222 = SURFACE_SIDE_STYLE('',(#10223));
#10223 = SURFACE_STYLE_FILL_AREA(#10224);
#10224 = FILL_AREA_STYLE('',(#10225));
#10225 = FILL_AREA_STYLE_COLOUR('',#9748);
#10226 = CURVE_STYLE('',#10227,POSITIVE_LENGTH_MEASURE(0.1),#9748);
#10227 = DRAUGHTING_PRE_DEFINED_CURVE_FONT('continuous');
#10228 = STYLED_ITEM('color',(#10229),#6712);
#10229 = PRESENTATION_STYLE_ASSIGNMENT((#10230,#10235));
#10230 = SURFACE_STYLE_USAGE(.BOTH.,#10231);
#10231 = SURFACE_SIDE_STYLE('',(#10232));
#10232 = SURFACE_STYLE_FILL_AREA(#10233);
#10233 = FILL_AREA_STYLE('',(#10234));
#10234 = FILL_AREA_STYLE_COLOUR('',#9662);
#10235 = CURVE_STYLE('',#10236,POSITIVE_LENGTH_MEASURE(0.1),#9662);
#10236 = DRAUGHTING_PRE_DEFINED_CURVE_FONT('continuous');
#10237 = STYLED_ITEM('color',(#10238),#6797);
#10238 = PRESENTATION_STYLE_ASSIGNMENT((#10239,#10244));
#10239 = SURFACE_STYLE_USAGE(.BOTH.,#10240);
#10240 = SURFACE_SIDE_STYLE('',(#10241));
#10241 = SURFACE_STYLE_FILL_AREA(#10242);
#10242 = FILL_AREA_STYLE('',(#10243));
#10243 = FILL_AREA_STYLE_COLOUR('',#9662);
#10244 = CURVE_STYLE('',#10245,POSITIVE_LENGTH_MEASURE(0.1),#9662);
#10245 = DRAUGHTING_PRE_DEFINED_CURVE_FONT('continuous');
#10246 = STYLED_ITEM('color',(#10247),#6822);
#10247 = PRESENTATION_STYLE_ASSIGNMENT((#10248,#10253));
#10248 = SURFACE_STYLE_USAGE(.BOTH.,#10249);
#10249 = SURFACE_SIDE_STYLE('',(#10250));
#10250 = SURFACE_STYLE_FILL_AREA(#10251);
#10251 = FILL_AREA_STYLE('',(#10252));
#10252 = FILL_AREA_STYLE_COLOUR('',#9662);
#10253 = CURVE_STYLE('',#10254,POSITIVE_LENGTH_MEASURE(0.1),#9662);
#10254 = DRAUGHTING_PRE_DEFINED_CURVE_FONT('continuous');
#10255 = STYLED_ITEM('color',(#10256),#6899);
#10256 = PRESENTATION_STYLE_ASSIGNMENT((#10257,#10262));
#10257 = SURFACE_STYLE_USAGE(.BOTH.,#10258);
#10258 = SURFACE_SIDE_STYLE('',(#10259));
#10259 = SURFACE_STYLE_FILL_AREA(#10260);
#10260 = FILL_AREA_STYLE('',(#10261));
#10261 = FILL_AREA_STYLE_COLOUR('',#9662);
#10262 = CURVE_STYLE('',#10263,POSITIVE_LENGTH_MEASURE(0.1),#9662);
#10263 = DRAUGHTING_PRE_DEFINED_CURVE_FONT('continuous');
#10264 = STYLED_ITEM('color',(#10265),#6984);
#10265 = PRESENTATION_STYLE_ASSIGNMENT((#10266,#10271));
#10266 = SURFACE_STYLE_USAGE(.BOTH.,#10267);
#10267 = SURFACE_SIDE_STYLE('',(#10268));
#10268 = SURFACE_STYLE_FILL_AREA(#10269);
#10269 = FILL_AREA_STYLE('',(#10270));
#10270 = FILL_AREA_STYLE_COLOUR('',#9662);
#10271 = CURVE_STYLE('',#10272,POSITIVE_LENGTH_MEASURE(0.1),#9662);
#10272 = DRAUGHTING_PRE_DEFINED_CURVE_FONT('continuous');
#10273 = STYLED_ITEM('color',(#10274),#7009);
#10274 = PRESENTATION_STYLE_ASSIGNMENT((#10275,#10280));
#10275 = SURFACE_STYLE_USAGE(.BOTH.,#10276);
#10276 = SURFACE_SIDE_STYLE('',(#10277));
#10277 = SURFACE_STYLE_FILL_AREA(#10278);
#10278 = FILL_AREA_STYLE('',(#10279));
#10279 = FILL_AREA_STYLE_COLOUR('',#9662);
#10280 = CURVE_STYLE('',#10281,POSITIVE_LENGTH_MEASURE(0.1),#9662);
#10281 = DRAUGHTING_PRE_DEFINED_CURVE_FONT('continuous');
#10282 = STYLED_ITEM('color',(#10283),#7086);
#10283 = PRESENTATION_STYLE_ASSIGNMENT((#10284,#10289));
#10284 = SURFACE_STYLE_USAGE(.BOTH.,#10285);
#10285 = SURFACE_SIDE_STYLE('',(#10286));
#10286 = SURFACE_STYLE_FILL_AREA(#10287);
#10287 = FILL_AREA_STYLE('',(#10288));
#10288 = FILL_AREA_STYLE_COLOUR('',#9748);
#10289 = CURVE_STYLE('',#10290,POSITIVE_LENGTH_MEASURE(0.1),#9748);
#10290 = DRAUGHTING_PRE_DEFINED_CURVE_FONT('continuous');
#10291 = STYLED_ITEM('color',(#10292),#7103);
#10292 = PRESENTATION_STYLE_ASSIGNMENT((#10293,#10298));
#10293 = SURFACE_STYLE_USAGE(.BOTH.,#10294);
#10294 = SURFACE_SIDE_STYLE('',(#10295));
#10295 = SURFACE_STYLE_FILL_AREA(#10296);
#10296 = FILL_AREA_STYLE('',(#10297));
#10297 = FILL_AREA_STYLE_COLOUR('',#9662);
#10298 = CURVE_STYLE('',#10299,POSITIVE_LENGTH_MEASURE(0.1),#9662);
#10299 = DRAUGHTING_PRE_DEFINED_CURVE_FONT('continuous');
#10300 = STYLED_ITEM('color',(#10301),#7195);
#10301 = PRESENTATION_STYLE_ASSIGNMENT((#10302,#10307));
#10302 = SURFACE_STYLE_USAGE(.BOTH.,#10303);
#10303 = SURFACE_SIDE_STYLE('',(#10304));
#10304 = SURFACE_STYLE_FILL_AREA(#10305);
#10305 = FILL_AREA_STYLE('',(#10306));
#10306 = FILL_AREA_STYLE_COLOUR('',#9662);
#10307 = CURVE_STYLE('',#10308,POSITIVE_LENGTH_MEASURE(0.1),#9662);
#10308 = DRAUGHTING_PRE_DEFINED_CURVE_FONT('continuous');
#10309 = STYLED_ITEM('color',(#10310),#7220);
#10310 = PRESENTATION_STYLE_ASSIGNMENT((#10311,#10316));
#10311 = SURFACE_STYLE_USAGE(.BOTH.,#10312);
#10312 = SURFACE_SIDE_STYLE('',(#10313));
#10313 = SURFACE_STYLE_FILL_AREA(#10314);
#10314 = FILL_AREA_STYLE('',(#10315));
#10315 = FILL_AREA_STYLE_COLOUR('',#9662);
#10316 = CURVE_STYLE('',#10317,POSITIVE_LENGTH_MEASURE(0.1),#9662);
#10317 = DRAUGHTING_PRE_DEFINED_CURVE_FONT('continuous');
#10318 = STYLED_ITEM('color',(#10319),#7304);
#10319 = PRESENTATION_STYLE_ASSIGNMENT((#10320,#10325));
#10320 = SURFACE_STYLE_USAGE(.BOTH.,#10321);
#10321 = SURFACE_SIDE_STYLE('',(#10322));
#10322 = SURFACE_STYLE_FILL_AREA(#10323);
#10323 = FILL_AREA_STYLE('',(#10324));
#10324 = FILL_AREA_STYLE_COLOUR('',#9748);
#10325 = CURVE_STYLE('',#10326,POSITIVE_LENGTH_MEASURE(0.1),#9748);
#10326 = DRAUGHTING_PRE_DEFINED_CURVE_FONT('continuous');
#10327 = STYLED_ITEM('color',(#10328),#7326);
#10328 = PRESENTATION_STYLE_ASSIGNMENT((#10329,#10334));
#10329 = SURFACE_STYLE_USAGE(.BOTH.,#10330);
#10330 = SURFACE_SIDE_STYLE('',(#10331));
#10331 = SURFACE_STYLE_FILL_AREA(#10332);
#10332 = FILL_AREA_STYLE('',(#10333));
#10333 = FILL_AREA_STYLE_COLOUR('',#9662);
#10334 = CURVE_STYLE('',#10335,POSITIVE_LENGTH_MEASURE(0.1),#9662);
#10335 = DRAUGHTING_PRE_DEFINED_CURVE_FONT('continuous');
#10336 = STYLED_ITEM('color',(#10337),#7418);
#10337 = PRESENTATION_STYLE_ASSIGNMENT((#10338,#10343));
#10338 = SURFACE_STYLE_USAGE(.BOTH.,#10339);
#10339 = SURFACE_SIDE_STYLE('',(#10340));
#10340 = SURFACE_STYLE_FILL_AREA(#10341);
#10341 = FILL_AREA_STYLE('',(#10342));
#10342 = FILL_AREA_STYLE_COLOUR('',#9662);
#10343 = CURVE_STYLE('',#10344,POSITIVE_LENGTH_MEASURE(0.1),#9662);
#10344 = DRAUGHTING_PRE_DEFINED_CURVE_FONT('continuous');
#10345 = STYLED_ITEM('color',(#10346),#7443);
#10346 = PRESENTATION_STYLE_ASSIGNMENT((#10347,#10352));
#10347 = SURFACE_STYLE_USAGE(.BOTH.,#10348);
#10348 = SURFACE_SIDE_STYLE('',(#10349));
#10349 = SURFACE_STYLE_FILL_AREA(#10350);
#10350 = FILL_AREA_STYLE('',(#10351));
#10351 = FILL_AREA_STYLE_COLOUR('',#9662);
#10352 = CURVE_STYLE('',#10353,POSITIVE_LENGTH_MEASURE(0.1),#9662);
#10353 = DRAUGHTING_PRE_DEFINED_CURVE_FONT('continuous');
#10354 = STYLED_ITEM('color',(#10355),#7527);
#10355 = PRESENTATION_STYLE_ASSIGNMENT((#10356,#10361));
#10356 = SURFACE_STYLE_USAGE(.BOTH.,#10357);
#10357 = SURFACE_SIDE_STYLE('',(#10358));
#10358 = SURFACE_STYLE_FILL_AREA(#10359);
#10359 = FILL_AREA_STYLE('',(#10360));
#10360 = FILL_AREA_STYLE_COLOUR('',#9748);
#10361 = CURVE_STYLE('',#10362,POSITIVE_LENGTH_MEASURE(0.1),#9748);
#10362 = DRAUGHTING_PRE_DEFINED_CURVE_FONT('continuous');
#10363 = STYLED_ITEM('color',(#10364),#7549);
#10364 = PRESENTATION_STYLE_ASSIGNMENT((#10365,#10370));
#10365 = SURFACE_STYLE_USAGE(.BOTH.,#10366);
#10366 = SURFACE_SIDE_STYLE('',(#10367));
#10367 = SURFACE_STYLE_FILL_AREA(#10368);
#10368 = FILL_AREA_STYLE('',(#10369));
#10369 = FILL_AREA_STYLE_COLOUR('',#9662);
#10370 = CURVE_STYLE('',#10371,POSITIVE_LENGTH_MEASURE(0.1),#9662);
#10371 = DRAUGHTING_PRE_DEFINED_CURVE_FONT('continuous');
#10372 = STYLED_ITEM('color',(#10373),#7641);
#10373 = PRESENTATION_STYLE_ASSIGNMENT((#10374,#10379));
#10374 = SURFACE_STYLE_USAGE(.BOTH.,#10375);
#10375 = SURFACE_SIDE_STYLE('',(#10376));
#10376 = SURFACE_STYLE_FILL_AREA(#10377);
#10377 = FILL_AREA_STYLE('',(#10378));
#10378 = FILL_AREA_STYLE_COLOUR('',#9662);
#10379 = CURVE_STYLE('',#10380,POSITIVE_LENGTH_MEASURE(0.1),#9662);
#10380 = DRAUGHTING_PRE_DEFINED_CURVE_FONT('continuous');
#10381 = STYLED_ITEM('color',(#10382),#7666);
#10382 = PRESENTATION_STYLE_ASSIGNMENT((#10383,#10388));
#10383 = SURFACE_STYLE_USAGE(.BOTH.,#10384);
#10384 = SURFACE_SIDE_STYLE('',(#10385));
#10385 = SURFACE_STYLE_FILL_AREA(#10386);
#10386 = FILL_AREA_STYLE('',(#10387));
#10387 = FILL_AREA_STYLE_COLOUR('',#9662);
#10388 = CURVE_STYLE('',#10389,POSITIVE_LENGTH_MEASURE(0.1),#9662);
#10389 = DRAUGHTING_PRE_DEFINED_CURVE_FONT('continuous');
#10390 = STYLED_ITEM('color',(#10391),#7750);
#10391 = PRESENTATION_STYLE_ASSIGNMENT((#10392,#10397));
#10392 = SURFACE_STYLE_USAGE(.BOTH.,#10393);
#10393 = SURFACE_SIDE_STYLE('',(#10394));
#10394 = SURFACE_STYLE_FILL_AREA(#10395);
#10395 = FILL_AREA_STYLE('',(#10396));
#10396 = FILL_AREA_STYLE_COLOUR('',#9662);
#10397 = CURVE_STYLE('',#10398,POSITIVE_LENGTH_MEASURE(0.1),#9662);
#10398 = DRAUGHTING_PRE_DEFINED_CURVE_FONT('continuous');
#10399 = STYLED_ITEM('color',(#10400),#7767);
#10400 = PRESENTATION_STYLE_ASSIGNMENT((#10401,#10406));
#10401 = SURFACE_STYLE_USAGE(.BOTH.,#10402);
#10402 = SURFACE_SIDE_STYLE('',(#10403));
#10403 = SURFACE_STYLE_FILL_AREA(#10404);
#10404 = FILL_AREA_STYLE('',(#10405));
#10405 = FILL_AREA_STYLE_COLOUR('',#9662);
#10406 = CURVE_STYLE('',#10407,POSITIVE_LENGTH_MEASURE(0.1),#9662);
#10407 = DRAUGHTING_PRE_DEFINED_CURVE_FONT('continuous');
#10408 = STYLED_ITEM('color',(#10409),#7786);
#10409 = PRESENTATION_STYLE_ASSIGNMENT((#10410,#10415));
#10410 = SURFACE_STYLE_USAGE(.BOTH.,#10411);
#10411 = SURFACE_SIDE_STYLE('',(#10412));
#10412 = SURFACE_STYLE_FILL_AREA(#10413);
#10413 = FILL_AREA_STYLE('',(#10414));
#10414 = FILL_AREA_STYLE_COLOUR('',#9662);
#10415 = CURVE_STYLE('',#10416,POSITIVE_LENGTH_MEASURE(0.1),#9662);
#10416 = DRAUGHTING_PRE_DEFINED_CURVE_FONT('continuous');
#10417 = STYLED_ITEM('color',(#10418),#7805);
#10418 = PRESENTATION_STYLE_ASSIGNMENT((#10419,#10424));
#10419 = SURFACE_STYLE_USAGE(.BOTH.,#10420);
#10420 = SURFACE_SIDE_STYLE('',(#10421));
#10421 = SURFACE_STYLE_FILL_AREA(#10422);
#10422 = FILL_AREA_STYLE('',(#10423));
#10423 = FILL_AREA_STYLE_COLOUR('',#9662);
#10424 = CURVE_STYLE('',#10425,POSITIVE_LENGTH_MEASURE(0.1),#9662);
#10425 = DRAUGHTING_PRE_DEFINED_CURVE_FONT('continuous');
#10426 = STYLED_ITEM('color',(#10427),#7824);
#10427 = PRESENTATION_STYLE_ASSIGNMENT((#10428,#10433));
#10428 = SURFACE_STYLE_USAGE(.BOTH.,#10429);
#10429 = SURFACE_SIDE_STYLE('',(#10430));
#10430 = SURFACE_STYLE_FILL_AREA(#10431);
#10431 = FILL_AREA_STYLE('',(#10432));
#10432 = FILL_AREA_STYLE_COLOUR('',#9748);
#10433 = CURVE_STYLE('',#10434,POSITIVE_LENGTH_MEASURE(0.1),#9748);
#10434 = DRAUGHTING_PRE_DEFINED_CURVE_FONT('continuous');
#10435 = STYLED_ITEM('color',(#10436),#7870);
#10436 = PRESENTATION_STYLE_ASSIGNMENT((#10437,#10442));
#10437 = SURFACE_STYLE_USAGE(.BOTH.,#10438);
#10438 = SURFACE_SIDE_STYLE('',(#10439));
#10439 = SURFACE_STYLE_FILL_AREA(#10440);
#10440 = FILL_AREA_STYLE('',(#10441));
#10441 = FILL_AREA_STYLE_COLOUR('',#9748);
#10442 = CURVE_STYLE('',#10443,POSITIVE_LENGTH_MEASURE(0.1),#9748);
#10443 = DRAUGHTING_PRE_DEFINED_CURVE_FONT('continuous');
#10444 = STYLED_ITEM('color',(#10445),#7886);
#10445 = PRESENTATION_STYLE_ASSIGNMENT((#10446,#10451));
#10446 = SURFACE_STYLE_USAGE(.BOTH.,#10447);
#10447 = SURFACE_SIDE_STYLE('',(#10448));
#10448 = SURFACE_STYLE_FILL_AREA(#10449);
#10449 = FILL_AREA_STYLE('',(#10450));
#10450 = FILL_AREA_STYLE_COLOUR('',#9662);
#10451 = CURVE_STYLE('',#10452,POSITIVE_LENGTH_MEASURE(0.1),#9662);
#10452 = DRAUGHTING_PRE_DEFINED_CURVE_FONT('continuous');
#10453 = STYLED_ITEM('color',(#10454),#7905);
#10454 = PRESENTATION_STYLE_ASSIGNMENT((#10455,#10460));
#10455 = SURFACE_STYLE_USAGE(.BOTH.,#10456);
#10456 = SURFACE_SIDE_STYLE('',(#10457));
#10457 = SURFACE_STYLE_FILL_AREA(#10458);
#10458 = FILL_AREA_STYLE('',(#10459));
#10459 = FILL_AREA_STYLE_COLOUR('',#9662);
#10460 = CURVE_STYLE('',#10461,POSITIVE_LENGTH_MEASURE(0.1),#9662);
#10461 = DRAUGHTING_PRE_DEFINED_CURVE_FONT('continuous');
#10462 = STYLED_ITEM('color',(#10463),#7924);
#10463 = PRESENTATION_STYLE_ASSIGNMENT((#10464,#10469));
#10464 = SURFACE_STYLE_USAGE(.BOTH.,#10465);
#10465 = SURFACE_SIDE_STYLE('',(#10466));
#10466 = SURFACE_STYLE_FILL_AREA(#10467);
#10467 = FILL_AREA_STYLE('',(#10468));
#10468 = FILL_AREA_STYLE_COLOUR('',#9662);
#10469 = CURVE_STYLE('',#10470,POSITIVE_LENGTH_MEASURE(0.1),#9662);
#10470 = DRAUGHTING_PRE_DEFINED_CURVE_FONT('continuous');
#10471 = STYLED_ITEM('color',(#10472),#7943);
#10472 = PRESENTATION_STYLE_ASSIGNMENT((#10473,#10478));
#10473 = SURFACE_STYLE_USAGE(.BOTH.,#10474);
#10474 = SURFACE_SIDE_STYLE('',(#10475));
#10475 = SURFACE_STYLE_FILL_AREA(#10476);
#10476 = FILL_AREA_STYLE('',(#10477));
#10477 = FILL_AREA_STYLE_COLOUR('',#9748);
#10478 = CURVE_STYLE('',#10479,POSITIVE_LENGTH_MEASURE(0.1),#9748);
#10479 = DRAUGHTING_PRE_DEFINED_CURVE_FONT('continuous');
#10480 = STYLED_ITEM('color',(#10481),#7959);
#10481 = PRESENTATION_STYLE_ASSIGNMENT((#10482,#10487));
#10482 = SURFACE_STYLE_USAGE(.BOTH.,#10483);
#10483 = SURFACE_SIDE_STYLE('',(#10484));
#10484 = SURFACE_STYLE_FILL_AREA(#10485);
#10485 = FILL_AREA_STYLE('',(#10486));
#10486 = FILL_AREA_STYLE_COLOUR('',#9662);
#10487 = CURVE_STYLE('',#10488,POSITIVE_LENGTH_MEASURE(0.1),#9662);
#10488 = DRAUGHTING_PRE_DEFINED_CURVE_FONT('continuous');
#10489 = STYLED_ITEM('color',(#10490),#7976);
#10490 = PRESENTATION_STYLE_ASSIGNMENT((#10491,#10496));
#10491 = SURFACE_STYLE_USAGE(.BOTH.,#10492);
#10492 = SURFACE_SIDE_STYLE('',(#10493));
#10493 = SURFACE_STYLE_FILL_AREA(#10494);
#10494 = FILL_AREA_STYLE('',(#10495));
#10495 = FILL_AREA_STYLE_COLOUR('',#9748);
#10496 = CURVE_STYLE('',#10497,POSITIVE_LENGTH_MEASURE(0.1),#9748);
#10497 = DRAUGHTING_PRE_DEFINED_CURVE_FONT('continuous');
#10498 = STYLED_ITEM('color',(#10499),#7988);
#10499 = PRESENTATION_STYLE_ASSIGNMENT((#10500,#10505));
#10500 = SURFACE_STYLE_USAGE(.BOTH.,#10501);
#10501 = SURFACE_SIDE_STYLE('',(#10502));
#10502 = SURFACE_STYLE_FILL_AREA(#10503);
#10503 = FILL_AREA_STYLE('',(#10504));
#10504 = FILL_AREA_STYLE_COLOUR('',#9662);
#10505 = CURVE_STYLE('',#10506,POSITIVE_LENGTH_MEASURE(0.1),#9662);
#10506 = DRAUGHTING_PRE_DEFINED_CURVE_FONT('continuous');
#10507 = STYLED_ITEM('color',(#10508),#8005);
#10508 = PRESENTATION_STYLE_ASSIGNMENT((#10509,#10514));
#10509 = SURFACE_STYLE_USAGE(.BOTH.,#10510);
#10510 = SURFACE_SIDE_STYLE('',(#10511));
#10511 = SURFACE_STYLE_FILL_AREA(#10512);
#10512 = FILL_AREA_STYLE('',(#10513));
#10513 = FILL_AREA_STYLE_COLOUR('',#9662);
#10514 = CURVE_STYLE('',#10515,POSITIVE_LENGTH_MEASURE(0.1),#9662);
#10515 = DRAUGHTING_PRE_DEFINED_CURVE_FONT('continuous');
#10516 = STYLED_ITEM('color',(#10517),#8022);
#10517 = PRESENTATION_STYLE_ASSIGNMENT((#10518,#10523));
#10518 = SURFACE_STYLE_USAGE(.BOTH.,#10519);
#10519 = SURFACE_SIDE_STYLE('',(#10520));
#10520 = SURFACE_STYLE_FILL_AREA(#10521);
#10521 = FILL_AREA_STYLE('',(#10522));
#10522 = FILL_AREA_STYLE_COLOUR('',#9662);
#10523 = CURVE_STYLE('',#10524,POSITIVE_LENGTH_MEASURE(0.1),#9662);
#10524 = DRAUGHTING_PRE_DEFINED_CURVE_FONT('continuous');
#10525 = STYLED_ITEM('color',(#10526),#8039);
#10526 = PRESENTATION_STYLE_ASSIGNMENT((#10527,#10532));
#10527 = SURFACE_STYLE_USAGE(.BOTH.,#10528);
#10528 = SURFACE_SIDE_STYLE('',(#10529));
#10529 = SURFACE_STYLE_FILL_AREA(#10530);
#10530 = FILL_AREA_STYLE('',(#10531));
#10531 = FILL_AREA_STYLE_COLOUR('',#9662);
#10532 = CURVE_STYLE('',#10533,POSITIVE_LENGTH_MEASURE(0.1),#9662);
#10533 = DRAUGHTING_PRE_DEFINED_CURVE_FONT('continuous');
#10534 = STYLED_ITEM('color',(#10535),#8056);
#10535 = PRESENTATION_STYLE_ASSIGNMENT((#10536,#10541));
#10536 = SURFACE_STYLE_USAGE(.BOTH.,#10537);
#10537 = SURFACE_SIDE_STYLE('',(#10538));
#10538 = SURFACE_STYLE_FILL_AREA(#10539);
#10539 = FILL_AREA_STYLE('',(#10540));
#10540 = FILL_AREA_STYLE_COLOUR('',#9662);
#10541 = CURVE_STYLE('',#10542,POSITIVE_LENGTH_MEASURE(0.1),#9662);
#10542 = DRAUGHTING_PRE_DEFINED_CURVE_FONT('continuous');
#10543 = STYLED_ITEM('color',(#10544),#8073);
#10544 = PRESENTATION_STYLE_ASSIGNMENT((#10545,#10550));
#10545 = SURFACE_STYLE_USAGE(.BOTH.,#10546);
#10546 = SURFACE_SIDE_STYLE('',(#10547));
#10547 = SURFACE_STYLE_FILL_AREA(#10548);
#10548 = FILL_AREA_STYLE('',(#10549));
#10549 = FILL_AREA_STYLE_COLOUR('',#9662);
#10550 = CURVE_STYLE('',#10551,POSITIVE_LENGTH_MEASURE(0.1),#9662);
#10551 = DRAUGHTING_PRE_DEFINED_CURVE_FONT('continuous');
#10552 = STYLED_ITEM('color',(#10553),#8090);
#10553 = PRESENTATION_STYLE_ASSIGNMENT((#10554,#10559));
#10554 = SURFACE_STYLE_USAGE(.BOTH.,#10555);
#10555 = SURFACE_SIDE_STYLE('',(#10556));
#10556 = SURFACE_STYLE_FILL_AREA(#10557);
#10557 = FILL_AREA_STYLE('',(#10558));
#10558 = FILL_AREA_STYLE_COLOUR('',#9662);
#10559 = CURVE_STYLE('',#10560,POSITIVE_LENGTH_MEASURE(0.1),#9662);
#10560 = DRAUGHTING_PRE_DEFINED_CURVE_FONT('continuous');
#10561 = STYLED_ITEM('color',(#10562),#8107);
#10562 = PRESENTATION_STYLE_ASSIGNMENT((#10563,#10568));
#10563 = SURFACE_STYLE_USAGE(.BOTH.,#10564);
#10564 = SURFACE_SIDE_STYLE('',(#10565));
#10565 = SURFACE_STYLE_FILL_AREA(#10566);
#10566 = FILL_AREA_STYLE('',(#10567));
#10567 = FILL_AREA_STYLE_COLOUR('',#9662);
#10568 = CURVE_STYLE('',#10569,POSITIVE_LENGTH_MEASURE(0.1),#9662);
#10569 = DRAUGHTING_PRE_DEFINED_CURVE_FONT('continuous');
#10570 = STYLED_ITEM('color',(#10571),#8119);
#10571 = PRESENTATION_STYLE_ASSIGNMENT((#10572,#10577));
#10572 = SURFACE_STYLE_USAGE(.BOTH.,#10573);
#10573 = SURFACE_SIDE_STYLE('',(#10574));
#10574 = SURFACE_STYLE_FILL_AREA(#10575);
#10575 = FILL_AREA_STYLE('',(#10576));
#10576 = FILL_AREA_STYLE_COLOUR('',#9662);
#10577 = CURVE_STYLE('',#10578,POSITIVE_LENGTH_MEASURE(0.1),#9662);
#10578 = DRAUGHTING_PRE_DEFINED_CURVE_FONT('continuous');
#10579 = STYLED_ITEM('color',(#10580),#8136);
#10580 = PRESENTATION_STYLE_ASSIGNMENT((#10581,#10586));
#10581 = SURFACE_STYLE_USAGE(.BOTH.,#10582);
#10582 = SURFACE_SIDE_STYLE('',(#10583));
#10583 = SURFACE_STYLE_FILL_AREA(#10584);
#10584 = FILL_AREA_STYLE('',(#10585));
#10585 = FILL_AREA_STYLE_COLOUR('',#9662);
#10586 = CURVE_STYLE('',#10587,POSITIVE_LENGTH_MEASURE(0.1),#9662);
#10587 = DRAUGHTING_PRE_DEFINED_CURVE_FONT('continuous');
#10588 = STYLED_ITEM('color',(#10589),#8153);
#10589 = PRESENTATION_STYLE_ASSIGNMENT((#10590,#10595));
#10590 = SURFACE_STYLE_USAGE(.BOTH.,#10591);
#10591 = SURFACE_SIDE_STYLE('',(#10592));
#10592 = SURFACE_STYLE_FILL_AREA(#10593);
#10593 = FILL_AREA_STYLE('',(#10594));
#10594 = FILL_AREA_STYLE_COLOUR('',#9662);
#10595 = CURVE_STYLE('',#10596,POSITIVE_LENGTH_MEASURE(0.1),#9662);
#10596 = DRAUGHTING_PRE_DEFINED_CURVE_FONT('continuous');
#10597 = STYLED_ITEM('color',(#10598),#8170);
#10598 = PRESENTATION_STYLE_ASSIGNMENT((#10599,#10604));
#10599 = SURFACE_STYLE_USAGE(.BOTH.,#10600);
#10600 = SURFACE_SIDE_STYLE('',(#10601));
#10601 = SURFACE_STYLE_FILL_AREA(#10602);
#10602 = FILL_AREA_STYLE('',(#10603));
#10603 = FILL_AREA_STYLE_COLOUR('',#9662);
#10604 = CURVE_STYLE('',#10605,POSITIVE_LENGTH_MEASURE(0.1),#9662);
#10605 = DRAUGHTING_PRE_DEFINED_CURVE_FONT('continuous');
#10606 = STYLED_ITEM('color',(#10607),#8187);
#10607 = PRESENTATION_STYLE_ASSIGNMENT((#10608,#10613));
#10608 = SURFACE_STYLE_USAGE(.BOTH.,#10609);
#10609 = SURFACE_SIDE_STYLE('',(#10610));
#10610 = SURFACE_STYLE_FILL_AREA(#10611);
#10611 = FILL_AREA_STYLE('',(#10612));
#10612 = FILL_AREA_STYLE_COLOUR('',#9662);
#10613 = CURVE_STYLE('',#10614,POSITIVE_LENGTH_MEASURE(0.1),#9662);
#10614 = DRAUGHTING_PRE_DEFINED_CURVE_FONT('continuous');
#10615 = STYLED_ITEM('color',(#10616),#8204);
#10616 = PRESENTATION_STYLE_ASSIGNMENT((#10617,#10622));
#10617 = SURFACE_STYLE_USAGE(.BOTH.,#10618);
#10618 = SURFACE_SIDE_STYLE('',(#10619));
#10619 = SURFACE_STYLE_FILL_AREA(#10620);
#10620 = FILL_AREA_STYLE('',(#10621));
#10621 = FILL_AREA_STYLE_COLOUR('',#9662);
#10622 = CURVE_STYLE('',#10623,POSITIVE_LENGTH_MEASURE(0.1),#9662);
#10623 = DRAUGHTING_PRE_DEFINED_CURVE_FONT('continuous');
#10624 = STYLED_ITEM('color',(#10625),#8221);
#10625 = PRESENTATION_STYLE_ASSIGNMENT((#10626,#10631));
#10626 = SURFACE_STYLE_USAGE(.BOTH.,#10627);
#10627 = SURFACE_SIDE_STYLE('',(#10628));
#10628 = SURFACE_STYLE_FILL_AREA(#10629);
#10629 = FILL_AREA_STYLE('',(#10630));
#10630 = FILL_AREA_STYLE_COLOUR('',#9662);
#10631 = CURVE_STYLE('',#10632,POSITIVE_LENGTH_MEASURE(0.1),#9662);
#10632 = DRAUGHTING_PRE_DEFINED_CURVE_FONT('continuous');
#10633 = STYLED_ITEM('color',(#10634),#8238);
#10634 = PRESENTATION_STYLE_ASSIGNMENT((#10635,#10640));
#10635 = SURFACE_STYLE_USAGE(.BOTH.,#10636);
#10636 = SURFACE_SIDE_STYLE('',(#10637));
#10637 = SURFACE_STYLE_FILL_AREA(#10638);
#10638 = FILL_AREA_STYLE('',(#10639));
#10639 = FILL_AREA_STYLE_COLOUR('',#9662);
#10640 = CURVE_STYLE('',#10641,POSITIVE_LENGTH_MEASURE(0.1),#9662);
#10641 = DRAUGHTING_PRE_DEFINED_CURVE_FONT('continuous');
#10642 = STYLED_ITEM('color',(#10643),#8250);
#10643 = PRESENTATION_STYLE_ASSIGNMENT((#10644,#10649));
#10644 = SURFACE_STYLE_USAGE(.BOTH.,#10645);
#10645 = SURFACE_SIDE_STYLE('',(#10646));
#10646 = SURFACE_STYLE_FILL_AREA(#10647);
#10647 = FILL_AREA_STYLE('',(#10648));
#10648 = FILL_AREA_STYLE_COLOUR('',#9662);
#10649 = CURVE_STYLE('',#10650,POSITIVE_LENGTH_MEASURE(0.1),#9662);
#10650 = DRAUGHTING_PRE_DEFINED_CURVE_FONT('continuous');
#10651 = STYLED_ITEM('color',(#10652),#8267);
#10652 = PRESENTATION_STYLE_ASSIGNMENT((#10653,#10658));
#10653 = SURFACE_STYLE_USAGE(.BOTH.,#10654);
#10654 = SURFACE_SIDE_STYLE('',(#10655));
#10655 = SURFACE_STYLE_FILL_AREA(#10656);
#10656 = FILL_AREA_STYLE('',(#10657));
#10657 = FILL_AREA_STYLE_COLOUR('',#9662);
#10658 = CURVE_STYLE('',#10659,POSITIVE_LENGTH_MEASURE(0.1),#9662);
#10659 = DRAUGHTING_PRE_DEFINED_CURVE_FONT('continuous');
#10660 = STYLED_ITEM('color',(#10661),#8284);
#10661 = PRESENTATION_STYLE_ASSIGNMENT((#10662,#10667));
#10662 = SURFACE_STYLE_USAGE(.BOTH.,#10663);
#10663 = SURFACE_SIDE_STYLE('',(#10664));
#10664 = SURFACE_STYLE_FILL_AREA(#10665);
#10665 = FILL_AREA_STYLE('',(#10666));
#10666 = FILL_AREA_STYLE_COLOUR('',#9662);
#10667 = CURVE_STYLE('',#10668,POSITIVE_LENGTH_MEASURE(0.1),#9662);
#10668 = DRAUGHTING_PRE_DEFINED_CURVE_FONT('continuous');
#10669 = STYLED_ITEM('color',(#10670),#8301);
#10670 = PRESENTATION_STYLE_ASSIGNMENT((#10671,#10676));
#10671 = SURFACE_STYLE_USAGE(.BOTH.,#10672);
#10672 = SURFACE_SIDE_STYLE('',(#10673));
#10673 = SURFACE_STYLE_FILL_AREA(#10674);
#10674 = FILL_AREA_STYLE('',(#10675));
#10675 = FILL_AREA_STYLE_COLOUR('',#9662);
#10676 = CURVE_STYLE('',#10677,POSITIVE_LENGTH_MEASURE(0.1),#9662);
#10677 = DRAUGHTING_PRE_DEFINED_CURVE_FONT('continuous');
#10678 = STYLED_ITEM('color',(#10679),#8318);
#10679 = PRESENTATION_STYLE_ASSIGNMENT((#10680,#10685));
#10680 = SURFACE_STYLE_USAGE(.BOTH.,#10681);
#10681 = SURFACE_SIDE_STYLE('',(#10682));
#10682 = SURFACE_STYLE_FILL_AREA(#10683);
#10683 = FILL_AREA_STYLE('',(#10684));
#10684 = FILL_AREA_STYLE_COLOUR('',#9662);
#10685 = CURVE_STYLE('',#10686,POSITIVE_LENGTH_MEASURE(0.1),#9662);
#10686 = DRAUGHTING_PRE_DEFINED_CURVE_FONT('continuous');
#10687 = STYLED_ITEM('color',(#10688),#8335);
#10688 = PRESENTATION_STYLE_ASSIGNMENT((#10689,#10694));
#10689 = SURFACE_STYLE_USAGE(.BOTH.,#10690);
#10690 = SURFACE_SIDE_STYLE('',(#10691));
#10691 = SURFACE_STYLE_FILL_AREA(#10692);
#10692 = FILL_AREA_STYLE('',(#10693));
#10693 = FILL_AREA_STYLE_COLOUR('',#9662);
#10694 = CURVE_STYLE('',#10695,POSITIVE_LENGTH_MEASURE(0.1),#9662);
#10695 = DRAUGHTING_PRE_DEFINED_CURVE_FONT('continuous');
#10696 = STYLED_ITEM('color',(#10697),#8352);
#10697 = PRESENTATION_STYLE_ASSIGNMENT((#10698,#10703));
#10698 = SURFACE_STYLE_USAGE(.BOTH.,#10699);
#10699 = SURFACE_SIDE_STYLE('',(#10700));
#10700 = SURFACE_STYLE_FILL_AREA(#10701);
#10701 = FILL_AREA_STYLE('',(#10702));
#10702 = FILL_AREA_STYLE_COLOUR('',#9662);
#10703 = CURVE_STYLE('',#10704,POSITIVE_LENGTH_MEASURE(0.1),#9662);
#10704 = DRAUGHTING_PRE_DEFINED_CURVE_FONT('continuous');
#10705 = STYLED_ITEM('color',(#10706),#8369);
#10706 = PRESENTATION_STYLE_ASSIGNMENT((#10707,#10712));
#10707 = SURFACE_STYLE_USAGE(.BOTH.,#10708);
#10708 = SURFACE_SIDE_STYLE('',(#10709));
#10709 = SURFACE_STYLE_FILL_AREA(#10710);
#10710 = FILL_AREA_STYLE('',(#10711));
#10711 = FILL_AREA_STYLE_COLOUR('',#9662);
#10712 = CURVE_STYLE('',#10713,POSITIVE_LENGTH_MEASURE(0.1),#9662);
#10713 = DRAUGHTING_PRE_DEFINED_CURVE_FONT('continuous');
#10714 = STYLED_ITEM('color',(#10715),#8381);
#10715 = PRESENTATION_STYLE_ASSIGNMENT((#10716,#10721));
#10716 = SURFACE_STYLE_USAGE(.BOTH.,#10717);
#10717 = SURFACE_SIDE_STYLE('',(#10718));
#10718 = SURFACE_STYLE_FILL_AREA(#10719);
#10719 = FILL_AREA_STYLE('',(#10720));
#10720 = FILL_AREA_STYLE_COLOUR('',#9662);
#10721 = CURVE_STYLE('',#10722,POSITIVE_LENGTH_MEASURE(0.1),#9662);
#10722 = DRAUGHTING_PRE_DEFINED_CURVE_FONT('continuous');
#10723 = STYLED_ITEM('color',(#10724),#8398);
#10724 = PRESENTATION_STYLE_ASSIGNMENT((#10725,#10730));
#10725 = SURFACE_STYLE_USAGE(.BOTH.,#10726);
#10726 = SURFACE_SIDE_STYLE('',(#10727));
#10727 = SURFACE_STYLE_FILL_AREA(#10728);
#10728 = FILL_AREA_STYLE('',(#10729));
#10729 = FILL_AREA_STYLE_COLOUR('',#9662);
#10730 = CURVE_STYLE('',#10731,POSITIVE_LENGTH_MEASURE(0.1),#9662);
#10731 = DRAUGHTING_PRE_DEFINED_CURVE_FONT('continuous');
#10732 = STYLED_ITEM('color',(#10733),#8415);
#10733 = PRESENTATION_STYLE_ASSIGNMENT((#10734,#10739));
#10734 = SURFACE_STYLE_USAGE(.BOTH.,#10735);
#10735 = SURFACE_SIDE_STYLE('',(#10736));
#10736 = SURFACE_STYLE_FILL_AREA(#10737);
#10737 = FILL_AREA_STYLE('',(#10738));
#10738 = FILL_AREA_STYLE_COLOUR('',#9662);
#10739 = CURVE_STYLE('',#10740,POSITIVE_LENGTH_MEASURE(0.1),#9662);
#10740 = DRAUGHTING_PRE_DEFINED_CURVE_FONT('continuous');
#10741 = STYLED_ITEM('color',(#10742),#8432);
#10742 = PRESENTATION_STYLE_ASSIGNMENT((#10743,#10748));
#10743 = SURFACE_STYLE_USAGE(.BOTH.,#10744);
#10744 = SURFACE_SIDE_STYLE('',(#10745));
#10745 = SURFACE_STYLE_FILL_AREA(#10746);
#10746 = FILL_AREA_STYLE('',(#10747));
#10747 = FILL_AREA_STYLE_COLOUR('',#9662);
#10748 = CURVE_STYLE('',#10749,POSITIVE_LENGTH_MEASURE(0.1),#9662);
#10749 = DRAUGHTING_PRE_DEFINED_CURVE_FONT('continuous');
#10750 = STYLED_ITEM('color',(#10751),#8449);
#10751 = PRESENTATION_STYLE_ASSIGNMENT((#10752,#10757));
#10752 = SURFACE_STYLE_USAGE(.BOTH.,#10753);
#10753 = SURFACE_SIDE_STYLE('',(#10754));
#10754 = SURFACE_STYLE_FILL_AREA(#10755);
#10755 = FILL_AREA_STYLE('',(#10756));
#10756 = FILL_AREA_STYLE_COLOUR('',#9662);
#10757 = CURVE_STYLE('',#10758,POSITIVE_LENGTH_MEASURE(0.1),#9662);
#10758 = DRAUGHTING_PRE_DEFINED_CURVE_FONT('continuous');
#10759 = STYLED_ITEM('color',(#10760),#8466);
#10760 = PRESENTATION_STYLE_ASSIGNMENT((#10761,#10766));
#10761 = SURFACE_STYLE_USAGE(.BOTH.,#10762);
#10762 = SURFACE_SIDE_STYLE('',(#10763));
#10763 = SURFACE_STYLE_FILL_AREA(#10764);
#10764 = FILL_AREA_STYLE('',(#10765));
#10765 = FILL_AREA_STYLE_COLOUR('',#9662);
#10766 = CURVE_STYLE('',#10767,POSITIVE_LENGTH_MEASURE(0.1),#9662);
#10767 = DRAUGHTING_PRE_DEFINED_CURVE_FONT('continuous');
#10768 = STYLED_ITEM('color',(#10769),#8483);
#10769 = PRESENTATION_STYLE_ASSIGNMENT((#10770,#10775));
#10770 = SURFACE_STYLE_USAGE(.BOTH.,#10771);
#10771 = SURFACE_SIDE_STYLE('',(#10772));
#10772 = SURFACE_STYLE_FILL_AREA(#10773);
#10773 = FILL_AREA_STYLE('',(#10774));
#10774 = FILL_AREA_STYLE_COLOUR('',#9662);
#10775 = CURVE_STYLE('',#10776,POSITIVE_LENGTH_MEASURE(0.1),#9662);
#10776 = DRAUGHTING_PRE_DEFINED_CURVE_FONT('continuous');
#10777 = STYLED_ITEM('color',(#10778),#8495);
#10778 = PRESENTATION_STYLE_ASSIGNMENT((#10779,#10784));
#10779 = SURFACE_STYLE_USAGE(.BOTH.,#10780);
#10780 = SURFACE_SIDE_STYLE('',(#10781));
#10781 = SURFACE_STYLE_FILL_AREA(#10782);
#10782 = FILL_AREA_STYLE('',(#10783));
#10783 = FILL_AREA_STYLE_COLOUR('',#9662);
#10784 = CURVE_STYLE('',#10785,POSITIVE_LENGTH_MEASURE(0.1),#9662);
#10785 = DRAUGHTING_PRE_DEFINED_CURVE_FONT('continuous');
#10786 = STYLED_ITEM('color',(#10787),#8512);
#10787 = PRESENTATION_STYLE_ASSIGNMENT((#10788,#10793));
#10788 = SURFACE_STYLE_USAGE(.BOTH.,#10789);
#10789 = SURFACE_SIDE_STYLE('',(#10790));
#10790 = SURFACE_STYLE_FILL_AREA(#10791);
#10791 = FILL_AREA_STYLE('',(#10792));
#10792 = FILL_AREA_STYLE_COLOUR('',#9662);
#10793 = CURVE_STYLE('',#10794,POSITIVE_LENGTH_MEASURE(0.1),#9662);
#10794 = DRAUGHTING_PRE_DEFINED_CURVE_FONT('continuous');
#10795 = STYLED_ITEM('color',(#10796),#8529);
#10796 = PRESENTATION_STYLE_ASSIGNMENT((#10797,#10802));
#10797 = SURFACE_STYLE_USAGE(.BOTH.,#10798);
#10798 = SURFACE_SIDE_STYLE('',(#10799));
#10799 = SURFACE_STYLE_FILL_AREA(#10800);
#10800 = FILL_AREA_STYLE('',(#10801));
#10801 = FILL_AREA_STYLE_COLOUR('',#9662);
#10802 = CURVE_STYLE('',#10803,POSITIVE_LENGTH_MEASURE(0.1),#9662);
#10803 = DRAUGHTING_PRE_DEFINED_CURVE_FONT('continuous');
#10804 = STYLED_ITEM('color',(#10805),#8546);
#10805 = PRESENTATION_STYLE_ASSIGNMENT((#10806,#10811));
#10806 = SURFACE_STYLE_USAGE(.BOTH.,#10807);
#10807 = SURFACE_SIDE_STYLE('',(#10808));
#10808 = SURFACE_STYLE_FILL_AREA(#10809);
#10809 = FILL_AREA_STYLE('',(#10810));
#10810 = FILL_AREA_STYLE_COLOUR('',#9662);
#10811 = CURVE_STYLE('',#10812,POSITIVE_LENGTH_MEASURE(0.1),#9662);
#10812 = DRAUGHTING_PRE_DEFINED_CURVE_FONT('continuous');
#10813 = STYLED_ITEM('color',(#10814),#8563);
#10814 = PRESENTATION_STYLE_ASSIGNMENT((#10815,#10820));
#10815 = SURFACE_STYLE_USAGE(.BOTH.,#10816);
#10816 = SURFACE_SIDE_STYLE('',(#10817));
#10817 = SURFACE_STYLE_FILL_AREA(#10818);
#10818 = FILL_AREA_STYLE('',(#10819));
#10819 = FILL_AREA_STYLE_COLOUR('',#9662);
#10820 = CURVE_STYLE('',#10821,POSITIVE_LENGTH_MEASURE(0.1),#9662);
#10821 = DRAUGHTING_PRE_DEFINED_CURVE_FONT('continuous');
#10822 = STYLED_ITEM('color',(#10823),#8580);
#10823 = PRESENTATION_STYLE_ASSIGNMENT((#10824,#10829));
#10824 = SURFACE_STYLE_USAGE(.BOTH.,#10825);
#10825 = SURFACE_SIDE_STYLE('',(#10826));
#10826 = SURFACE_STYLE_FILL_AREA(#10827);
#10827 = FILL_AREA_STYLE('',(#10828));
#10828 = FILL_AREA_STYLE_COLOUR('',#9662);
#10829 = CURVE_STYLE('',#10830,POSITIVE_LENGTH_MEASURE(0.1),#9662);
#10830 = DRAUGHTING_PRE_DEFINED_CURVE_FONT('continuous');
#10831 = STYLED_ITEM('color',(#10832),#8597);
#10832 = PRESENTATION_STYLE_ASSIGNMENT((#10833,#10838));
#10833 = SURFACE_STYLE_USAGE(.BOTH.,#10834);
#10834 = SURFACE_SIDE_STYLE('',(#10835));
#10835 = SURFACE_STYLE_FILL_AREA(#10836);
#10836 = FILL_AREA_STYLE('',(#10837));
#10837 = FILL_AREA_STYLE_COLOUR('',#9662);
#10838 = CURVE_STYLE('',#10839,POSITIVE_LENGTH_MEASURE(0.1),#9662);
#10839 = DRAUGHTING_PRE_DEFINED_CURVE_FONT('continuous');
#10840 = STYLED_ITEM('color',(#10841),#8609);
#10841 = PRESENTATION_STYLE_ASSIGNMENT((#10842,#10847));
#10842 = SURFACE_STYLE_USAGE(.BOTH.,#10843);
#10843 = SURFACE_SIDE_STYLE('',(#10844));
#10844 = SURFACE_STYLE_FILL_AREA(#10845);
#10845 = FILL_AREA_STYLE('',(#10846));
#10846 = FILL_AREA_STYLE_COLOUR('',#9662);
#10847 = CURVE_STYLE('',#10848,POSITIVE_LENGTH_MEASURE(0.1),#9662);
#10848 = DRAUGHTING_PRE_DEFINED_CURVE_FONT('continuous');
#10849 = STYLED_ITEM('color',(#10850),#8626);
#10850 = PRESENTATION_STYLE_ASSIGNMENT((#10851,#10856));
#10851 = SURFACE_STYLE_USAGE(.BOTH.,#10852);
#10852 = SURFACE_SIDE_STYLE('',(#10853));
#10853 = SURFACE_STYLE_FILL_AREA(#10854);
#10854 = FILL_AREA_STYLE('',(#10855));
#10855 = FILL_AREA_STYLE_COLOUR('',#9662);
#10856 = CURVE_STYLE('',#10857,POSITIVE_LENGTH_MEASURE(0.1),#9662);
#10857 = DRAUGHTING_PRE_DEFINED_CURVE_FONT('continuous');
#10858 = STYLED_ITEM('color',(#10859),#8643);
#10859 = PRESENTATION_STYLE_ASSIGNMENT((#10860,#10865));
#10860 = SURFACE_STYLE_USAGE(.BOTH.,#10861);
#10861 = SURFACE_SIDE_STYLE('',(#10862));
#10862 = SURFACE_STYLE_FILL_AREA(#10863);
#10863 = FILL_AREA_STYLE('',(#10864));
#10864 = FILL_AREA_STYLE_COLOUR('',#9662);
#10865 = CURVE_STYLE('',#10866,POSITIVE_LENGTH_MEASURE(0.1),#9662);
#10866 = DRAUGHTING_PRE_DEFINED_CURVE_FONT('continuous');
#10867 = STYLED_ITEM('color',(#10868),#8660);
#10868 = PRESENTATION_STYLE_ASSIGNMENT((#10869,#10874));
#10869 = SURFACE_STYLE_USAGE(.BOTH.,#10870);
#10870 = SURFACE_SIDE_STYLE('',(#10871));
#10871 = SURFACE_STYLE_FILL_AREA(#10872);
#10872 = FILL_AREA_STYLE('',(#10873));
#10873 = FILL_AREA_STYLE_COLOUR('',#9662);
#10874 = CURVE_STYLE('',#10875,POSITIVE_LENGTH_MEASURE(0.1),#9662);
#10875 = DRAUGHTING_PRE_DEFINED_CURVE_FONT('continuous');
#10876 = STYLED_ITEM('color',(#10877),#8677);
#10877 = PRESENTATION_STYLE_ASSIGNMENT((#10878,#10883));
#10878 = SURFACE_STYLE_USAGE(.BOTH.,#10879);
#10879 = SURFACE_SIDE_STYLE('',(#10880));
#10880 = SURFACE_STYLE_FILL_AREA(#10881);
#10881 = FILL_AREA_STYLE('',(#10882));
#10882 = FILL_AREA_STYLE_COLOUR('',#9662);
#10883 = CURVE_STYLE('',#10884,POSITIVE_LENGTH_MEASURE(0.1),#9662);
#10884 = DRAUGHTING_PRE_DEFINED_CURVE_FONT('continuous');
#10885 = STYLED_ITEM('color',(#10886),#8694);
#10886 = PRESENTATION_STYLE_ASSIGNMENT((#10887,#10892));
#10887 = SURFACE_STYLE_USAGE(.BOTH.,#10888);
#10888 = SURFACE_SIDE_STYLE('',(#10889));
#10889 = SURFACE_STYLE_FILL_AREA(#10890);
#10890 = FILL_AREA_STYLE('',(#10891));
#10891 = FILL_AREA_STYLE_COLOUR('',#9662);
#10892 = CURVE_STYLE('',#10893,POSITIVE_LENGTH_MEASURE(0.1),#9662);
#10893 = DRAUGHTING_PRE_DEFINED_CURVE_FONT('continuous');
#10894 = STYLED_ITEM('color',(#10895),#8711);
#10895 = PRESENTATION_STYLE_ASSIGNMENT((#10896,#10901));
#10896 = SURFACE_STYLE_USAGE(.BOTH.,#10897);
#10897 = SURFACE_SIDE_STYLE('',(#10898));
#10898 = SURFACE_STYLE_FILL_AREA(#10899);
#10899 = FILL_AREA_STYLE('',(#10900));
#10900 = FILL_AREA_STYLE_COLOUR('',#9662);
#10901 = CURVE_STYLE('',#10902,POSITIVE_LENGTH_MEASURE(0.1),#9662);
#10902 = DRAUGHTING_PRE_DEFINED_CURVE_FONT('continuous');
#10903 = STYLED_ITEM('color',(#10904),#8728);
#10904 = PRESENTATION_STYLE_ASSIGNMENT((#10905,#10910));
#10905 = SURFACE_STYLE_USAGE(.BOTH.,#10906);
#10906 = SURFACE_SIDE_STYLE('',(#10907));
#10907 = SURFACE_STYLE_FILL_AREA(#10908);
#10908 = FILL_AREA_STYLE('',(#10909));
#10909 = FILL_AREA_STYLE_COLOUR('',#9662);
#10910 = CURVE_STYLE('',#10911,POSITIVE_LENGTH_MEASURE(0.1),#9662);
#10911 = DRAUGHTING_PRE_DEFINED_CURVE_FONT('continuous');
#10912 = STYLED_ITEM('color',(#10913),#8740);
#10913 = PRESENTATION_STYLE_ASSIGNMENT((#10914,#10919));
#10914 = SURFACE_STYLE_USAGE(.BOTH.,#10915);
#10915 = SURFACE_SIDE_STYLE('',(#10916));
#10916 = SURFACE_STYLE_FILL_AREA(#10917);
#10917 = FILL_AREA_STYLE('',(#10918));
#10918 = FILL_AREA_STYLE_COLOUR('',#9662);
#10919 = CURVE_STYLE('',#10920,POSITIVE_LENGTH_MEASURE(0.1),#9662);
#10920 = DRAUGHTING_PRE_DEFINED_CURVE_FONT('continuous');
#10921 = STYLED_ITEM('color',(#10922),#8757);
#10922 = PRESENTATION_STYLE_ASSIGNMENT((#10923,#10928));
#10923 = SURFACE_STYLE_USAGE(.BOTH.,#10924);
#10924 = SURFACE_SIDE_STYLE('',(#10925));
#10925 = SURFACE_STYLE_FILL_AREA(#10926);
#10926 = FILL_AREA_STYLE('',(#10927));
#10927 = FILL_AREA_STYLE_COLOUR('',#9662);
#10928 = CURVE_STYLE('',#10929,POSITIVE_LENGTH_MEASURE(0.1),#9662);
#10929 = DRAUGHTING_PRE_DEFINED_CURVE_FONT('continuous');
#10930 = STYLED_ITEM('color',(#10931),#8774);
#10931 = PRESENTATION_STYLE_ASSIGNMENT((#10932,#10937));
#10932 = SURFACE_STYLE_USAGE(.BOTH.,#10933);
#10933 = SURFACE_SIDE_STYLE('',(#10934));
#10934 = SURFACE_STYLE_FILL_AREA(#10935);
#10935 = FILL_AREA_STYLE('',(#10936));
#10936 = FILL_AREA_STYLE_COLOUR('',#9662);
#10937 = CURVE_STYLE('',#10938,POSITIVE_LENGTH_MEASURE(0.1),#9662);
#10938 = DRAUGHTING_PRE_DEFINED_CURVE_FONT('continuous');
#10939 = STYLED_ITEM('color',(#10940),#8791);
#10940 = PRESENTATION_STYLE_ASSIGNMENT((#10941,#10946));
#10941 = SURFACE_STYLE_USAGE(.BOTH.,#10942);
#10942 = SURFACE_SIDE_STYLE('',(#10943));
#10943 = SURFACE_STYLE_FILL_AREA(#10944);
#10944 = FILL_AREA_STYLE('',(#10945));
#10945 = FILL_AREA_STYLE_COLOUR('',#9662);
#10946 = CURVE_STYLE('',#10947,POSITIVE_LENGTH_MEASURE(0.1),#9662);
#10947 = DRAUGHTING_PRE_DEFINED_CURVE_FONT('continuous');
#10948 = STYLED_ITEM('color',(#10949),#8808);
#10949 = PRESENTATION_STYLE_ASSIGNMENT((#10950,#10955));
#10950 = SURFACE_STYLE_USAGE(.BOTH.,#10951);
#10951 = SURFACE_SIDE_STYLE('',(#10952));
#10952 = SURFACE_STYLE_FILL_AREA(#10953);
#10953 = FILL_AREA_STYLE('',(#10954));
#10954 = FILL_AREA_STYLE_COLOUR('',#9662);
#10955 = CURVE_STYLE('',#10956,POSITIVE_LENGTH_MEASURE(0.1),#9662);
#10956 = DRAUGHTING_PRE_DEFINED_CURVE_FONT('continuous');
#10957 = STYLED_ITEM('color',(#10958),#8825);
#10958 = PRESENTATION_STYLE_ASSIGNMENT((#10959,#10964));
#10959 = SURFACE_STYLE_USAGE(.BOTH.,#10960);
#10960 = SURFACE_SIDE_STYLE('',(#10961));
#10961 = SURFACE_STYLE_FILL_AREA(#10962);
#10962 = FILL_AREA_STYLE('',(#10963));
#10963 = FILL_AREA_STYLE_COLOUR('',#9662);
#10964 = CURVE_STYLE('',#10965,POSITIVE_LENGTH_MEASURE(0.1),#9662);
#10965 = DRAUGHTING_PRE_DEFINED_CURVE_FONT('continuous');
#10966 = STYLED_ITEM('color',(#10967),#8842);
#10967 = PRESENTATION_STYLE_ASSIGNMENT((#10968,#10973));
#10968 = SURFACE_STYLE_USAGE(.BOTH.,#10969);
#10969 = SURFACE_SIDE_STYLE('',(#10970));
#10970 = SURFACE_STYLE_FILL_AREA(#10971);
#10971 = FILL_AREA_STYLE('',(#10972));
#10972 = FILL_AREA_STYLE_COLOUR('',#9662);
#10973 = CURVE_STYLE('',#10974,POSITIVE_LENGTH_MEASURE(0.1),#9662);
#10974 = DRAUGHTING_PRE_DEFINED_CURVE_FONT('continuous');
#10975 = STYLED_ITEM('color',(#10976),#8859);
#10976 = PRESENTATION_STYLE_ASSIGNMENT((#10977,#10982));
#10977 = SURFACE_STYLE_USAGE(.BOTH.,#10978);
#10978 = SURFACE_SIDE_STYLE('',(#10979));
#10979 = SURFACE_STYLE_FILL_AREA(#10980);
#10980 = FILL_AREA_STYLE('',(#10981));
#10981 = FILL_AREA_STYLE_COLOUR('',#9662);
#10982 = CURVE_STYLE('',#10983,POSITIVE_LENGTH_MEASURE(0.1),#9662);
#10983 = DRAUGHTING_PRE_DEFINED_CURVE_FONT('continuous');
#10984 = STYLED_ITEM('color',(#10985),#8871);
#10985 = PRESENTATION_STYLE_ASSIGNMENT((#10986,#10991));
#10986 = SURFACE_STYLE_USAGE(.BOTH.,#10987);
#10987 = SURFACE_SIDE_STYLE('',(#10988));
#10988 = SURFACE_STYLE_FILL_AREA(#10989);
#10989 = FILL_AREA_STYLE('',(#10990));
#10990 = FILL_AREA_STYLE_COLOUR('',#9662);
#10991 = CURVE_STYLE('',#10992,POSITIVE_LENGTH_MEASURE(0.1),#9662);
#10992 = DRAUGHTING_PRE_DEFINED_CURVE_FONT('continuous');
#10993 = STYLED_ITEM('color',(#10994),#8888);
#10994 = PRESENTATION_STYLE_ASSIGNMENT((#10995,#11000));
#10995 = SURFACE_STYLE_USAGE(.BOTH.,#10996);
#10996 = SURFACE_SIDE_STYLE('',(#10997));
#10997 = SURFACE_STYLE_FILL_AREA(#10998);
#10998 = FILL_AREA_STYLE('',(#10999));
#10999 = FILL_AREA_STYLE_COLOUR('',#9662);
#11000 = CURVE_STYLE('',#11001,POSITIVE_LENGTH_MEASURE(0.1),#9662);
#11001 = DRAUGHTING_PRE_DEFINED_CURVE_FONT('continuous');
#11002 = STYLED_ITEM('color',(#11003),#8905);
#11003 = PRESENTATION_STYLE_ASSIGNMENT((#11004,#11009));
#11004 = SURFACE_STYLE_USAGE(.BOTH.,#11005);
#11005 = SURFACE_SIDE_STYLE('',(#11006));
#11006 = SURFACE_STYLE_FILL_AREA(#11007);
#11007 = FILL_AREA_STYLE('',(#11008));
#11008 = FILL_AREA_STYLE_COLOUR('',#9662);
#11009 = CURVE_STYLE('',#11010,POSITIVE_LENGTH_MEASURE(0.1),#9662);
#11010 = DRAUGHTING_PRE_DEFINED_CURVE_FONT('continuous');
#11011 = STYLED_ITEM('color',(#11012),#8922);
#11012 = PRESENTATION_STYLE_ASSIGNMENT((#11013,#11018));
#11013 = SURFACE_STYLE_USAGE(.BOTH.,#11014);
#11014 = SURFACE_SIDE_STYLE('',(#11015));
#11015 = SURFACE_STYLE_FILL_AREA(#11016);
#11016 = FILL_AREA_STYLE('',(#11017));
#11017 = FILL_AREA_STYLE_COLOUR('',#9662);
#11018 = CURVE_STYLE('',#11019,POSITIVE_LENGTH_MEASURE(0.1),#9662);
#11019 = DRAUGHTING_PRE_DEFINED_CURVE_FONT('continuous');
#11020 = STYLED_ITEM('color',(#11021),#8939);
#11021 = PRESENTATION_STYLE_ASSIGNMENT((#11022,#11027));
#11022 = SURFACE_STYLE_USAGE(.BOTH.,#11023);
#11023 = SURFACE_SIDE_STYLE('',(#11024));
#11024 = SURFACE_STYLE_FILL_AREA(#11025);
#11025 = FILL_AREA_STYLE('',(#11026));
#11026 = FILL_AREA_STYLE_COLOUR('',#9662);
#11027 = CURVE_STYLE('',#11028,POSITIVE_LENGTH_MEASURE(0.1),#9662);
#11028 = DRAUGHTING_PRE_DEFINED_CURVE_FONT('continuous');
#11029 = STYLED_ITEM('color',(#11030),#8956);
#11030 = PRESENTATION_STYLE_ASSIGNMENT((#11031,#11036));
#11031 = SURFACE_STYLE_USAGE(.BOTH.,#11032);
#11032 = SURFACE_SIDE_STYLE('',(#11033));
#11033 = SURFACE_STYLE_FILL_AREA(#11034);
#11034 = FILL_AREA_STYLE('',(#11035));
#11035 = FILL_AREA_STYLE_COLOUR('',#9662);
#11036 = CURVE_STYLE('',#11037,POSITIVE_LENGTH_MEASURE(0.1),#9662);
#11037 = DRAUGHTING_PRE_DEFINED_CURVE_FONT('continuous');
#11038 = STYLED_ITEM('color',(#11039),#8973);
#11039 = PRESENTATION_STYLE_ASSIGNMENT((#11040,#11045));
#11040 = SURFACE_STYLE_USAGE(.BOTH.,#11041);
#11041 = SURFACE_SIDE_STYLE('',(#11042));
#11042 = SURFACE_STYLE_FILL_AREA(#11043);
#11043 = FILL_AREA_STYLE('',(#11044));
#11044 = FILL_AREA_STYLE_COLOUR('',#9662);
#11045 = CURVE_STYLE('',#11046,POSITIVE_LENGTH_MEASURE(0.1),#9662);
#11046 = DRAUGHTING_PRE_DEFINED_CURVE_FONT('continuous');
#11047 = STYLED_ITEM('color',(#11048),#8990);
#11048 = PRESENTATION_STYLE_ASSIGNMENT((#11049,#11054));
#11049 = SURFACE_STYLE_USAGE(.BOTH.,#11050);
#11050 = SURFACE_SIDE_STYLE('',(#11051));
#11051 = SURFACE_STYLE_FILL_AREA(#11052);
#11052 = FILL_AREA_STYLE('',(#11053));
#11053 = FILL_AREA_STYLE_COLOUR('',#9662);
#11054 = CURVE_STYLE('',#11055,POSITIVE_LENGTH_MEASURE(0.1),#9662);
#11055 = DRAUGHTING_PRE_DEFINED_CURVE_FONT('continuous');
#11056 = STYLED_ITEM('color',(#11057),#9002);
#11057 = PRESENTATION_STYLE_ASSIGNMENT((#11058,#11064));
#11058 = SURFACE_STYLE_USAGE(.BOTH.,#11059);
#11059 = SURFACE_SIDE_STYLE('',(#11060));
#11060 = SURFACE_STYLE_FILL_AREA(#11061);
#11061 = FILL_AREA_STYLE('',(#11062));
#11062 = FILL_AREA_STYLE_COLOUR('',#11063);
#11063 = COLOUR_RGB('',0.690999998585,0.664000007176,0.597999987832);
#11064 = CURVE_STYLE('',#11065,POSITIVE_LENGTH_MEASURE(0.1),#11063);
#11065 = DRAUGHTING_PRE_DEFINED_CURVE_FONT('continuous');
#11066 = MECHANICAL_DESIGN_GEOMETRIC_PRESENTATION_REPRESENTATION('',(
    #11067,#11075,#11082,#11089,#11096,#11103,#11110,#11117,#11124,
    #11131,#11138,#11145,#11152,#11159,#11166,#11173),#4065);
#11067 = STYLED_ITEM('color',(#11068),#3642);
#11068 = PRESENTATION_STYLE_ASSIGNMENT((#11069));
#11069 = SURFACE_STYLE_USAGE(.BOTH.,#11070);
#11070 = SURFACE_SIDE_STYLE('',(#11071));
#11071 = SURFACE_STYLE_FILL_AREA(#11072);
#11072 = FILL_AREA_STYLE('',(#11073));
#11073 = FILL_AREA_STYLE_COLOUR('',#11074);
#11074 = COLOUR_RGB('',0.894999966383,0.890999961016,0.813000030345);
#11075 = STYLED_ITEM('color',(#11076),#3669);
#11076 = PRESENTATION_STYLE_ASSIGNMENT((#11077));
#11077 = SURFACE_STYLE_USAGE(.BOTH.,#11078);
#11078 = SURFACE_SIDE_STYLE('',(#11079));
#11079 = SURFACE_STYLE_FILL_AREA(#11080);
#11080 = FILL_AREA_STYLE('',(#11081));
#11081 = FILL_AREA_STYLE_COLOUR('',#11074);
#11082 = STYLED_ITEM('color',(#11083),#3694);
#11083 = PRESENTATION_STYLE_ASSIGNMENT((#11084));
#11084 = SURFACE_STYLE_USAGE(.BOTH.,#11085);
#11085 = SURFACE_SIDE_STYLE('',(#11086));
#11086 = SURFACE_STYLE_FILL_AREA(#11087);
#11087 = FILL_AREA_STYLE('',(#11088));
#11088 = FILL_AREA_STYLE_COLOUR('',#11074);
#11089 = STYLED_ITEM('color',(#11090),#3722);
#11090 = PRESENTATION_STYLE_ASSIGNMENT((#11091));
#11091 = SURFACE_STYLE_USAGE(.BOTH.,#11092);
#11092 = SURFACE_SIDE_STYLE('',(#11093));
#11093 = SURFACE_STYLE_FILL_AREA(#11094);
#11094 = FILL_AREA_STYLE('',(#11095));
#11095 = FILL_AREA_STYLE_COLOUR('',#11074);
#11096 = STYLED_ITEM('color',(#11097),#3754);
#11097 = PRESENTATION_STYLE_ASSIGNMENT((#11098));
#11098 = SURFACE_STYLE_USAGE(.BOTH.,#11099);
#11099 = SURFACE_SIDE_STYLE('',(#11100));
#11100 = SURFACE_STYLE_FILL_AREA(#11101);
#11101 = FILL_AREA_STYLE('',(#11102));
#11102 = FILL_AREA_STYLE_COLOUR('',#11074);
#11103 = STYLED_ITEM('color',(#11104),#3771);
#11104 = PRESENTATION_STYLE_ASSIGNMENT((#11105));
#11105 = SURFACE_STYLE_USAGE(.BOTH.,#11106);
#11106 = SURFACE_SIDE_STYLE('',(#11107));
#11107 = SURFACE_STYLE_FILL_AREA(#11108);
#11108 = FILL_AREA_STYLE('',(#11109));
#11109 = FILL_AREA_STYLE_COLOUR('',#11074);
#11110 = STYLED_ITEM('color',(#11111),#3849);
#11111 = PRESENTATION_STYLE_ASSIGNMENT((#11112));
#11112 = SURFACE_STYLE_USAGE(.BOTH.,#11113);
#11113 = SURFACE_SIDE_STYLE('',(#11114));
#11114 = SURFACE_STYLE_FILL_AREA(#11115);
#11115 = FILL_AREA_STYLE('',(#11116));
#11116 = FILL_AREA_STYLE_COLOUR('',#9662);
#11117 = STYLED_ITEM('color',(#11118),#3880);
#11118 = PRESENTATION_STYLE_ASSIGNMENT((#11119));
#11119 = SURFACE_STYLE_USAGE(.BOTH.,#11120);
#11120 = SURFACE_SIDE_STYLE('',(#11121));
#11121 = SURFACE_STYLE_FILL_AREA(#11122);
#11122 = FILL_AREA_STYLE('',(#11123));
#11123 = FILL_AREA_STYLE_COLOUR('',#9662);
#11124 = STYLED_ITEM('color',(#11125),#3904);
#11125 = PRESENTATION_STYLE_ASSIGNMENT((#11126));
#11126 = SURFACE_STYLE_USAGE(.BOTH.,#11127);
#11127 = SURFACE_SIDE_STYLE('',(#11128));
#11128 = SURFACE_STYLE_FILL_AREA(#11129);
#11129 = FILL_AREA_STYLE('',(#11130));
#11130 = FILL_AREA_STYLE_COLOUR('',#9662);
#11131 = STYLED_ITEM('color',(#11132),#3928);
#11132 = PRESENTATION_STYLE_ASSIGNMENT((#11133));
#11133 = SURFACE_STYLE_USAGE(.BOTH.,#11134);
#11134 = SURFACE_SIDE_STYLE('',(#11135));
#11135 = SURFACE_STYLE_FILL_AREA(#11136);
#11136 = FILL_AREA_STYLE('',(#11137));
#11137 = FILL_AREA_STYLE_COLOUR('',#9662);
#11138 = STYLED_ITEM('color',(#11139),#3945);
#11139 = PRESENTATION_STYLE_ASSIGNMENT((#11140));
#11140 = SURFACE_STYLE_USAGE(.BOTH.,#11141);
#11141 = SURFACE_SIDE_STYLE('',(#11142));
#11142 = SURFACE_STYLE_FILL_AREA(#11143);
#11143 = FILL_AREA_STYLE('',(#11144));
#11144 = FILL_AREA_STYLE_COLOUR('',#9662);
#11145 = STYLED_ITEM('color',(#11146),#3976);
#11146 = PRESENTATION_STYLE_ASSIGNMENT((#11147));
#11147 = SURFACE_STYLE_USAGE(.BOTH.,#11148);
#11148 = SURFACE_SIDE_STYLE('',(#11149));
#11149 = SURFACE_STYLE_FILL_AREA(#11150);
#11150 = FILL_AREA_STYLE('',(#11151));
#11151 = FILL_AREA_STYLE_COLOUR('',#9662);
#11152 = STYLED_ITEM('color',(#11153),#4000);
#11153 = PRESENTATION_STYLE_ASSIGNMENT((#11154));
#11154 = SURFACE_STYLE_USAGE(.BOTH.,#11155);
#11155 = SURFACE_SIDE_STYLE('',(#11156));
#11156 = SURFACE_STYLE_FILL_AREA(#11157);
#11157 = FILL_AREA_STYLE('',(#11158));
#11158 = FILL_AREA_STYLE_COLOUR('',#9662);
#11159 = STYLED_ITEM('color',(#11160),#4024);
#11160 = PRESENTATION_STYLE_ASSIGNMENT((#11161));
#11161 = SURFACE_STYLE_USAGE(.BOTH.,#11162);
#11162 = SURFACE_SIDE_STYLE('',(#11163));
#11163 = SURFACE_STYLE_FILL_AREA(#11164);
#11164 = FILL_AREA_STYLE('',(#11165));
#11165 = FILL_AREA_STYLE_COLOUR('',#9662);
#11166 = STYLED_ITEM('color',(#11167),#4041);
#11167 = PRESENTATION_STYLE_ASSIGNMENT((#11168));
#11168 = SURFACE_STYLE_USAGE(.BOTH.,#11169);
#11169 = SURFACE_SIDE_STYLE('',(#11170));
#11170 = SURFACE_STYLE_FILL_AREA(#11171);
#11171 = FILL_AREA_STYLE('',(#11172));
#11172 = FILL_AREA_STYLE_COLOUR('',#9662);
#11173 = STYLED_ITEM('color',(#11174),#4053);
#11174 = PRESENTATION_STYLE_ASSIGNMENT((#11175));
#11175 = SURFACE_STYLE_USAGE(.BOTH.,#11176);
#11176 = SURFACE_SIDE_STYLE('',(#11177));
#11177 = SURFACE_STYLE_FILL_AREA(#11178);
#11178 = FILL_AREA_STYLE('',(#11179));
#11179 = FILL_AREA_STYLE_COLOUR('',#9662);
#11180 = MECHANICAL_DESIGN_GEOMETRIC_PRESENTATION_REPRESENTATION('',(
    #11181,#11192,#11199,#11206,#11213,#11220,#11227,#11234,#11241,
    #11248,#11255,#11262,#11269,#11276,#11283,#11292,#11299,#11306,
    #11313,#11320,#11327,#11334,#11341,#11348,#11355,#11362,#11369,
    #11376,#11383,#11392,#11399,#11406,#11413,#11420,#11427,#11434,
    #11441,#11448,#11455,#11462,#11469,#11476,#11483,#11492,#11499,
    #11506,#11513,#11520,#11527,#11534,#11541,#11548,#11555,#11562,
    #11569,#11576,#11583,#11592,#11600,#11607,#11614,#11621,#11630,
    #11637,#11644,#11651,#11658,#11665,#11672,#11679,#11686,#11693,
    #11700,#11707,#11714,#11721,#11728,#11735,#11742,#11749,#11756,
    #11763,#11770,#11777,#11784,#11793,#11800,#11807,#11814,#11821,
    #11828,#11835,#11842,#11849,#11856,#11863,#11870,#11877,#11884,
    #11891,#11898,#11905,#11912,#11919,#11926,#11933,#11940,#11947,
    #11954,#11961,#11968,#11975,#11982,#11991,#11998,#12005,#12012,
    #12019,#12028,#12035,#12042,#12049,#12056,#12065,#12072,#12079,
    #12086,#12093,#12102,#12109,#12116,#12123),#3598);
#11181 = STYLED_ITEM('color',(#11182),#76);
#11182 = PRESENTATION_STYLE_ASSIGNMENT((#11183,#11189));
#11183 = SURFACE_STYLE_USAGE(.BOTH.,#11184);
#11184 = SURFACE_SIDE_STYLE('',(#11185));
#11185 = SURFACE_STYLE_FILL_AREA(#11186);
#11186 = FILL_AREA_STYLE('',(#11187));
#11187 = FILL_AREA_STYLE_COLOUR('',#11188);
#11188 = COLOUR_RGB('',0.800000010877,0.800000010877,0.800000010877);
#11189 = CURVE_STYLE('',#11190,POSITIVE_LENGTH_MEASURE(0.1),#11191);
#11190 = DRAUGHTING_PRE_DEFINED_CURVE_FONT('continuous');
#11191 = COLOUR_RGB('',9.803921802644E-02,9.803921802644E-02,
  9.803921802644E-02);
#11192 = OVER_RIDING_STYLED_ITEM('overriding color',(#11193),#78,#11181
  );
#11193 = PRESENTATION_STYLE_ASSIGNMENT((#11194));
#11194 = SURFACE_STYLE_USAGE(.BOTH.,#11195);
#11195 = SURFACE_SIDE_STYLE('',(#11196));
#11196 = SURFACE_STYLE_FILL_AREA(#11197);
#11197 = FILL_AREA_STYLE('',(#11198));
#11198 = FILL_AREA_STYLE_COLOUR('',#9662);
#11199 = OVER_RIDING_STYLED_ITEM('overriding color',(#11200),#120,#11181
  );
#11200 = PRESENTATION_STYLE_ASSIGNMENT((#11201));
#11201 = SURFACE_STYLE_USAGE(.BOTH.,#11202);
#11202 = SURFACE_SIDE_STYLE('',(#11203));
#11203 = SURFACE_STYLE_FILL_AREA(#11204);
#11204 = FILL_AREA_STYLE('',(#11205));
#11205 = FILL_AREA_STYLE_COLOUR('',#9662);
#11206 = OVER_RIDING_STYLED_ITEM('overriding color',(#11207),#151,#11181
  );
#11207 = PRESENTATION_STYLE_ASSIGNMENT((#11208));
#11208 = SURFACE_STYLE_USAGE(.BOTH.,#11209);
#11209 = SURFACE_SIDE_STYLE('',(#11210));
#11210 = SURFACE_STYLE_FILL_AREA(#11211);
#11211 = FILL_AREA_STYLE('',(#11212));
#11212 = FILL_AREA_STYLE_COLOUR('',#9662);
#11213 = OVER_RIDING_STYLED_ITEM('overriding color',(#11214),#184,#11181
  );
#11214 = PRESENTATION_STYLE_ASSIGNMENT((#11215));
#11215 = SURFACE_STYLE_USAGE(.BOTH.,#11216);
#11216 = SURFACE_SIDE_STYLE('',(#11217));
#11217 = SURFACE_STYLE_FILL_AREA(#11218);
#11218 = FILL_AREA_STYLE('',(#11219));
#11219 = FILL_AREA_STYLE_COLOUR('',#9662);
#11220 = OVER_RIDING_STYLED_ITEM('overriding color',(#11221),#215,#11181
  );
#11221 = PRESENTATION_STYLE_ASSIGNMENT((#11222));
#11222 = SURFACE_STYLE_USAGE(.BOTH.,#11223);
#11223 = SURFACE_SIDE_STYLE('',(#11224));
#11224 = SURFACE_STYLE_FILL_AREA(#11225);
#11225 = FILL_AREA_STYLE('',(#11226));
#11226 = FILL_AREA_STYLE_COLOUR('',#9662);
#11227 = OVER_RIDING_STYLED_ITEM('overriding color',(#11228),#246,#11181
  );
#11228 = PRESENTATION_STYLE_ASSIGNMENT((#11229));
#11229 = SURFACE_STYLE_USAGE(.BOTH.,#11230);
#11230 = SURFACE_SIDE_STYLE('',(#11231));
#11231 = SURFACE_STYLE_FILL_AREA(#11232);
#11232 = FILL_AREA_STYLE('',(#11233));
#11233 = FILL_AREA_STYLE_COLOUR('',#9662);
#11234 = OVER_RIDING_STYLED_ITEM('overriding color',(#11235),#277,#11181
  );
#11235 = PRESENTATION_STYLE_ASSIGNMENT((#11236));
#11236 = SURFACE_STYLE_USAGE(.BOTH.,#11237);
#11237 = SURFACE_SIDE_STYLE('',(#11238));
#11238 = SURFACE_STYLE_FILL_AREA(#11239);
#11239 = FILL_AREA_STYLE('',(#11240));
#11240 = FILL_AREA_STYLE_COLOUR('',#9662);
#11241 = OVER_RIDING_STYLED_ITEM('overriding color',(#11242),#308,#11181
  );
#11242 = PRESENTATION_STYLE_ASSIGNMENT((#11243));
#11243 = SURFACE_STYLE_USAGE(.BOTH.,#11244);
#11244 = SURFACE_SIDE_STYLE('',(#11245));
#11245 = SURFACE_STYLE_FILL_AREA(#11246);
#11246 = FILL_AREA_STYLE('',(#11247));
#11247 = FILL_AREA_STYLE_COLOUR('',#9662);
#11248 = OVER_RIDING_STYLED_ITEM('overriding color',(#11249),#341,#11181
  );
#11249 = PRESENTATION_STYLE_ASSIGNMENT((#11250));
#11250 = SURFACE_STYLE_USAGE(.BOTH.,#11251);
#11251 = SURFACE_SIDE_STYLE('',(#11252));
#11252 = SURFACE_STYLE_FILL_AREA(#11253);
#11253 = FILL_AREA_STYLE('',(#11254));
#11254 = FILL_AREA_STYLE_COLOUR('',#9662);
#11255 = OVER_RIDING_STYLED_ITEM('overriding color',(#11256),#372,#11181
  );
#11256 = PRESENTATION_STYLE_ASSIGNMENT((#11257));
#11257 = SURFACE_STYLE_USAGE(.BOTH.,#11258);
#11258 = SURFACE_SIDE_STYLE('',(#11259));
#11259 = SURFACE_STYLE_FILL_AREA(#11260);
#11260 = FILL_AREA_STYLE('',(#11261));
#11261 = FILL_AREA_STYLE_COLOUR('',#9662);
#11262 = OVER_RIDING_STYLED_ITEM('overriding color',(#11263),#405,#11181
  );
#11263 = PRESENTATION_STYLE_ASSIGNMENT((#11264));
#11264 = SURFACE_STYLE_USAGE(.BOTH.,#11265);
#11265 = SURFACE_SIDE_STYLE('',(#11266));
#11266 = SURFACE_STYLE_FILL_AREA(#11267);
#11267 = FILL_AREA_STYLE('',(#11268));
#11268 = FILL_AREA_STYLE_COLOUR('',#9662);
#11269 = OVER_RIDING_STYLED_ITEM('overriding color',(#11270),#427,#11181
  );
#11270 = PRESENTATION_STYLE_ASSIGNMENT((#11271));
#11271 = SURFACE_STYLE_USAGE(.BOTH.,#11272);
#11272 = SURFACE_SIDE_STYLE('',(#11273));
#11273 = SURFACE_STYLE_FILL_AREA(#11274);
#11274 = FILL_AREA_STYLE('',(#11275));
#11275 = FILL_AREA_STYLE_COLOUR('',#9662);
#11276 = OVER_RIDING_STYLED_ITEM('overriding color',(#11277),#446,#11181
  );
#11277 = PRESENTATION_STYLE_ASSIGNMENT((#11278));
#11278 = SURFACE_STYLE_USAGE(.BOTH.,#11279);
#11279 = SURFACE_SIDE_STYLE('',(#11280));
#11280 = SURFACE_STYLE_FILL_AREA(#11281);
#11281 = FILL_AREA_STYLE('',(#11282));
#11282 = FILL_AREA_STYLE_COLOUR('',#9662);
#11283 = STYLED_ITEM('color',(#11284),#465);
#11284 = PRESENTATION_STYLE_ASSIGNMENT((#11285,#11290));
#11285 = SURFACE_STYLE_USAGE(.BOTH.,#11286);
#11286 = SURFACE_SIDE_STYLE('',(#11287));
#11287 = SURFACE_STYLE_FILL_AREA(#11288);
#11288 = FILL_AREA_STYLE('',(#11289));
#11289 = FILL_AREA_STYLE_COLOUR('',#11188);
#11290 = CURVE_STYLE('',#11291,POSITIVE_LENGTH_MEASURE(0.1),#11191);
#11291 = DRAUGHTING_PRE_DEFINED_CURVE_FONT('continuous');
#11292 = OVER_RIDING_STYLED_ITEM('overriding color',(#11293),#467,#11283
  );
#11293 = PRESENTATION_STYLE_ASSIGNMENT((#11294));
#11294 = SURFACE_STYLE_USAGE(.BOTH.,#11295);
#11295 = SURFACE_SIDE_STYLE('',(#11296));
#11296 = SURFACE_STYLE_FILL_AREA(#11297);
#11297 = FILL_AREA_STYLE('',(#11298));
#11298 = FILL_AREA_STYLE_COLOUR('',#9662);
#11299 = OVER_RIDING_STYLED_ITEM('overriding color',(#11300),#509,#11283
  );
#11300 = PRESENTATION_STYLE_ASSIGNMENT((#11301));
#11301 = SURFACE_STYLE_USAGE(.BOTH.,#11302);
#11302 = SURFACE_SIDE_STYLE('',(#11303));
#11303 = SURFACE_STYLE_FILL_AREA(#11304);
#11304 = FILL_AREA_STYLE('',(#11305));
#11305 = FILL_AREA_STYLE_COLOUR('',#9662);
#11306 = OVER_RIDING_STYLED_ITEM('overriding color',(#11307),#540,#11283
  );
#11307 = PRESENTATION_STYLE_ASSIGNMENT((#11308));
#11308 = SURFACE_STYLE_USAGE(.BOTH.,#11309);
#11309 = SURFACE_SIDE_STYLE('',(#11310));
#11310 = SURFACE_STYLE_FILL_AREA(#11311);
#11311 = FILL_AREA_STYLE('',(#11312));
#11312 = FILL_AREA_STYLE_COLOUR('',#9662);
#11313 = OVER_RIDING_STYLED_ITEM('overriding color',(#11314),#573,#11283
  );
#11314 = PRESENTATION_STYLE_ASSIGNMENT((#11315));
#11315 = SURFACE_STYLE_USAGE(.BOTH.,#11316);
#11316 = SURFACE_SIDE_STYLE('',(#11317));
#11317 = SURFACE_STYLE_FILL_AREA(#11318);
#11318 = FILL_AREA_STYLE('',(#11319));
#11319 = FILL_AREA_STYLE_COLOUR('',#9662);
#11320 = OVER_RIDING_STYLED_ITEM('overriding color',(#11321),#604,#11283
  );
#11321 = PRESENTATION_STYLE_ASSIGNMENT((#11322));
#11322 = SURFACE_STYLE_USAGE(.BOTH.,#11323);
#11323 = SURFACE_SIDE_STYLE('',(#11324));
#11324 = SURFACE_STYLE_FILL_AREA(#11325);
#11325 = FILL_AREA_STYLE('',(#11326));
#11326 = FILL_AREA_STYLE_COLOUR('',#9662);
#11327 = OVER_RIDING_STYLED_ITEM('overriding color',(#11328),#635,#11283
  );
#11328 = PRESENTATION_STYLE_ASSIGNMENT((#11329));
#11329 = SURFACE_STYLE_USAGE(.BOTH.,#11330);
#11330 = SURFACE_SIDE_STYLE('',(#11331));
#11331 = SURFACE_STYLE_FILL_AREA(#11332);
#11332 = FILL_AREA_STYLE('',(#11333));
#11333 = FILL_AREA_STYLE_COLOUR('',#9662);
#11334 = OVER_RIDING_STYLED_ITEM('overriding color',(#11335),#666,#11283
  );
#11335 = PRESENTATION_STYLE_ASSIGNMENT((#11336));
#11336 = SURFACE_STYLE_USAGE(.BOTH.,#11337);
#11337 = SURFACE_SIDE_STYLE('',(#11338));
#11338 = SURFACE_STYLE_FILL_AREA(#11339);
#11339 = FILL_AREA_STYLE('',(#11340));
#11340 = FILL_AREA_STYLE_COLOUR('',#9662);
#11341 = OVER_RIDING_STYLED_ITEM('overriding color',(#11342),#697,#11283
  );
#11342 = PRESENTATION_STYLE_ASSIGNMENT((#11343));
#11343 = SURFACE_STYLE_USAGE(.BOTH.,#11344);
#11344 = SURFACE_SIDE_STYLE('',(#11345));
#11345 = SURFACE_STYLE_FILL_AREA(#11346);
#11346 = FILL_AREA_STYLE('',(#11347));
#11347 = FILL_AREA_STYLE_COLOUR('',#9662);
#11348 = OVER_RIDING_STYLED_ITEM('overriding color',(#11349),#730,#11283
  );
#11349 = PRESENTATION_STYLE_ASSIGNMENT((#11350));
#11350 = SURFACE_STYLE_USAGE(.BOTH.,#11351);
#11351 = SURFACE_SIDE_STYLE('',(#11352));
#11352 = SURFACE_STYLE_FILL_AREA(#11353);
#11353 = FILL_AREA_STYLE('',(#11354));
#11354 = FILL_AREA_STYLE_COLOUR('',#9662);
#11355 = OVER_RIDING_STYLED_ITEM('overriding color',(#11356),#761,#11283
  );
#11356 = PRESENTATION_STYLE_ASSIGNMENT((#11357));
#11357 = SURFACE_STYLE_USAGE(.BOTH.,#11358);
#11358 = SURFACE_SIDE_STYLE('',(#11359));
#11359 = SURFACE_STYLE_FILL_AREA(#11360);
#11360 = FILL_AREA_STYLE('',(#11361));
#11361 = FILL_AREA_STYLE_COLOUR('',#9662);
#11362 = OVER_RIDING_STYLED_ITEM('overriding color',(#11363),#794,#11283
  );
#11363 = PRESENTATION_STYLE_ASSIGNMENT((#11364));
#11364 = SURFACE_STYLE_USAGE(.BOTH.,#11365);
#11365 = SURFACE_SIDE_STYLE('',(#11366));
#11366 = SURFACE_STYLE_FILL_AREA(#11367);
#11367 = FILL_AREA_STYLE('',(#11368));
#11368 = FILL_AREA_STYLE_COLOUR('',#9662);
#11369 = OVER_RIDING_STYLED_ITEM('overriding color',(#11370),#816,#11283
  );
#11370 = PRESENTATION_STYLE_ASSIGNMENT((#11371));
#11371 = SURFACE_STYLE_USAGE(.BOTH.,#11372);
#11372 = SURFACE_SIDE_STYLE('',(#11373));
#11373 = SURFACE_STYLE_FILL_AREA(#11374);
#11374 = FILL_AREA_STYLE('',(#11375));
#11375 = FILL_AREA_STYLE_COLOUR('',#9662);
#11376 = OVER_RIDING_STYLED_ITEM('overriding color',(#11377),#835,#11283
  );
#11377 = PRESENTATION_STYLE_ASSIGNMENT((#11378));
#11378 = SURFACE_STYLE_USAGE(.BOTH.,#11379);
#11379 = SURFACE_SIDE_STYLE('',(#11380));
#11380 = SURFACE_STYLE_FILL_AREA(#11381);
#11381 = FILL_AREA_STYLE('',(#11382));
#11382 = FILL_AREA_STYLE_COLOUR('',#9662);
#11383 = STYLED_ITEM('color',(#11384),#854);
#11384 = PRESENTATION_STYLE_ASSIGNMENT((#11385,#11390));
#11385 = SURFACE_STYLE_USAGE(.BOTH.,#11386);
#11386 = SURFACE_SIDE_STYLE('',(#11387));
#11387 = SURFACE_STYLE_FILL_AREA(#11388);
#11388 = FILL_AREA_STYLE('',(#11389));
#11389 = FILL_AREA_STYLE_COLOUR('',#11188);
#11390 = CURVE_STYLE('',#11391,POSITIVE_LENGTH_MEASURE(0.1),#11191);
#11391 = DRAUGHTING_PRE_DEFINED_CURVE_FONT('continuous');
#11392 = OVER_RIDING_STYLED_ITEM('overriding color',(#11393),#856,#11383
  );
#11393 = PRESENTATION_STYLE_ASSIGNMENT((#11394));
#11394 = SURFACE_STYLE_USAGE(.BOTH.,#11395);
#11395 = SURFACE_SIDE_STYLE('',(#11396));
#11396 = SURFACE_STYLE_FILL_AREA(#11397);
#11397 = FILL_AREA_STYLE('',(#11398));
#11398 = FILL_AREA_STYLE_COLOUR('',#9662);
#11399 = OVER_RIDING_STYLED_ITEM('overriding color',(#11400),#898,#11383
  );
#11400 = PRESENTATION_STYLE_ASSIGNMENT((#11401));
#11401 = SURFACE_STYLE_USAGE(.BOTH.,#11402);
#11402 = SURFACE_SIDE_STYLE('',(#11403));
#11403 = SURFACE_STYLE_FILL_AREA(#11404);
#11404 = FILL_AREA_STYLE('',(#11405));
#11405 = FILL_AREA_STYLE_COLOUR('',#9662);
#11406 = OVER_RIDING_STYLED_ITEM('overriding color',(#11407),#929,#11383
  );
#11407 = PRESENTATION_STYLE_ASSIGNMENT((#11408));
#11408 = SURFACE_STYLE_USAGE(.BOTH.,#11409);
#11409 = SURFACE_SIDE_STYLE('',(#11410));
#11410 = SURFACE_STYLE_FILL_AREA(#11411);
#11411 = FILL_AREA_STYLE('',(#11412));
#11412 = FILL_AREA_STYLE_COLOUR('',#9662);
#11413 = OVER_RIDING_STYLED_ITEM('overriding color',(#11414),#962,#11383
  );
#11414 = PRESENTATION_STYLE_ASSIGNMENT((#11415));
#11415 = SURFACE_STYLE_USAGE(.BOTH.,#11416);
#11416 = SURFACE_SIDE_STYLE('',(#11417));
#11417 = SURFACE_STYLE_FILL_AREA(#11418);
#11418 = FILL_AREA_STYLE('',(#11419));
#11419 = FILL_AREA_STYLE_COLOUR('',#9662);
#11420 = OVER_RIDING_STYLED_ITEM('overriding color',(#11421),#993,#11383
  );
#11421 = PRESENTATION_STYLE_ASSIGNMENT((#11422));
#11422 = SURFACE_STYLE_USAGE(.BOTH.,#11423);
#11423 = SURFACE_SIDE_STYLE('',(#11424));
#11424 = SURFACE_STYLE_FILL_AREA(#11425);
#11425 = FILL_AREA_STYLE('',(#11426));
#11426 = FILL_AREA_STYLE_COLOUR('',#9662);
#11427 = OVER_RIDING_STYLED_ITEM('overriding color',(#11428),#1024,
  #11383);
#11428 = PRESENTATION_STYLE_ASSIGNMENT((#11429));
#11429 = SURFACE_STYLE_USAGE(.BOTH.,#11430);
#11430 = SURFACE_SIDE_STYLE('',(#11431));
#11431 = SURFACE_STYLE_FILL_AREA(#11432);
#11432 = FILL_AREA_STYLE('',(#11433));
#11433 = FILL_AREA_STYLE_COLOUR('',#9662);
#11434 = OVER_RIDING_STYLED_ITEM('overriding color',(#11435),#1055,
  #11383);
#11435 = PRESENTATION_STYLE_ASSIGNMENT((#11436));
#11436 = SURFACE_STYLE_USAGE(.BOTH.,#11437);
#11437 = SURFACE_SIDE_STYLE('',(#11438));
#11438 = SURFACE_STYLE_FILL_AREA(#11439);
#11439 = FILL_AREA_STYLE('',(#11440));
#11440 = FILL_AREA_STYLE_COLOUR('',#9662);
#11441 = OVER_RIDING_STYLED_ITEM('overriding color',(#11442),#1086,
  #11383);
#11442 = PRESENTATION_STYLE_ASSIGNMENT((#11443));
#11443 = SURFACE_STYLE_USAGE(.BOTH.,#11444);
#11444 = SURFACE_SIDE_STYLE('',(#11445));
#11445 = SURFACE_STYLE_FILL_AREA(#11446);
#11446 = FILL_AREA_STYLE('',(#11447));
#11447 = FILL_AREA_STYLE_COLOUR('',#9662);
#11448 = OVER_RIDING_STYLED_ITEM('overriding color',(#11449),#1119,
  #11383);
#11449 = PRESENTATION_STYLE_ASSIGNMENT((#11450));
#11450 = SURFACE_STYLE_USAGE(.BOTH.,#11451);
#11451 = SURFACE_SIDE_STYLE('',(#11452));
#11452 = SURFACE_STYLE_FILL_AREA(#11453);
#11453 = FILL_AREA_STYLE('',(#11454));
#11454 = FILL_AREA_STYLE_COLOUR('',#9662);
#11455 = OVER_RIDING_STYLED_ITEM('overriding color',(#11456),#1150,
  #11383);
#11456 = PRESENTATION_STYLE_ASSIGNMENT((#11457));
#11457 = SURFACE_STYLE_USAGE(.BOTH.,#11458);
#11458 = SURFACE_SIDE_STYLE('',(#11459));
#11459 = SURFACE_STYLE_FILL_AREA(#11460);
#11460 = FILL_AREA_STYLE('',(#11461));
#11461 = FILL_AREA_STYLE_COLOUR('',#9662);
#11462 = OVER_RIDING_STYLED_ITEM('overriding color',(#11463),#1183,
  #11383);
#11463 = PRESENTATION_STYLE_ASSIGNMENT((#11464));
#11464 = SURFACE_STYLE_USAGE(.BOTH.,#11465);
#11465 = SURFACE_SIDE_STYLE('',(#11466));
#11466 = SURFACE_STYLE_FILL_AREA(#11467);
#11467 = FILL_AREA_STYLE('',(#11468));
#11468 = FILL_AREA_STYLE_COLOUR('',#9662);
#11469 = OVER_RIDING_STYLED_ITEM('overriding color',(#11470),#1205,
  #11383);
#11470 = PRESENTATION_STYLE_ASSIGNMENT((#11471));
#11471 = SURFACE_STYLE_USAGE(.BOTH.,#11472);
#11472 = SURFACE_SIDE_STYLE('',(#11473));
#11473 = SURFACE_STYLE_FILL_AREA(#11474);
#11474 = FILL_AREA_STYLE('',(#11475));
#11475 = FILL_AREA_STYLE_COLOUR('',#9662);
#11476 = OVER_RIDING_STYLED_ITEM('overriding color',(#11477),#1224,
  #11383);
#11477 = PRESENTATION_STYLE_ASSIGNMENT((#11478));
#11478 = SURFACE_STYLE_USAGE(.BOTH.,#11479);
#11479 = SURFACE_SIDE_STYLE('',(#11480));
#11480 = SURFACE_STYLE_FILL_AREA(#11481);
#11481 = FILL_AREA_STYLE('',(#11482));
#11482 = FILL_AREA_STYLE_COLOUR('',#9662);
#11483 = STYLED_ITEM('color',(#11484),#1243);
#11484 = PRESENTATION_STYLE_ASSIGNMENT((#11485,#11490));
#11485 = SURFACE_STYLE_USAGE(.BOTH.,#11486);
#11486 = SURFACE_SIDE_STYLE('',(#11487));
#11487 = SURFACE_STYLE_FILL_AREA(#11488);
#11488 = FILL_AREA_STYLE('',(#11489));
#11489 = FILL_AREA_STYLE_COLOUR('',#11188);
#11490 = CURVE_STYLE('',#11491,POSITIVE_LENGTH_MEASURE(0.1),#11191);
#11491 = DRAUGHTING_PRE_DEFINED_CURVE_FONT('continuous');
#11492 = OVER_RIDING_STYLED_ITEM('overriding color',(#11493),#1245,
  #11483);
#11493 = PRESENTATION_STYLE_ASSIGNMENT((#11494));
#11494 = SURFACE_STYLE_USAGE(.BOTH.,#11495);
#11495 = SURFACE_SIDE_STYLE('',(#11496));
#11496 = SURFACE_STYLE_FILL_AREA(#11497);
#11497 = FILL_AREA_STYLE('',(#11498));
#11498 = FILL_AREA_STYLE_COLOUR('',#9662);
#11499 = OVER_RIDING_STYLED_ITEM('overriding color',(#11500),#1287,
  #11483);
#11500 = PRESENTATION_STYLE_ASSIGNMENT((#11501));
#11501 = SURFACE_STYLE_USAGE(.BOTH.,#11502);
#11502 = SURFACE_SIDE_STYLE('',(#11503));
#11503 = SURFACE_STYLE_FILL_AREA(#11504);
#11504 = FILL_AREA_STYLE('',(#11505));
#11505 = FILL_AREA_STYLE_COLOUR('',#9662);
#11506 = OVER_RIDING_STYLED_ITEM('overriding color',(#11507),#1318,
  #11483);
#11507 = PRESENTATION_STYLE_ASSIGNMENT((#11508));
#11508 = SURFACE_STYLE_USAGE(.BOTH.,#11509);
#11509 = SURFACE_SIDE_STYLE('',(#11510));
#11510 = SURFACE_STYLE_FILL_AREA(#11511);
#11511 = FILL_AREA_STYLE('',(#11512));
#11512 = FILL_AREA_STYLE_COLOUR('',#9662);
#11513 = OVER_RIDING_STYLED_ITEM('overriding color',(#11514),#1351,
  #11483);
#11514 = PRESENTATION_STYLE_ASSIGNMENT((#11515));
#11515 = SURFACE_STYLE_USAGE(.BOTH.,#11516);
#11516 = SURFACE_SIDE_STYLE('',(#11517));
#11517 = SURFACE_STYLE_FILL_AREA(#11518);
#11518 = FILL_AREA_STYLE('',(#11519));
#11519 = FILL_AREA_STYLE_COLOUR('',#9662);
#11520 = OVER_RIDING_STYLED_ITEM('overriding color',(#11521),#1382,
  #11483);
#11521 = PRESENTATION_STYLE_ASSIGNMENT((#11522));
#11522 = SURFACE_STYLE_USAGE(.BOTH.,#11523);
#11523 = SURFACE_SIDE_STYLE('',(#11524));
#11524 = SURFACE_STYLE_FILL_AREA(#11525);
#11525 = FILL_AREA_STYLE('',(#11526));
#11526 = FILL_AREA_STYLE_COLOUR('',#9662);
#11527 = OVER_RIDING_STYLED_ITEM('overriding color',(#11528),#1413,
  #11483);
#11528 = PRESENTATION_STYLE_ASSIGNMENT((#11529));
#11529 = SURFACE_STYLE_USAGE(.BOTH.,#11530);
#11530 = SURFACE_SIDE_STYLE('',(#11531));
#11531 = SURFACE_STYLE_FILL_AREA(#11532);
#11532 = FILL_AREA_STYLE('',(#11533));
#11533 = FILL_AREA_STYLE_COLOUR('',#9662);
#11534 = OVER_RIDING_STYLED_ITEM('overriding color',(#11535),#1444,
  #11483);
#11535 = PRESENTATION_STYLE_ASSIGNMENT((#11536));
#11536 = SURFACE_STYLE_USAGE(.BOTH.,#11537);
#11537 = SURFACE_SIDE_STYLE('',(#11538));
#11538 = SURFACE_STYLE_FILL_AREA(#11539);
#11539 = FILL_AREA_STYLE('',(#11540));
#11540 = FILL_AREA_STYLE_COLOUR('',#9662);
#11541 = OVER_RIDING_STYLED_ITEM('overriding color',(#11542),#1475,
  #11483);
#11542 = PRESENTATION_STYLE_ASSIGNMENT((#11543));
#11543 = SURFACE_STYLE_USAGE(.BOTH.,#11544);
#11544 = SURFACE_SIDE_STYLE('',(#11545));
#11545 = SURFACE_STYLE_FILL_AREA(#11546);
#11546 = FILL_AREA_STYLE('',(#11547));
#11547 = FILL_AREA_STYLE_COLOUR('',#9662);
#11548 = OVER_RIDING_STYLED_ITEM('overriding color',(#11549),#1508,
  #11483);
#11549 = PRESENTATION_STYLE_ASSIGNMENT((#11550));
#11550 = SURFACE_STYLE_USAGE(.BOTH.,#11551);
#11551 = SURFACE_SIDE_STYLE('',(#11552));
#11552 = SURFACE_STYLE_FILL_AREA(#11553);
#11553 = FILL_AREA_STYLE('',(#11554));
#11554 = FILL_AREA_STYLE_COLOUR('',#9662);
#11555 = OVER_RIDING_STYLED_ITEM('overriding color',(#11556),#1539,
  #11483);
#11556 = PRESENTATION_STYLE_ASSIGNMENT((#11557));
#11557 = SURFACE_STYLE_USAGE(.BOTH.,#11558);
#11558 = SURFACE_SIDE_STYLE('',(#11559));
#11559 = SURFACE_STYLE_FILL_AREA(#11560);
#11560 = FILL_AREA_STYLE('',(#11561));
#11561 = FILL_AREA_STYLE_COLOUR('',#9662);
#11562 = OVER_RIDING_STYLED_ITEM('overriding color',(#11563),#1572,
  #11483);
#11563 = PRESENTATION_STYLE_ASSIGNMENT((#11564));
#11564 = SURFACE_STYLE_USAGE(.BOTH.,#11565);
#11565 = SURFACE_SIDE_STYLE('',(#11566));
#11566 = SURFACE_STYLE_FILL_AREA(#11567);
#11567 = FILL_AREA_STYLE('',(#11568));
#11568 = FILL_AREA_STYLE_COLOUR('',#9662);
#11569 = OVER_RIDING_STYLED_ITEM('overriding color',(#11570),#1594,
  #11483);
#11570 = PRESENTATION_STYLE_ASSIGNMENT((#11571));
#11571 = SURFACE_STYLE_USAGE(.BOTH.,#11572);
#11572 = SURFACE_SIDE_STYLE('',(#11573));
#11573 = SURFACE_STYLE_FILL_AREA(#11574);
#11574 = FILL_AREA_STYLE('',(#11575));
#11575 = FILL_AREA_STYLE_COLOUR('',#9662);
#11576 = OVER_RIDING_STYLED_ITEM('overriding color',(#11577),#1613,
  #11483);
#11577 = PRESENTATION_STYLE_ASSIGNMENT((#11578));
#11578 = SURFACE_STYLE_USAGE(.BOTH.,#11579);
#11579 = SURFACE_SIDE_STYLE('',(#11580));
#11580 = SURFACE_STYLE_FILL_AREA(#11581);
#11581 = FILL_AREA_STYLE('',(#11582));
#11582 = FILL_AREA_STYLE_COLOUR('',#9662);
#11583 = STYLED_ITEM('color',(#11584),#1632);
#11584 = PRESENTATION_STYLE_ASSIGNMENT((#11585,#11590));
#11585 = SURFACE_STYLE_USAGE(.BOTH.,#11586);
#11586 = SURFACE_SIDE_STYLE('',(#11587));
#11587 = SURFACE_STYLE_FILL_AREA(#11588);
#11588 = FILL_AREA_STYLE('',(#11589));
#11589 = FILL_AREA_STYLE_COLOUR('',#11188);
#11590 = CURVE_STYLE('',#11591,POSITIVE_LENGTH_MEASURE(0.1),#11191);
#11591 = DRAUGHTING_PRE_DEFINED_CURVE_FONT('continuous');
#11592 = OVER_RIDING_STYLED_ITEM('overriding color',(#11593),#1634,
  #11583);
#11593 = PRESENTATION_STYLE_ASSIGNMENT((#11594));
#11594 = SURFACE_STYLE_USAGE(.BOTH.,#11595);
#11595 = SURFACE_SIDE_STYLE('',(#11596));
#11596 = SURFACE_STYLE_FILL_AREA(#11597);
#11597 = FILL_AREA_STYLE('',(#11598));
#11598 = FILL_AREA_STYLE_COLOUR('',#11599);
#11599 = COLOUR_RGB('',0.272999999305,0.272999999305,0.272999999305);
#11600 = OVER_RIDING_STYLED_ITEM('overriding color',(#11601),#1667,
  #11583);
#11601 = PRESENTATION_STYLE_ASSIGNMENT((#11602));
#11602 = SURFACE_STYLE_USAGE(.BOTH.,#11603);
#11603 = SURFACE_SIDE_STYLE('',(#11604));
#11604 = SURFACE_STYLE_FILL_AREA(#11605);
#11605 = FILL_AREA_STYLE('',(#11606));
#11606 = FILL_AREA_STYLE_COLOUR('',#11599);
#11607 = OVER_RIDING_STYLED_ITEM('overriding color',(#11608),#1700,
  #11583);
#11608 = PRESENTATION_STYLE_ASSIGNMENT((#11609));
#11609 = SURFACE_STYLE_USAGE(.BOTH.,#11610);
#11610 = SURFACE_SIDE_STYLE('',(#11611));
#11611 = SURFACE_STYLE_FILL_AREA(#11612);
#11612 = FILL_AREA_STYLE('',(#11613));
#11613 = FILL_AREA_STYLE_COLOUR('',#11599);
#11614 = OVER_RIDING_STYLED_ITEM('overriding color',(#11615),#1709,
  #11583);
#11615 = PRESENTATION_STYLE_ASSIGNMENT((#11616));
#11616 = SURFACE_STYLE_USAGE(.BOTH.,#11617);
#11617 = SURFACE_SIDE_STYLE('',(#11618));
#11618 = SURFACE_STYLE_FILL_AREA(#11619);
#11619 = FILL_AREA_STYLE('',(#11620));
#11620 = FILL_AREA_STYLE_COLOUR('',#11599);
#11621 = STYLED_ITEM('color',(#11622),#1718);
#11622 = PRESENTATION_STYLE_ASSIGNMENT((#11623,#11628));
#11623 = SURFACE_STYLE_USAGE(.BOTH.,#11624);
#11624 = SURFACE_SIDE_STYLE('',(#11625));
#11625 = SURFACE_STYLE_FILL_AREA(#11626);
#11626 = FILL_AREA_STYLE('',(#11627));
#11627 = FILL_AREA_STYLE_COLOUR('',#11188);
#11628 = CURVE_STYLE('',#11629,POSITIVE_LENGTH_MEASURE(0.1),#11191);
#11629 = DRAUGHTING_PRE_DEFINED_CURVE_FONT('continuous');
#11630 = OVER_RIDING_STYLED_ITEM('overriding color',(#11631),#1720,
  #11621);
#11631 = PRESENTATION_STYLE_ASSIGNMENT((#11632));
#11632 = SURFACE_STYLE_USAGE(.BOTH.,#11633);
#11633 = SURFACE_SIDE_STYLE('',(#11634));
#11634 = SURFACE_STYLE_FILL_AREA(#11635);
#11635 = FILL_AREA_STYLE('',(#11636));
#11636 = FILL_AREA_STYLE_COLOUR('',#11599);
#11637 = OVER_RIDING_STYLED_ITEM('overriding color',(#11638),#1792,
  #11621);
#11638 = PRESENTATION_STYLE_ASSIGNMENT((#11639));
#11639 = SURFACE_STYLE_USAGE(.BOTH.,#11640);
#11640 = SURFACE_SIDE_STYLE('',(#11641));
#11641 = SURFACE_STYLE_FILL_AREA(#11642);
#11642 = FILL_AREA_STYLE('',(#11643));
#11643 = FILL_AREA_STYLE_COLOUR('',#11599);
#11644 = OVER_RIDING_STYLED_ITEM('overriding color',(#11645),#1832,
  #11621);
#11645 = PRESENTATION_STYLE_ASSIGNMENT((#11646));
#11646 = SURFACE_STYLE_USAGE(.BOTH.,#11647);
#11647 = SURFACE_SIDE_STYLE('',(#11648));
#11648 = SURFACE_STYLE_FILL_AREA(#11649);
#11649 = FILL_AREA_STYLE('',(#11650));
#11650 = FILL_AREA_STYLE_COLOUR('',#11599);
#11651 = OVER_RIDING_STYLED_ITEM('overriding color',(#11652),#1856,
  #11621);
#11652 = PRESENTATION_STYLE_ASSIGNMENT((#11653));
#11653 = SURFACE_STYLE_USAGE(.BOTH.,#11654);
#11654 = SURFACE_SIDE_STYLE('',(#11655));
#11655 = SURFACE_STYLE_FILL_AREA(#11656);
#11656 = FILL_AREA_STYLE('',(#11657));
#11657 = FILL_AREA_STYLE_COLOUR('',#11599);
#11658 = OVER_RIDING_STYLED_ITEM('overriding color',(#11659),#1944,
  #11621);
#11659 = PRESENTATION_STYLE_ASSIGNMENT((#11660));
#11660 = SURFACE_STYLE_USAGE(.BOTH.,#11661);
#11661 = SURFACE_SIDE_STYLE('',(#11662));
#11662 = SURFACE_STYLE_FILL_AREA(#11663);
#11663 = FILL_AREA_STYLE('',(#11664));
#11664 = FILL_AREA_STYLE_COLOUR('',#11599);
#11665 = OVER_RIDING_STYLED_ITEM('overriding color',(#11666),#1968,
  #11621);
#11666 = PRESENTATION_STYLE_ASSIGNMENT((#11667));
#11667 = SURFACE_STYLE_USAGE(.BOTH.,#11668);
#11668 = SURFACE_SIDE_STYLE('',(#11669));
#11669 = SURFACE_STYLE_FILL_AREA(#11670);
#11670 = FILL_AREA_STYLE('',(#11671));
#11671 = FILL_AREA_STYLE_COLOUR('',#11599);
#11672 = OVER_RIDING_STYLED_ITEM('overriding color',(#11673),#2001,
  #11621);
#11673 = PRESENTATION_STYLE_ASSIGNMENT((#11674));
#11674 = SURFACE_STYLE_USAGE(.BOTH.,#11675);
#11675 = SURFACE_SIDE_STYLE('',(#11676));
#11676 = SURFACE_STYLE_FILL_AREA(#11677);
#11677 = FILL_AREA_STYLE('',(#11678));
#11678 = FILL_AREA_STYLE_COLOUR('',#11599);
#11679 = OVER_RIDING_STYLED_ITEM('overriding color',(#11680),#2026,
  #11621);
#11680 = PRESENTATION_STYLE_ASSIGNMENT((#11681));
#11681 = SURFACE_STYLE_USAGE(.BOTH.,#11682);
#11682 = SURFACE_SIDE_STYLE('',(#11683));
#11683 = SURFACE_STYLE_FILL_AREA(#11684);
#11684 = FILL_AREA_STYLE('',(#11685));
#11685 = FILL_AREA_STYLE_COLOUR('',#11599);
#11686 = OVER_RIDING_STYLED_ITEM('overriding color',(#11687),#2085,
  #11621);
#11687 = PRESENTATION_STYLE_ASSIGNMENT((#11688));
#11688 = SURFACE_STYLE_USAGE(.BOTH.,#11689);
#11689 = SURFACE_SIDE_STYLE('',(#11690));
#11690 = SURFACE_STYLE_FILL_AREA(#11691);
#11691 = FILL_AREA_STYLE('',(#11692));
#11692 = FILL_AREA_STYLE_COLOUR('',#11599);
#11693 = OVER_RIDING_STYLED_ITEM('overriding color',(#11694),#2102,
  #11621);
#11694 = PRESENTATION_STYLE_ASSIGNMENT((#11695));
#11695 = SURFACE_STYLE_USAGE(.BOTH.,#11696);
#11696 = SURFACE_SIDE_STYLE('',(#11697));
#11697 = SURFACE_STYLE_FILL_AREA(#11698);
#11698 = FILL_AREA_STYLE('',(#11699));
#11699 = FILL_AREA_STYLE_COLOUR('',#11599);
#11700 = OVER_RIDING_STYLED_ITEM('overriding color',(#11701),#2119,
  #11621);
#11701 = PRESENTATION_STYLE_ASSIGNMENT((#11702));
#11702 = SURFACE_STYLE_USAGE(.BOTH.,#11703);
#11703 = SURFACE_SIDE_STYLE('',(#11704));
#11704 = SURFACE_STYLE_FILL_AREA(#11705);
#11705 = FILL_AREA_STYLE('',(#11706));
#11706 = FILL_AREA_STYLE_COLOUR('',#11599);
#11707 = OVER_RIDING_STYLED_ITEM('overriding color',(#11708),#2154,
  #11621);
#11708 = PRESENTATION_STYLE_ASSIGNMENT((#11709));
#11709 = SURFACE_STYLE_USAGE(.BOTH.,#11710);
#11710 = SURFACE_SIDE_STYLE('',(#11711));
#11711 = SURFACE_STYLE_FILL_AREA(#11712);
#11712 = FILL_AREA_STYLE('',(#11713));
#11713 = FILL_AREA_STYLE_COLOUR('',#11599);
#11714 = OVER_RIDING_STYLED_ITEM('overriding color',(#11715),#2171,
  #11621);
#11715 = PRESENTATION_STYLE_ASSIGNMENT((#11716));
#11716 = SURFACE_STYLE_USAGE(.BOTH.,#11717);
#11717 = SURFACE_SIDE_STYLE('',(#11718));
#11718 = SURFACE_STYLE_FILL_AREA(#11719);
#11719 = FILL_AREA_STYLE('',(#11720));
#11720 = FILL_AREA_STYLE_COLOUR('',#11599);
#11721 = OVER_RIDING_STYLED_ITEM('overriding color',(#11722),#2206,
  #11621);
#11722 = PRESENTATION_STYLE_ASSIGNMENT((#11723));
#11723 = SURFACE_STYLE_USAGE(.BOTH.,#11724);
#11724 = SURFACE_SIDE_STYLE('',(#11725));
#11725 = SURFACE_STYLE_FILL_AREA(#11726);
#11726 = FILL_AREA_STYLE('',(#11727));
#11727 = FILL_AREA_STYLE_COLOUR('',#11599);
#11728 = OVER_RIDING_STYLED_ITEM('overriding color',(#11729),#2230,
  #11621);
#11729 = PRESENTATION_STYLE_ASSIGNMENT((#11730));
#11730 = SURFACE_STYLE_USAGE(.BOTH.,#11731);
#11731 = SURFACE_SIDE_STYLE('',(#11732));
#11732 = SURFACE_STYLE_FILL_AREA(#11733);
#11733 = FILL_AREA_STYLE('',(#11734));
#11734 = FILL_AREA_STYLE_COLOUR('',#11599);
#11735 = OVER_RIDING_STYLED_ITEM('overriding color',(#11736),#2254,
  #11621);
#11736 = PRESENTATION_STYLE_ASSIGNMENT((#11737));
#11737 = SURFACE_STYLE_USAGE(.BOTH.,#11738);
#11738 = SURFACE_SIDE_STYLE('',(#11739));
#11739 = SURFACE_STYLE_FILL_AREA(#11740);
#11740 = FILL_AREA_STYLE('',(#11741));
#11741 = FILL_AREA_STYLE_COLOUR('',#11599);
#11742 = OVER_RIDING_STYLED_ITEM('overriding color',(#11743),#2301,
  #11621);
#11743 = PRESENTATION_STYLE_ASSIGNMENT((#11744));
#11744 = SURFACE_STYLE_USAGE(.BOTH.,#11745);
#11745 = SURFACE_SIDE_STYLE('',(#11746));
#11746 = SURFACE_STYLE_FILL_AREA(#11747);
#11747 = FILL_AREA_STYLE('',(#11748));
#11748 = FILL_AREA_STYLE_COLOUR('',#11599);
#11749 = OVER_RIDING_STYLED_ITEM('overriding color',(#11750),#2325,
  #11621);
#11750 = PRESENTATION_STYLE_ASSIGNMENT((#11751));
#11751 = SURFACE_STYLE_USAGE(.BOTH.,#11752);
#11752 = SURFACE_SIDE_STYLE('',(#11753));
#11753 = SURFACE_STYLE_FILL_AREA(#11754);
#11754 = FILL_AREA_STYLE('',(#11755));
#11755 = FILL_AREA_STYLE_COLOUR('',#11599);
#11756 = OVER_RIDING_STYLED_ITEM('overriding color',(#11757),#2342,
  #11621);
#11757 = PRESENTATION_STYLE_ASSIGNMENT((#11758));
#11758 = SURFACE_STYLE_USAGE(.BOTH.,#11759);
#11759 = SURFACE_SIDE_STYLE('',(#11760));
#11760 = SURFACE_STYLE_FILL_AREA(#11761);
#11761 = FILL_AREA_STYLE('',(#11762));
#11762 = FILL_AREA_STYLE_COLOUR('',#11599);
#11763 = OVER_RIDING_STYLED_ITEM('overriding color',(#11764),#2360,
  #11621);
#11764 = PRESENTATION_STYLE_ASSIGNMENT((#11765));
#11765 = SURFACE_STYLE_USAGE(.BOTH.,#11766);
#11766 = SURFACE_SIDE_STYLE('',(#11767));
#11767 = SURFACE_STYLE_FILL_AREA(#11768);
#11768 = FILL_AREA_STYLE('',(#11769));
#11769 = FILL_AREA_STYLE_COLOUR('',#11599);
#11770 = OVER_RIDING_STYLED_ITEM('overriding color',(#11771),#2378,
  #11621);
#11771 = PRESENTATION_STYLE_ASSIGNMENT((#11772));
#11772 = SURFACE_STYLE_USAGE(.BOTH.,#11773);
#11773 = SURFACE_SIDE_STYLE('',(#11774));
#11774 = SURFACE_STYLE_FILL_AREA(#11775);
#11775 = FILL_AREA_STYLE('',(#11776));
#11776 = FILL_AREA_STYLE_COLOUR('',#11599);
#11777 = OVER_RIDING_STYLED_ITEM('overriding color',(#11778),#2391,
  #11621);
#11778 = PRESENTATION_STYLE_ASSIGNMENT((#11779));
#11779 = SURFACE_STYLE_USAGE(.BOTH.,#11780);
#11780 = SURFACE_SIDE_STYLE('',(#11781));
#11781 = SURFACE_STYLE_FILL_AREA(#11782);
#11782 = FILL_AREA_STYLE('',(#11783));
#11783 = FILL_AREA_STYLE_COLOUR('',#11599);
#11784 = STYLED_ITEM('color',(#11785),#2404);
#11785 = PRESENTATION_STYLE_ASSIGNMENT((#11786,#11791));
#11786 = SURFACE_STYLE_USAGE(.BOTH.,#11787);
#11787 = SURFACE_SIDE_STYLE('',(#11788));
#11788 = SURFACE_STYLE_FILL_AREA(#11789);
#11789 = FILL_AREA_STYLE('',(#11790));
#11790 = FILL_AREA_STYLE_COLOUR('',#11188);
#11791 = CURVE_STYLE('',#11792,POSITIVE_LENGTH_MEASURE(0.1),#11191);
#11792 = DRAUGHTING_PRE_DEFINED_CURVE_FONT('continuous');
#11793 = OVER_RIDING_STYLED_ITEM('overriding color',(#11794),#2406,
  #11784);
#11794 = PRESENTATION_STYLE_ASSIGNMENT((#11795));
#11795 = SURFACE_STYLE_USAGE(.BOTH.,#11796);
#11796 = SURFACE_SIDE_STYLE('',(#11797));
#11797 = SURFACE_STYLE_FILL_AREA(#11798);
#11798 = FILL_AREA_STYLE('',(#11799));
#11799 = FILL_AREA_STYLE_COLOUR('',#9662);
#11800 = OVER_RIDING_STYLED_ITEM('overriding color',(#11801),#2446,
  #11784);
#11801 = PRESENTATION_STYLE_ASSIGNMENT((#11802));
#11802 = SURFACE_STYLE_USAGE(.BOTH.,#11803);
#11803 = SURFACE_SIDE_STYLE('',(#11804));
#11804 = SURFACE_STYLE_FILL_AREA(#11805);
#11805 = FILL_AREA_STYLE('',(#11806));
#11806 = FILL_AREA_STYLE_COLOUR('',#9662);
#11807 = OVER_RIDING_STYLED_ITEM('overriding color',(#11808),#2479,
  #11784);
#11808 = PRESENTATION_STYLE_ASSIGNMENT((#11809));
#11809 = SURFACE_STYLE_USAGE(.BOTH.,#11810);
#11810 = SURFACE_SIDE_STYLE('',(#11811));
#11811 = SURFACE_STYLE_FILL_AREA(#11812);
#11812 = FILL_AREA_STYLE('',(#11813));
#11813 = FILL_AREA_STYLE_COLOUR('',#9662);
#11814 = OVER_RIDING_STYLED_ITEM('overriding color',(#11815),#2510,
  #11784);
#11815 = PRESENTATION_STYLE_ASSIGNMENT((#11816));
#11816 = SURFACE_STYLE_USAGE(.BOTH.,#11817);
#11817 = SURFACE_SIDE_STYLE('',(#11818));
#11818 = SURFACE_STYLE_FILL_AREA(#11819);
#11819 = FILL_AREA_STYLE('',(#11820));
#11820 = FILL_AREA_STYLE_COLOUR('',#9662);
#11821 = OVER_RIDING_STYLED_ITEM('overriding color',(#11822),#2541,
  #11784);
#11822 = PRESENTATION_STYLE_ASSIGNMENT((#11823));
#11823 = SURFACE_STYLE_USAGE(.BOTH.,#11824);
#11824 = SURFACE_SIDE_STYLE('',(#11825));
#11825 = SURFACE_STYLE_FILL_AREA(#11826);
#11826 = FILL_AREA_STYLE('',(#11827));
#11827 = FILL_AREA_STYLE_COLOUR('',#9662);
#11828 = OVER_RIDING_STYLED_ITEM('overriding color',(#11829),#2572,
  #11784);
#11829 = PRESENTATION_STYLE_ASSIGNMENT((#11830));
#11830 = SURFACE_STYLE_USAGE(.BOTH.,#11831);
#11831 = SURFACE_SIDE_STYLE('',(#11832));
#11832 = SURFACE_STYLE_FILL_AREA(#11833);
#11833 = FILL_AREA_STYLE('',(#11834));
#11834 = FILL_AREA_STYLE_COLOUR('',#9662);
#11835 = OVER_RIDING_STYLED_ITEM('overriding color',(#11836),#2603,
  #11784);
#11836 = PRESENTATION_STYLE_ASSIGNMENT((#11837));
#11837 = SURFACE_STYLE_USAGE(.BOTH.,#11838);
#11838 = SURFACE_SIDE_STYLE('',(#11839));
#11839 = SURFACE_STYLE_FILL_AREA(#11840);
#11840 = FILL_AREA_STYLE('',(#11841));
#11841 = FILL_AREA_STYLE_COLOUR('',#9662);
#11842 = OVER_RIDING_STYLED_ITEM('overriding color',(#11843),#2634,
  #11784);
#11843 = PRESENTATION_STYLE_ASSIGNMENT((#11844));
#11844 = SURFACE_STYLE_USAGE(.BOTH.,#11845);
#11845 = SURFACE_SIDE_STYLE('',(#11846));
#11846 = SURFACE_STYLE_FILL_AREA(#11847);
#11847 = FILL_AREA_STYLE('',(#11848));
#11848 = FILL_AREA_STYLE_COLOUR('',#9662);
#11849 = OVER_RIDING_STYLED_ITEM('overriding color',(#11850),#2667,
  #11784);
#11850 = PRESENTATION_STYLE_ASSIGNMENT((#11851));
#11851 = SURFACE_STYLE_USAGE(.BOTH.,#11852);
#11852 = SURFACE_SIDE_STYLE('',(#11853));
#11853 = SURFACE_STYLE_FILL_AREA(#11854);
#11854 = FILL_AREA_STYLE('',(#11855));
#11855 = FILL_AREA_STYLE_COLOUR('',#9662);
#11856 = OVER_RIDING_STYLED_ITEM('overriding color',(#11857),#2698,
  #11784);
#11857 = PRESENTATION_STYLE_ASSIGNMENT((#11858));
#11858 = SURFACE_STYLE_USAGE(.BOTH.,#11859);
#11859 = SURFACE_SIDE_STYLE('',(#11860));
#11860 = SURFACE_STYLE_FILL_AREA(#11861);
#11861 = FILL_AREA_STYLE('',(#11862));
#11862 = FILL_AREA_STYLE_COLOUR('',#9662);
#11863 = OVER_RIDING_STYLED_ITEM('overriding color',(#11864),#2729,
  #11784);
#11864 = PRESENTATION_STYLE_ASSIGNMENT((#11865));
#11865 = SURFACE_STYLE_USAGE(.BOTH.,#11866);
#11866 = SURFACE_SIDE_STYLE('',(#11867));
#11867 = SURFACE_STYLE_FILL_AREA(#11868);
#11868 = FILL_AREA_STYLE('',(#11869));
#11869 = FILL_AREA_STYLE_COLOUR('',#9662);
#11870 = OVER_RIDING_STYLED_ITEM('overriding color',(#11871),#2760,
  #11784);
#11871 = PRESENTATION_STYLE_ASSIGNMENT((#11872));
#11872 = SURFACE_STYLE_USAGE(.BOTH.,#11873);
#11873 = SURFACE_SIDE_STYLE('',(#11874));
#11874 = SURFACE_STYLE_FILL_AREA(#11875);
#11875 = FILL_AREA_STYLE('',(#11876));
#11876 = FILL_AREA_STYLE_COLOUR('',#9662);
#11877 = OVER_RIDING_STYLED_ITEM('overriding color',(#11878),#2791,
  #11784);
#11878 = PRESENTATION_STYLE_ASSIGNMENT((#11879));
#11879 = SURFACE_STYLE_USAGE(.BOTH.,#11880);
#11880 = SURFACE_SIDE_STYLE('',(#11881));
#11881 = SURFACE_STYLE_FILL_AREA(#11882);
#11882 = FILL_AREA_STYLE('',(#11883));
#11883 = FILL_AREA_STYLE_COLOUR('',#9662);
#11884 = OVER_RIDING_STYLED_ITEM('overriding color',(#11885),#2822,
  #11784);
#11885 = PRESENTATION_STYLE_ASSIGNMENT((#11886));
#11886 = SURFACE_STYLE_USAGE(.BOTH.,#11887);
#11887 = SURFACE_SIDE_STYLE('',(#11888));
#11888 = SURFACE_STYLE_FILL_AREA(#11889);
#11889 = FILL_AREA_STYLE('',(#11890));
#11890 = FILL_AREA_STYLE_COLOUR('',#9662);
#11891 = OVER_RIDING_STYLED_ITEM('overriding color',(#11892),#2855,
  #11784);
#11892 = PRESENTATION_STYLE_ASSIGNMENT((#11893));
#11893 = SURFACE_STYLE_USAGE(.BOTH.,#11894);
#11894 = SURFACE_SIDE_STYLE('',(#11895));
#11895 = SURFACE_STYLE_FILL_AREA(#11896);
#11896 = FILL_AREA_STYLE('',(#11897));
#11897 = FILL_AREA_STYLE_COLOUR('',#9662);
#11898 = OVER_RIDING_STYLED_ITEM('overriding color',(#11899),#2886,
  #11784);
#11899 = PRESENTATION_STYLE_ASSIGNMENT((#11900));
#11900 = SURFACE_STYLE_USAGE(.BOTH.,#11901);
#11901 = SURFACE_SIDE_STYLE('',(#11902));
#11902 = SURFACE_STYLE_FILL_AREA(#11903);
#11903 = FILL_AREA_STYLE('',(#11904));
#11904 = FILL_AREA_STYLE_COLOUR('',#9662);
#11905 = OVER_RIDING_STYLED_ITEM('overriding color',(#11906),#2917,
  #11784);
#11906 = PRESENTATION_STYLE_ASSIGNMENT((#11907));
#11907 = SURFACE_STYLE_USAGE(.BOTH.,#11908);
#11908 = SURFACE_SIDE_STYLE('',(#11909));
#11909 = SURFACE_STYLE_FILL_AREA(#11910);
#11910 = FILL_AREA_STYLE('',(#11911));
#11911 = FILL_AREA_STYLE_COLOUR('',#9662);
#11912 = OVER_RIDING_STYLED_ITEM('overriding color',(#11913),#2948,
  #11784);
#11913 = PRESENTATION_STYLE_ASSIGNMENT((#11914));
#11914 = SURFACE_STYLE_USAGE(.BOTH.,#11915);
#11915 = SURFACE_SIDE_STYLE('',(#11916));
#11916 = SURFACE_STYLE_FILL_AREA(#11917);
#11917 = FILL_AREA_STYLE('',(#11918));
#11918 = FILL_AREA_STYLE_COLOUR('',#9662);
#11919 = OVER_RIDING_STYLED_ITEM('overriding color',(#11920),#2979,
  #11784);
#11920 = PRESENTATION_STYLE_ASSIGNMENT((#11921));
#11921 = SURFACE_STYLE_USAGE(.BOTH.,#11922);
#11922 = SURFACE_SIDE_STYLE('',(#11923));
#11923 = SURFACE_STYLE_FILL_AREA(#11924);
#11924 = FILL_AREA_STYLE('',(#11925));
#11925 = FILL_AREA_STYLE_COLOUR('',#9662);
#11926 = OVER_RIDING_STYLED_ITEM('overriding color',(#11927),#3010,
  #11784);
#11927 = PRESENTATION_STYLE_ASSIGNMENT((#11928));
#11928 = SURFACE_STYLE_USAGE(.BOTH.,#11929);
#11929 = SURFACE_SIDE_STYLE('',(#11930));
#11930 = SURFACE_STYLE_FILL_AREA(#11931);
#11931 = FILL_AREA_STYLE('',(#11932));
#11932 = FILL_AREA_STYLE_COLOUR('',#9662);
#11933 = OVER_RIDING_STYLED_ITEM('overriding color',(#11934),#3043,
  #11784);
#11934 = PRESENTATION_STYLE_ASSIGNMENT((#11935));
#11935 = SURFACE_STYLE_USAGE(.BOTH.,#11936);
#11936 = SURFACE_SIDE_STYLE('',(#11937));
#11937 = SURFACE_STYLE_FILL_AREA(#11938);
#11938 = FILL_AREA_STYLE('',(#11939));
#11939 = FILL_AREA_STYLE_COLOUR('',#9662);
#11940 = OVER_RIDING_STYLED_ITEM('overriding color',(#11941),#3074,
  #11784);
#11941 = PRESENTATION_STYLE_ASSIGNMENT((#11942));
#11942 = SURFACE_STYLE_USAGE(.BOTH.,#11943);
#11943 = SURFACE_SIDE_STYLE('',(#11944));
#11944 = SURFACE_STYLE_FILL_AREA(#11945);
#11945 = FILL_AREA_STYLE('',(#11946));
#11946 = FILL_AREA_STYLE_COLOUR('',#9662);
#11947 = OVER_RIDING_STYLED_ITEM('overriding color',(#11948),#3105,
  #11784);
#11948 = PRESENTATION_STYLE_ASSIGNMENT((#11949));
#11949 = SURFACE_STYLE_USAGE(.BOTH.,#11950);
#11950 = SURFACE_SIDE_STYLE('',(#11951));
#11951 = SURFACE_STYLE_FILL_AREA(#11952);
#11952 = FILL_AREA_STYLE('',(#11953));
#11953 = FILL_AREA_STYLE_COLOUR('',#9662);
#11954 = OVER_RIDING_STYLED_ITEM('overriding color',(#11955),#3136,
  #11784);
#11955 = PRESENTATION_STYLE_ASSIGNMENT((#11956));
#11956 = SURFACE_STYLE_USAGE(.BOTH.,#11957);
#11957 = SURFACE_SIDE_STYLE('',(#11958));
#11958 = SURFACE_STYLE_FILL_AREA(#11959);
#11959 = FILL_AREA_STYLE('',(#11960));
#11960 = FILL_AREA_STYLE_COLOUR('',#9662);
#11961 = OVER_RIDING_STYLED_ITEM('overriding color',(#11962),#3158,
  #11784);
#11962 = PRESENTATION_STYLE_ASSIGNMENT((#11963));
#11963 = SURFACE_STYLE_USAGE(.BOTH.,#11964);
#11964 = SURFACE_SIDE_STYLE('',(#11965));
#11965 = SURFACE_STYLE_FILL_AREA(#11966);
#11966 = FILL_AREA_STYLE('',(#11967));
#11967 = FILL_AREA_STYLE_COLOUR('',#9662);
#11968 = OVER_RIDING_STYLED_ITEM('overriding color',(#11969),#3191,
  #11784);
#11969 = PRESENTATION_STYLE_ASSIGNMENT((#11970));
#11970 = SURFACE_STYLE_USAGE(.BOTH.,#11971);
#11971 = SURFACE_SIDE_STYLE('',(#11972));
#11972 = SURFACE_STYLE_FILL_AREA(#11973);
#11973 = FILL_AREA_STYLE('',(#11974));
#11974 = FILL_AREA_STYLE_COLOUR('',#9662);
#11975 = OVER_RIDING_STYLED_ITEM('overriding color',(#11976),#3226,
  #11784);
#11976 = PRESENTATION_STYLE_ASSIGNMENT((#11977));
#11977 = SURFACE_STYLE_USAGE(.BOTH.,#11978);
#11978 = SURFACE_SIDE_STYLE('',(#11979));
#11979 = SURFACE_STYLE_FILL_AREA(#11980);
#11980 = FILL_AREA_STYLE('',(#11981));
#11981 = FILL_AREA_STYLE_COLOUR('',#9662);
#11982 = STYLED_ITEM('color',(#11983),#3261);
#11983 = PRESENTATION_STYLE_ASSIGNMENT((#11984,#11989));
#11984 = SURFACE_STYLE_USAGE(.BOTH.,#11985);
#11985 = SURFACE_SIDE_STYLE('',(#11986));
#11986 = SURFACE_STYLE_FILL_AREA(#11987);
#11987 = FILL_AREA_STYLE('',(#11988));
#11988 = FILL_AREA_STYLE_COLOUR('',#11188);
#11989 = CURVE_STYLE('',#11990,POSITIVE_LENGTH_MEASURE(0.1),#11191);
#11990 = DRAUGHTING_PRE_DEFINED_CURVE_FONT('continuous');
#11991 = OVER_RIDING_STYLED_ITEM('overriding color',(#11992),#3263,
  #11982);
#11992 = PRESENTATION_STYLE_ASSIGNMENT((#11993));
#11993 = SURFACE_STYLE_USAGE(.BOTH.,#11994);
#11994 = SURFACE_SIDE_STYLE('',(#11995));
#11995 = SURFACE_STYLE_FILL_AREA(#11996);
#11996 = FILL_AREA_STYLE('',(#11997));
#11997 = FILL_AREA_STYLE_COLOUR('',#9662);
#11998 = OVER_RIDING_STYLED_ITEM('overriding color',(#11999),#3296,
  #11982);
#11999 = PRESENTATION_STYLE_ASSIGNMENT((#12000));
#12000 = SURFACE_STYLE_USAGE(.BOTH.,#12001);
#12001 = SURFACE_SIDE_STYLE('',(#12002));
#12002 = SURFACE_STYLE_FILL_AREA(#12003);
#12003 = FILL_AREA_STYLE('',(#12004));
#12004 = FILL_AREA_STYLE_COLOUR('',#9662);
#12005 = OVER_RIDING_STYLED_ITEM('overriding color',(#12006),#3322,
  #11982);
#12006 = PRESENTATION_STYLE_ASSIGNMENT((#12007));
#12007 = SURFACE_STYLE_USAGE(.BOTH.,#12008);
#12008 = SURFACE_SIDE_STYLE('',(#12009));
#12009 = SURFACE_STYLE_FILL_AREA(#12010);
#12010 = FILL_AREA_STYLE('',(#12011));
#12011 = FILL_AREA_STYLE_COLOUR('',#9662);
#12012 = OVER_RIDING_STYLED_ITEM('overriding color',(#12013),#3331,
  #11982);
#12013 = PRESENTATION_STYLE_ASSIGNMENT((#12014));
#12014 = SURFACE_STYLE_USAGE(.BOTH.,#12015);
#12015 = SURFACE_SIDE_STYLE('',(#12016));
#12016 = SURFACE_STYLE_FILL_AREA(#12017);
#12017 = FILL_AREA_STYLE('',(#12018));
#12018 = FILL_AREA_STYLE_COLOUR('',#9662);
#12019 = STYLED_ITEM('color',(#12020),#3340);
#12020 = PRESENTATION_STYLE_ASSIGNMENT((#12021,#12026));
#12021 = SURFACE_STYLE_USAGE(.BOTH.,#12022);
#12022 = SURFACE_SIDE_STYLE('',(#12023));
#12023 = SURFACE_STYLE_FILL_AREA(#12024);
#12024 = FILL_AREA_STYLE('',(#12025));
#12025 = FILL_AREA_STYLE_COLOUR('',#11188);
#12026 = CURVE_STYLE('',#12027,POSITIVE_LENGTH_MEASURE(0.1),#11191);
#12027 = DRAUGHTING_PRE_DEFINED_CURVE_FONT('continuous');
#12028 = OVER_RIDING_STYLED_ITEM('overriding color',(#12029),#3342,
  #12019);
#12029 = PRESENTATION_STYLE_ASSIGNMENT((#12030));
#12030 = SURFACE_STYLE_USAGE(.BOTH.,#12031);
#12031 = SURFACE_SIDE_STYLE('',(#12032));
#12032 = SURFACE_STYLE_FILL_AREA(#12033);
#12033 = FILL_AREA_STYLE('',(#12034));
#12034 = FILL_AREA_STYLE_COLOUR('',#11599);
#12035 = OVER_RIDING_STYLED_ITEM('overriding color',(#12036),#3375,
  #12019);
#12036 = PRESENTATION_STYLE_ASSIGNMENT((#12037));
#12037 = SURFACE_STYLE_USAGE(.BOTH.,#12038);
#12038 = SURFACE_SIDE_STYLE('',(#12039));
#12039 = SURFACE_STYLE_FILL_AREA(#12040);
#12040 = FILL_AREA_STYLE('',(#12041));
#12041 = FILL_AREA_STYLE_COLOUR('',#11599);
#12042 = OVER_RIDING_STYLED_ITEM('overriding color',(#12043),#3408,
  #12019);
#12043 = PRESENTATION_STYLE_ASSIGNMENT((#12044));
#12044 = SURFACE_STYLE_USAGE(.BOTH.,#12045);
#12045 = SURFACE_SIDE_STYLE('',(#12046));
#12046 = SURFACE_STYLE_FILL_AREA(#12047);
#12047 = FILL_AREA_STYLE('',(#12048));
#12048 = FILL_AREA_STYLE_COLOUR('',#11599);
#12049 = OVER_RIDING_STYLED_ITEM('overriding color',(#12050),#3417,
  #12019);
#12050 = PRESENTATION_STYLE_ASSIGNMENT((#12051));
#12051 = SURFACE_STYLE_USAGE(.BOTH.,#12052);
#12052 = SURFACE_SIDE_STYLE('',(#12053));
#12053 = SURFACE_STYLE_FILL_AREA(#12054);
#12054 = FILL_AREA_STYLE('',(#12055));
#12055 = FILL_AREA_STYLE_COLOUR('',#11599);
#12056 = STYLED_ITEM('color',(#12057),#3426);
#12057 = PRESENTATION_STYLE_ASSIGNMENT((#12058,#12063));
#12058 = SURFACE_STYLE_USAGE(.BOTH.,#12059);
#12059 = SURFACE_SIDE_STYLE('',(#12060));
#12060 = SURFACE_STYLE_FILL_AREA(#12061);
#12061 = FILL_AREA_STYLE('',(#12062));
#12062 = FILL_AREA_STYLE_COLOUR('',#11188);
#12063 = CURVE_STYLE('',#12064,POSITIVE_LENGTH_MEASURE(0.1),#11191);
#12064 = DRAUGHTING_PRE_DEFINED_CURVE_FONT('continuous');
#12065 = OVER_RIDING_STYLED_ITEM('overriding color',(#12066),#3428,
  #12056);
#12066 = PRESENTATION_STYLE_ASSIGNMENT((#12067));
#12067 = SURFACE_STYLE_USAGE(.BOTH.,#12068);
#12068 = SURFACE_SIDE_STYLE('',(#12069));
#12069 = SURFACE_STYLE_FILL_AREA(#12070);
#12070 = FILL_AREA_STYLE('',(#12071));
#12071 = FILL_AREA_STYLE_COLOUR('',#11599);
#12072 = OVER_RIDING_STYLED_ITEM('overriding color',(#12073),#3461,
  #12056);
#12073 = PRESENTATION_STYLE_ASSIGNMENT((#12074));
#12074 = SURFACE_STYLE_USAGE(.BOTH.,#12075);
#12075 = SURFACE_SIDE_STYLE('',(#12076));
#12076 = SURFACE_STYLE_FILL_AREA(#12077);
#12077 = FILL_AREA_STYLE('',(#12078));
#12078 = FILL_AREA_STYLE_COLOUR('',#11599);
#12079 = OVER_RIDING_STYLED_ITEM('overriding color',(#12080),#3494,
  #12056);
#12080 = PRESENTATION_STYLE_ASSIGNMENT((#12081));
#12081 = SURFACE_STYLE_USAGE(.BOTH.,#12082);
#12082 = SURFACE_SIDE_STYLE('',(#12083));
#12083 = SURFACE_STYLE_FILL_AREA(#12084);
#12084 = FILL_AREA_STYLE('',(#12085));
#12085 = FILL_AREA_STYLE_COLOUR('',#11599);
#12086 = OVER_RIDING_STYLED_ITEM('overriding color',(#12087),#3503,
  #12056);
#12087 = PRESENTATION_STYLE_ASSIGNMENT((#12088));
#12088 = SURFACE_STYLE_USAGE(.BOTH.,#12089);
#12089 = SURFACE_SIDE_STYLE('',(#12090));
#12090 = SURFACE_STYLE_FILL_AREA(#12091);
#12091 = FILL_AREA_STYLE('',(#12092));
#12092 = FILL_AREA_STYLE_COLOUR('',#11599);
#12093 = STYLED_ITEM('color',(#12094),#3512);
#12094 = PRESENTATION_STYLE_ASSIGNMENT((#12095,#12100));
#12095 = SURFACE_STYLE_USAGE(.BOTH.,#12096);
#12096 = SURFACE_SIDE_STYLE('',(#12097));
#12097 = SURFACE_STYLE_FILL_AREA(#12098);
#12098 = FILL_AREA_STYLE('',(#12099));
#12099 = FILL_AREA_STYLE_COLOUR('',#11188);
#12100 = CURVE_STYLE('',#12101,POSITIVE_LENGTH_MEASURE(0.1),#11191);
#12101 = DRAUGHTING_PRE_DEFINED_CURVE_FONT('continuous');
#12102 = OVER_RIDING_STYLED_ITEM('overriding color',(#12103),#3514,
  #12093);
#12103 = PRESENTATION_STYLE_ASSIGNMENT((#12104));
#12104 = SURFACE_STYLE_USAGE(.BOTH.,#12105);
#12105 = SURFACE_SIDE_STYLE('',(#12106));
#12106 = SURFACE_STYLE_FILL_AREA(#12107);
#12107 = FILL_AREA_STYLE('',(#12108));
#12108 = FILL_AREA_STYLE_COLOUR('',#11599);
#12109 = OVER_RIDING_STYLED_ITEM('overriding color',(#12110),#3547,
  #12093);
#12110 = PRESENTATION_STYLE_ASSIGNMENT((#12111));
#12111 = SURFACE_STYLE_USAGE(.BOTH.,#12112);
#12112 = SURFACE_SIDE_STYLE('',(#12113));
#12113 = SURFACE_STYLE_FILL_AREA(#12114);
#12114 = FILL_AREA_STYLE('',(#12115));
#12115 = FILL_AREA_STYLE_COLOUR('',#11599);
#12116 = OVER_RIDING_STYLED_ITEM('overriding color',(#12117),#3580,
  #12093);
#12117 = PRESENTATION_STYLE_ASSIGNMENT((#12118));
#12118 = SURFACE_STYLE_USAGE(.BOTH.,#12119);
#12119 = SURFACE_SIDE_STYLE('',(#12120));
#12120 = SURFACE_STYLE_FILL_AREA(#12121);
#12121 = FILL_AREA_STYLE('',(#12122));
#12122 = FILL_AREA_STYLE_COLOUR('',#11599);
#12123 = OVER_RIDING_STYLED_ITEM('overriding color',(#12124),#3589,
  #12093);
#12124 = PRESENTATION_STYLE_ASSIGNMENT((#12125));
#12125 = SURFACE_STYLE_USAGE(.BOTH.,#12126);
#12126 = SURFACE_SIDE_STYLE('',(#12127));
#12127 = SURFACE_STYLE_FILL_AREA(#12128);
#12128 = FILL_AREA_STYLE('',(#12129));
#12129 = FILL_AREA_STYLE_COLOUR('',#11599);
#12130 = MECHANICAL_DESIGN_GEOMETRIC_PRESENTATION_REPRESENTATION('',(
    #12131),#9607);
#12131 = STYLED_ITEM('color',(#12132),#9028);
#12132 = PRESENTATION_STYLE_ASSIGNMENT((#12133));
#12133 = SURFACE_STYLE_USAGE(.BOTH.,#12134);
#12134 = SURFACE_SIDE_STYLE('',(#12135));
#12135 = SURFACE_STYLE_FILL_AREA(#12136);
#12136 = FILL_AREA_STYLE('',(#12137));
#12137 = FILL_AREA_STYLE_COLOUR('',#12138);
#12138 = COLOUR_RGB('',0.313304153717,0.484529207832,0.410020903123);
ENDSEC;
END-ISO-10303-21;
